CONFIG 2026-04-18 08:35:43,502 [main][Log4J2Logger.java:215] : Logging policy: Log4J2
CONFIG 2026-04-18 08:35:43,807 [main][Log4J2Logger.java:189] : Factory implementations for category GridCoverageFactory:
  org.geotools.coverage.grid.GridCoverageFactory
CONFIG 2026-04-18 08:35:46,393 [main][Log4J2Logger.java:189] : Factory implementations for category FilterFactory:
  org.geotools.filter.FilterFactoryImpl
CONFIG 2026-04-18 08:35:46,419 [main][Log4J2Logger.java:189] : Factory implementations for category StyleFactory:
  org.geotools.styling.StyleFactoryImpl
CONFIG 2026-04-18 08:35:46,432 [main][Log4J2Logger.java:189] : Factory implementations for category FeatureFactory:
  org.geotools.feature.LenientFeatureFactoryImpl
  org.geotools.feature.ValidatingFeatureFactoryImpl
DEBUG 2026-04-18 08:35:46,808 [main][Log4J2Logger.java:220] : Extension lookup 'XStreamPersisterInitializer', prior to bean geoserverExtensions initialisation.
DEBUG 2026-04-18 08:35:46,809 [main][Log4J2Logger.java:220] : Extension lookup 'ExtensionFilter', prior to bean geoserverExtensions initialisation.
DEBUG 2026-04-18 08:35:46,811 [main][Log4J2Logger.java:220] : Extension lookup 'ExtensionProvider', but provided ApplicationContext is unset.
DEBUG 2026-04-18 08:35:46,812 [main][Log4J2Logger.java:220] : Extension lookup 'ExtensionFilter', but provided ApplicationContext is unset.
DEBUG 2026-04-18 08:35:46,901 [main][Log4J2Logger.java:220] : CONFIGURING GEOSERVER LOGGING -------------------------
18 Apr 08:35:47 CONFIG [geoserver.logging] - Log4j 2 configuration set to DEFAULT_LOGGING.xml
18 Apr 08:35:54 CONFIG [org.geoserver] - GeoServer configuration lock is enabled
18 Apr 08:35:54 CONFIG [org.geoserver] - Loading catalog /opt/geoserver/data_dir
18 Apr 08:35:54 WARN   [org.geoserver] - No 'workspaces' directory found, unable to load any stores.
18 Apr 08:35:54 CONFIG [org.geoserver] - Read catalog in 15.06 ms
18 Apr 08:35:55 CONFIG [org.geoserver] - Loaded service 'WFSInfoImpl-29798b16:19d9fbb716e:-7ffb', enabled
18 Apr 08:35:55 CONFIG [org.geoserver] - Loaded service 'csw', enabled
18 Apr 08:35:55 CONFIG [org.geoserver] - Loaded service 'WMSInfoImpl-29798b16:19d9fbb716e:-7ffa', enabled
18 Apr 08:35:55 CONFIG [org.geoserver] - Loaded service 'WPSInfoImpl-29798b16:19d9fbb716e:-7ff9', enabled
18 Apr 08:35:55 CONFIG [org.geoserver] - Loaded service 'WMTSInfoImpl-29798b16:19d9fbb716e:-7ff8', enabled
18 Apr 08:35:55 CONFIG [org.geoserver] - Loaded service 'WCSInfoImpl-29798b16:19d9fbb716e:-7ff7', enabled
18 Apr 08:35:55 CONFIG [gwc.config] - Will look for 'geowebcache.xml' in directory '/opt/geoserver/data_dir/gwc'.
18 Apr 08:35:55 CONFIG [gwc.config] - Create configuration file '/opt/geoserver/data_dir/gwc/geowebcache.xml' from template jar:file:/usr/local/tomcat/webapps/geoserver/WEB-INF/lib/gwc-core-1.24.2.jar!/geowebcache_empty.xml
18 Apr 08:35:55 WARN   [config.XMLConfiguration] - GWC configuration validation error: cvc-elt.1.a: Cannot find the declaration of element 'gwcConfiguration'.
18 Apr 08:35:55 WARN   [config.XMLConfiguration] - Will try to use configuration anyway. Please check the order of declared elements against the schema.
18 Apr 08:35:55 CONFIG [config.XMLConfiguration] - Initializing GridSets from /opt/geoserver/data_dir/gwc
18 Apr 08:35:55 CONFIG [config.XMLConfiguration] - Initializing layers from /opt/geoserver/data_dir/gwc
18 Apr 08:35:56 CONFIG [gwc.layer] - Initializing GWC configuration based on GeoServer's Catalog
18 Apr 08:35:56 CONFIG [gwc.layer] - GeoServer TileLayer store base directory is: gwc-layers
18 Apr 08:35:56 CONFIG [gwc.layer] - Loading tile layers from gwc-layers
18 Apr 08:35:56 CONFIG [gwc.layer] - Loaded 0 tile layers in 11.74 ms
18 Apr 08:35:56 CONFIG [storage.BlobStoreAggregator] - BlobStoreConfiguration /opt/geoserver/data_dir/gwc contained no blob store infos.
18 Apr 08:35:56 CONFIG [storage.DefaultStorageFinder] - Found system environment variableGEOWEBCACHE_CACHE_DIR set to /opt/geoserver/data_dir/gwc, using it as the default prefix.
18 Apr 08:35:56 CONFIG [gwc.config] - Initializing GeoServer specific GWC configuration from gwc-gs.xml
18 Apr 08:35:56 WARN   [turbojpeg.TurboJPEGMapResponse] - The turbo jpeg encoder is available for usage
18 Apr 08:35:57 INFO   [flow.config] - Loaded control-flow rule: ows.global=100
18 Apr 08:35:57 INFO   [flow.config] - Loaded control-flow rule: ows.wms.getmap=10
18 Apr 08:35:57 INFO   [flow.config] - Loaded control-flow rule: ows.wfs.getfeature.application/msexcel=4
18 Apr 08:35:57 INFO   [flow.config] - Loaded control-flow rule: user=6
18 Apr 08:35:57 INFO   [flow.config] - Loaded control-flow rule: ows.gwc=16
18 Apr 08:35:57 INFO   [flow.config] - Loaded control-flow rule: user.ows.wps.execute=1000/d;30s
18 Apr 08:35:57 CONFIG [geoserver.flow] - Control-flow active with 6 flow controllers
18 Apr 08:36:08 WARN   [gce.imagemosaic] - Unable to set ordering between tiff readers spi
18 Apr 08:36:10 CONFIG [gwc.config] - Will look for 'geowebcache-diskquota.xml' in directory '/opt/geoserver/data_dir/gwc'.
18 Apr 08:36:10 CONFIG [gwc.config] - Will look for 'geowebcache-diskquota-jdbc.xml' in directory '/opt/geoserver/data_dir/gwc'.
18 Apr 08:36:10 CONFIG [diskquota.ConfigLoader] - Quota config is: /opt/geoserver/data_dir/gwc/geowebcache-diskquota.xml
18 Apr 08:36:10 CONFIG [diskquota.ConfigLoader] - Quota config is: /opt/geoserver/data_dir/gwc/geowebcache-diskquota.xml
18 Apr 08:36:10 INFO   [geoserver.monitor] - Monitor extension enabled
18 Apr 08:36:11 CONFIG [geoserver.wps] - Found 5 bindable processes in GeoServer specific processes
18 Apr 08:36:11 CONFIG [geoserver.wps] - Found 89 bindable processes in Deprecated processes
18 Apr 08:36:11 CONFIG [geoserver.wps] - Blacklisting process ras:ConvolveCoverage as the input kernel of type class javax.media.jai.KernelJAI cannot be handled
18 Apr 08:36:11 CONFIG [geoserver.wps] - Blacklisting process ras:RasterZonalStatistics2 as the input zones of type class java.lang.Object cannot be handled
18 Apr 08:36:11 CONFIG [geoserver.wps] - Blacklisting process ras:RasterZonalStatistics2 as the input nodata of type class it.geosolutions.jaiext.range.Range cannot be handled
18 Apr 08:36:11 CONFIG [geoserver.wps] - Blacklisting process ras:RasterZonalStatistics2 as the input rangeData of type class java.lang.Object cannot be handled
18 Apr 08:36:11 CONFIG [geoserver.wps] - Blacklisting process ras:RasterZonalStatistics2 as the output zonal statistics of type interface java.util.List cannot be handled
18 Apr 08:36:11 CONFIG [geoserver.wps] - Found 18 bindable processes in Raster processes
18 Apr 08:36:11 CONFIG [geoserver.wps] - Blacklisting process vec:GroupCandidateSelection as the input groupingAttributes of type class java.lang.Object cannot be handled
18 Apr 08:36:11 CONFIG [geoserver.wps] - Found 31 bindable processes in Vector processes
18 Apr 08:36:11 CONFIG [geoserver.wps] - Found 48 bindable processes in Geometry processes
18 Apr 08:36:11 CONFIG [geoserver.wps] - Found 1 bindable processes in PolygonLabelProcess
18 Apr 08:36:11 CONFIG [geoserver.wps] - Found 1 bindable processes in geo
18 Apr 08:36:11 CONFIG [geoserver.wps] - Found 1 bindable processes in geo
18 Apr 08:36:12 CONFIG [geowebcache.GeoWebCacheDispatcher] - Invoked setServletPrefix(gwc)
18 Apr 08:36:12 CONFIG [wms.WMSService] - Will NOT recombine tiles for non-tiling clients.
18 Apr 08:36:12 CONFIG [wms.WMSService] - Will proxy requests to backend that are not getmap or getcapabilities.
18 Apr 08:36:13 CONFIG [diskquota.ConfigLoader] - Quota config is: /opt/geoserver/data_dir/gwc/geowebcache-diskquota.xml
18 Apr 08:36:13 CONFIG [diskquota.DiskQuotaMonitor] - Setting up disk quota periodic enforcement task
18 Apr 08:36:13 CONFIG [diskquota.DiskQuotaMonitor] - 0 layers configured with their own quotas. 
18 Apr 08:36:13 CONFIG [diskquota.DiskQuotaMonitor] - 0 layers attached to global quota 20.0 GB
18 Apr 08:36:13 CONFIG [diskquota.DiskQuotaMonitor] - Disk quota periodic enforcement task set up every 5 SECONDS
18 Apr 08:36:14 CONFIG [geoserver.security] - AuthenticationCache Initialized with 1000 Max Entries, 300 seconds idle time, 600 seconds time to live and 3 concurrency level
18 Apr 08:36:14 CONFIG [geoserver.security] - AuthenticationCache Eviction Task created to run every 600 seconds
18 Apr 08:36:16 CONFIG [geoserver.security] - Start reloading user/groups for service named default
18 Apr 08:36:16 CONFIG [geoserver.security] - Reloading user/groups successful for service named default
18 Apr 08:36:17 INFO   [config.XMLConfiguration] - Wrote configuration to /opt/geoserver/data_dir/gwc
18 Apr 08:49:23 CONFIG [gwc.layer] - GeoServer TileLayer store base directory is: gwc-layers
18 Apr 08:49:23 CONFIG [gwc.layer] - Loading tile layers from gwc-layers
18 Apr 08:49:23 CONFIG [gwc.layer] - Loaded 0 tile layers in 9.742 ms
18 Apr 08:49:24 CONFIG [gwc.layer] - GeoServer TileLayer store base directory is: gwc-layers
18 Apr 08:49:24 CONFIG [gwc.layer] - Loading tile layers from gwc-layers
18 Apr 08:49:24 CONFIG [gwc.layer] - Loaded 0 tile layers in 3.123 ms
18 Apr 08:49:24 INFO   [jdbc.JDBCQuotaStore] - Closing up the JDBC quota store 
18 Apr 08:49:24 WARN   [support.DisposableBeanAdapter] - Custom destroy method 'destroy' on bean with name 'gwcMemoryBlobStore' threw an exception: java.util.concurrent.RejectedExecutionException: Task java.util.concurrent.FutureTask@4b33cf8a[Not completed, task = org.geowebcache.storage.blobstore.memory.MemoryBlobStore$BlobStoreTask@48530fa1] rejected from java.util.concurrent.ThreadPoolExecutor@7858d589[Terminated, pool size = 0, active threads = 0, queued tasks = 0, completed tasks = 1]
18 Apr 08:49:24 INFO   [geoserver.logging] - Beginning GeoServer cleanup sequence
CONFIG 2026-04-18 09:06:28,676 [main][Log4J2Logger.java:215] : Logging policy: Log4J2
CONFIG 2026-04-18 09:06:28,940 [main][Log4J2Logger.java:189] : Factory implementations for category GridCoverageFactory:
  org.geotools.coverage.grid.GridCoverageFactory
CONFIG 2026-04-18 09:06:29,791 [main][Log4J2Logger.java:189] : Factory implementations for category FilterFactory:
  org.geotools.filter.FilterFactoryImpl
CONFIG 2026-04-18 09:06:29,823 [main][Log4J2Logger.java:189] : Factory implementations for category StyleFactory:
  org.geotools.styling.StyleFactoryImpl
CONFIG 2026-04-18 09:06:29,832 [main][Log4J2Logger.java:189] : Factory implementations for category FeatureFactory:
  org.geotools.feature.LenientFeatureFactoryImpl
  org.geotools.feature.ValidatingFeatureFactoryImpl
DEBUG 2026-04-18 09:06:30,274 [main][Log4J2Logger.java:220] : Extension lookup 'XStreamPersisterInitializer', prior to bean geoserverExtensions initialisation.
DEBUG 2026-04-18 09:06:30,275 [main][Log4J2Logger.java:220] : Extension lookup 'ExtensionFilter', prior to bean geoserverExtensions initialisation.
DEBUG 2026-04-18 09:06:30,279 [main][Log4J2Logger.java:220] : Extension lookup 'ExtensionProvider', but provided ApplicationContext is unset.
DEBUG 2026-04-18 09:06:30,279 [main][Log4J2Logger.java:220] : Extension lookup 'ExtensionFilter', but provided ApplicationContext is unset.
DEBUG 2026-04-18 09:06:30,321 [main][Log4J2Logger.java:220] : CONFIGURING GEOSERVER LOGGING -------------------------
18 Apr 09:06:30 CONFIG [geoserver.logging] - Log4j 2 configuration set to DEFAULT_LOGGING.xml
18 Apr 09:06:38 CONFIG [org.geoserver] - GeoServer configuration lock is enabled
18 Apr 09:06:38 CONFIG [org.geoserver] - Loading catalog /opt/geoserver/data_dir
18 Apr 09:06:39 CONFIG [org.geoserver] - Loaded style 'generic'
18 Apr 09:06:39 CONFIG [org.geoserver] - Loaded style 'point'
18 Apr 09:06:39 CONFIG [org.geoserver] - Loaded style 'line'
18 Apr 09:06:39 CONFIG [org.geoserver] - Loaded style 'polygon'
18 Apr 09:06:39 CONFIG [org.geoserver] - Loaded style 'raster'
18 Apr 09:06:39 WARN   [org.geoserver] - No 'workspaces' directory found, unable to load any stores.
18 Apr 09:06:39 CONFIG [org.geoserver] - Read catalog in 397.7 ms
18 Apr 09:06:40 CONFIG [org.geoserver] - Loaded service 'WFSInfoImpl-3553c569:19d9fd7999e:-8000', enabled
18 Apr 09:06:40 CONFIG [org.geoserver] - Loaded service 'csw', enabled
18 Apr 09:06:40 CONFIG [org.geoserver] - Loaded service 'WMSInfoImpl-3553c569:19d9fd7999e:-7fff', enabled
18 Apr 09:06:40 CONFIG [org.geoserver] - Loaded service 'WPSInfoImpl-29798b16:19d9fbb716e:-7ff9', enabled
18 Apr 09:06:40 CONFIG [org.geoserver] - Loaded service 'WMTSInfoImpl-3553c569:19d9fd7999e:-7ffe', enabled
18 Apr 09:06:40 CONFIG [org.geoserver] - Loaded service 'WCSInfoImpl-3553c569:19d9fd7999e:-7ffd', enabled
18 Apr 09:06:40 CONFIG [gwc.config] - Will look for 'geowebcache.xml' in directory '/opt/geoserver/data_dir/gwc'.
18 Apr 09:06:42 CONFIG [config.XMLConfiguration] - TileLayerConfiguration file validated fine.
18 Apr 09:06:42 CONFIG [config.XMLConfiguration] - Initializing GridSets from /opt/geoserver/data_dir/gwc
18 Apr 09:06:42 INFO   [config.XMLConfiguration] - Read GridSet InspireCRS84Quad
18 Apr 09:06:42 CONFIG [config.XMLConfiguration] - Initializing layers from /opt/geoserver/data_dir/gwc
18 Apr 09:06:42 CONFIG [gwc.layer] - Initializing GWC configuration based on GeoServer's Catalog
18 Apr 09:06:42 CONFIG [gwc.layer] - GeoServer TileLayer store base directory is: gwc-layers
18 Apr 09:06:42 CONFIG [gwc.layer] - Loading tile layers from gwc-layers
18 Apr 09:06:42 CONFIG [gwc.layer] - Loaded 0 tile layers in 12.13 ms
18 Apr 09:06:42 CONFIG [storage.BlobStoreAggregator] - BlobStoreConfiguration /opt/geoserver/data_dir/gwc contained no blob store infos.
18 Apr 09:06:42 CONFIG [storage.DefaultStorageFinder] - Found system environment variableGEOWEBCACHE_CACHE_DIR set to /opt/geoserver/data_dir/gwc, using it as the default prefix.
18 Apr 09:06:43 CONFIG [gwc.config] - Initializing GeoServer specific GWC configuration from gwc-gs.xml
18 Apr 09:06:43 WARN   [turbojpeg.TurboJPEGMapResponse] - The turbo jpeg encoder is available for usage
18 Apr 09:06:44 INFO   [flow.config] - Loaded control-flow rule: ows.global=100
18 Apr 09:06:44 INFO   [flow.config] - Loaded control-flow rule: ows.wms.getmap=10
18 Apr 09:06:44 INFO   [flow.config] - Loaded control-flow rule: ows.wfs.getfeature.application/msexcel=4
18 Apr 09:06:44 INFO   [flow.config] - Loaded control-flow rule: user=6
18 Apr 09:06:44 INFO   [flow.config] - Loaded control-flow rule: ows.gwc=16
18 Apr 09:06:44 INFO   [flow.config] - Loaded control-flow rule: user.ows.wps.execute=1000/d;30s
18 Apr 09:06:44 CONFIG [geoserver.flow] - Control-flow active with 6 flow controllers
18 Apr 09:06:55 WARN   [gce.imagemosaic] - Unable to set ordering between tiff readers spi
18 Apr 09:06:58 CONFIG [gwc.config] - Will look for 'geowebcache-diskquota.xml' in directory '/opt/geoserver/data_dir/gwc'.
18 Apr 09:06:58 CONFIG [gwc.config] - Will look for 'geowebcache-diskquota-jdbc.xml' in directory '/opt/geoserver/data_dir/gwc'.
18 Apr 09:06:58 CONFIG [diskquota.ConfigLoader] - Quota config is: /opt/geoserver/data_dir/gwc/geowebcache-diskquota.xml
18 Apr 09:06:59 CONFIG [diskquota.ConfigLoader] - Quota config is: /opt/geoserver/data_dir/gwc/geowebcache-diskquota.xml
18 Apr 09:06:59 INFO   [geoserver.monitor] - Monitor extension enabled
18 Apr 09:07:00 CONFIG [geoserver.wps] - Found 5 bindable processes in GeoServer specific processes
18 Apr 09:07:00 CONFIG [geoserver.wps] - Found 89 bindable processes in Deprecated processes
18 Apr 09:07:00 CONFIG [geoserver.wps] - Blacklisting process ras:ConvolveCoverage as the input kernel of type class javax.media.jai.KernelJAI cannot be handled
18 Apr 09:07:00 CONFIG [geoserver.wps] - Blacklisting process ras:RasterZonalStatistics2 as the input zones of type class java.lang.Object cannot be handled
18 Apr 09:07:00 CONFIG [geoserver.wps] - Blacklisting process ras:RasterZonalStatistics2 as the input nodata of type class it.geosolutions.jaiext.range.Range cannot be handled
18 Apr 09:07:00 CONFIG [geoserver.wps] - Blacklisting process ras:RasterZonalStatistics2 as the input rangeData of type class java.lang.Object cannot be handled
18 Apr 09:07:00 CONFIG [geoserver.wps] - Blacklisting process ras:RasterZonalStatistics2 as the output zonal statistics of type interface java.util.List cannot be handled
18 Apr 09:07:00 CONFIG [geoserver.wps] - Found 18 bindable processes in Raster processes
18 Apr 09:07:00 CONFIG [geoserver.wps] - Blacklisting process vec:GroupCandidateSelection as the input groupingAttributes of type class java.lang.Object cannot be handled
18 Apr 09:07:00 CONFIG [geoserver.wps] - Found 31 bindable processes in Vector processes
18 Apr 09:07:00 CONFIG [geoserver.wps] - Found 48 bindable processes in Geometry processes
18 Apr 09:07:00 CONFIG [geoserver.wps] - Found 1 bindable processes in PolygonLabelProcess
18 Apr 09:07:00 CONFIG [geoserver.wps] - Found 1 bindable processes in geo
18 Apr 09:07:00 CONFIG [geoserver.wps] - Found 1 bindable processes in geo
18 Apr 09:07:00 CONFIG [geowebcache.GeoWebCacheDispatcher] - Invoked setServletPrefix(gwc)
18 Apr 09:07:00 CONFIG [wms.WMSService] - Will NOT recombine tiles for non-tiling clients.
18 Apr 09:07:00 CONFIG [wms.WMSService] - Will proxy requests to backend that are not getmap or getcapabilities.
18 Apr 09:07:03 WARN   [servlet.BaseMapServlet] - Cannot delete file:/usr/local/tomcat/work/Catalina/localhost/geoserver/wicket-filestore
18 Apr 09:07:03 CONFIG [diskquota.ConfigLoader] - Quota config is: /opt/geoserver/data_dir/gwc/geowebcache-diskquota.xml
18 Apr 09:07:03 CONFIG [diskquota.DiskQuotaMonitor] - Setting up disk quota periodic enforcement task
18 Apr 09:07:03 CONFIG [diskquota.DiskQuotaMonitor] - 0 layers configured with their own quotas. 
18 Apr 09:07:03 CONFIG [diskquota.DiskQuotaMonitor] - 0 layers attached to global quota 20.0 GB
18 Apr 09:07:03 CONFIG [diskquota.DiskQuotaMonitor] - Disk quota periodic enforcement task set up every 5 SECONDS
18 Apr 09:07:05 CONFIG [geoserver.security] - Start reloading user/groups for service named default
18 Apr 09:07:05 CONFIG [geoserver.security] - Reloading user/groups successful for service named default
18 Apr 09:07:06 CONFIG [geoserver.security] - AuthenticationCache Initialized with 1000 Max Entries, 300 seconds idle time, 600 seconds time to live and 3 concurrency level
18 Apr 09:07:06 CONFIG [geoserver.security] - AuthenticationCache Eviction Task created to run every 600 seconds
20 Apr 19:27:28 WARN   [geoserver.security] - Failed login, user gisuser from 172.18.0.1
20 Apr 19:27:28 INFO   [geoserver.security] - Brute force attack prevention, delaying login for 1241ms
20 Apr 19:28:03 INFO   [geoserver.security] - Strong cryptography is available
20 Apr 19:35:07 WARN   [data.store] - Error obtaining new data store
java.io.IOException
	at org.geoserver.catalog.ResourcePool.getDataStore(ResourcePool.java:658)
	at org.geoserver.catalog.impl.DataStoreInfoImpl.getDataStore(DataStoreInfoImpl.java:34)
	at org.geoserver.web.data.store.DataAccessNewPage.onSaveDataStore(DataAccessNewPage.java:90)
	at org.geoserver.web.data.store.AbstractDataAccessPage$1.onSubmit(AbstractDataAccessPage.java:176)
	at org.apache.wicket.ajax.markup.html.form.AjaxSubmitLink$1.onSubmit(AjaxSubmitLink.java:111)
	at org.apache.wicket.ajax.form.AjaxFormSubmitBehavior$AjaxFormSubmitter.onSubmit(AjaxFormSubmitBehavior.java:218)
	at org.apache.wicket.markup.html.form.Form.delegateSubmit(Form.java:1312)
	at org.apache.wicket.markup.html.form.Form.process(Form.java:976)
	at org.apache.wicket.markup.html.form.Form.onFormSubmitted(Form.java:797)
	at org.apache.wicket.ajax.form.AjaxFormSubmitBehavior.onEvent(AjaxFormSubmitBehavior.java:174)
	at org.apache.wicket.ajax.AjaxEventBehavior.respond(AjaxEventBehavior.java:155)
	at org.apache.wicket.ajax.AbstractDefaultAjaxBehavior.onRequest(AbstractDefaultAjaxBehavior.java:601)
	at java.base/jdk.internal.reflect.NativeMethodAccessorImpl.invoke0(Native Method)
	at java.base/jdk.internal.reflect.NativeMethodAccessorImpl.invoke(NativeMethodAccessorImpl.java:62)
	at java.base/jdk.internal.reflect.DelegatingMethodAccessorImpl.invoke(DelegatingMethodAccessorImpl.java:43)
	at java.base/java.lang.reflect.Method.invoke(Method.java:566)
	at org.apache.wicket.RequestListenerInterface.internalInvoke(RequestListenerInterface.java:258)
	at org.apache.wicket.RequestListenerInterface.invoke(RequestListenerInterface.java:241)
	at org.apache.wicket.core.request.handler.ListenerInterfaceRequestHandler.invokeListener(ListenerInterfaceRequestHandler.java:248)
	at org.apache.wicket.core.request.handler.ListenerInterfaceRequestHandler.respond(ListenerInterfaceRequestHandler.java:234)
	at org.apache.wicket.request.cycle.RequestCycle$HandlerExecutor.respond(RequestCycle.java:895)
	at org.apache.wicket.request.RequestHandlerStack.execute(RequestHandlerStack.java:64)
	at org.apache.wicket.request.cycle.RequestCycle.execute(RequestCycle.java:265)
	at org.apache.wicket.request.cycle.RequestCycle.processRequest(RequestCycle.java:222)
	at org.apache.wicket.request.cycle.RequestCycle.processRequestAndDetach(RequestCycle.java:293)
	at org.apache.wicket.protocol.http.WicketFilter.processRequestCycle(WicketFilter.java:261)
	at org.apache.wicket.protocol.http.WicketFilter.processRequest(WicketFilter.java:203)
	at org.apache.wicket.protocol.http.WicketServlet.doPost(WicketServlet.java:159)
	at javax.servlet.http.HttpServlet.service(HttpServlet.java:528)
	at javax.servlet.http.HttpServlet.service(HttpServlet.java:596)
	at org.springframework.web.servlet.mvc.ServletWrappingController.handleRequestInternal(ServletWrappingController.java:166)
	at org.springframework.web.servlet.mvc.AbstractController.handleRequest(AbstractController.java:177)
	at org.springframework.web.servlet.mvc.SimpleControllerHandlerAdapter.handle(SimpleControllerHandlerAdapter.java:51)
	at org.springframework.web.servlet.DispatcherServlet.doDispatch(DispatcherServlet.java:1072)
	at org.springframework.web.servlet.DispatcherServlet.doService(DispatcherServlet.java:965)
	at org.springframework.web.servlet.FrameworkServlet.processRequest(FrameworkServlet.java:1006)
	at org.springframework.web.servlet.FrameworkServlet.doPost(FrameworkServlet.java:909)
	at javax.servlet.http.HttpServlet.service(HttpServlet.java:528)
	at org.springframework.web.servlet.FrameworkServlet.service(FrameworkServlet.java:883)
	at javax.servlet.http.HttpServlet.service(HttpServlet.java:596)
	at org.apache.catalina.core.ApplicationFilterChain.internalDoFilter(ApplicationFilterChain.java:209)
	at org.apache.catalina.core.ApplicationFilterChain.doFilter(ApplicationFilterChain.java:153)
	at org.apache.tomcat.websocket.server.WsFilter.doFilter(WsFilter.java:53)
	at org.apache.catalina.core.ApplicationFilterChain.internalDoFilter(ApplicationFilterChain.java:178)
	at org.apache.catalina.core.ApplicationFilterChain.doFilter(ApplicationFilterChain.java:153)
	at org.apache.catalina.filters.CorsFilter.handleNonCORS(CorsFilter.java:328)
	at org.apache.catalina.filters.CorsFilter.doFilter(CorsFilter.java:158)
	at org.apache.catalina.core.ApplicationFilterChain.internalDoFilter(ApplicationFilterChain.java:178)
	at org.apache.catalina.core.ApplicationFilterChain.doFilter(ApplicationFilterChain.java:153)
	at org.apache.catalina.filters.HttpHeaderSecurityFilter.doFilter(HttpHeaderSecurityFilter.java:126)
	at org.apache.catalina.core.ApplicationFilterChain.internalDoFilter(ApplicationFilterChain.java:178)
	at org.apache.catalina.core.ApplicationFilterChain.doFilter(ApplicationFilterChain.java:153)
	at org.geoserver.filters.ThreadLocalsCleanupFilter.doFilter(ThreadLocalsCleanupFilter.java:28)
	at org.apache.catalina.core.ApplicationFilterChain.internalDoFilter(ApplicationFilterChain.java:178)
	at org.apache.catalina.core.ApplicationFilterChain.doFilter(ApplicationFilterChain.java:153)
	at org.geoserver.filters.SpringDelegatingFilter$Chain.doFilter(SpringDelegatingFilter.java:73)
	at org.geoserver.flow.controller.IpBlacklistFilter.doFilter(IpBlacklistFilter.java:89)
	at org.geoserver.filters.SpringDelegatingFilter$Chain.doFilter(SpringDelegatingFilter.java:70)
	at org.geoserver.monitor.MonitorFilter.doFilter(MonitorFilter.java:105)
	at org.geoserver.filters.SpringDelegatingFilter$Chain.doFilter(SpringDelegatingFilter.java:70)
	at org.geoserver.ows.HTTPHeadersCollector.doFilter(HTTPHeadersCollector.java:48)
	at org.geoserver.filters.SpringDelegatingFilter$Chain.doFilter(SpringDelegatingFilter.java:70)
	at org.geoserver.filters.HTTPMethodFilter.doFilter(HTTPMethodFilter.java:36)
	at org.geoserver.filters.SpringDelegatingFilter$Chain.doFilter(SpringDelegatingFilter.java:70)
	at org.geoserver.filters.LoggingFilter.doFilter(LoggingFilter.java:194)
	at org.geoserver.filters.SpringDelegatingFilter$Chain.doFilter(SpringDelegatingFilter.java:70)
	at org.geoserver.filters.SpringDelegatingFilter.doFilter(SpringDelegatingFilter.java:43)
	at org.apache.catalina.core.ApplicationFilterChain.internalDoFilter(ApplicationFilterChain.java:178)
	at org.apache.catalina.core.ApplicationFilterChain.doFilter(ApplicationFilterChain.java:153)
	at org.geoserver.platform.AdvancedDispatchFilter.doFilter(AdvancedDispatchFilter.java:39)
	at org.apache.catalina.core.ApplicationFilterChain.internalDoFilter(ApplicationFilterChain.java:178)
	at org.apache.catalina.core.ApplicationFilterChain.doFilter(ApplicationFilterChain.java:153)
	at org.springframework.security.web.FilterChainProxy$VirtualFilterChain.doFilter(FilterChainProxy.java:337)
	at org.geoserver.security.filter.GeoServerCompositeFilter$NestedFilterChain.doFilter(GeoServerCompositeFilter.java:71)
	at org.springframework.security.web.access.intercept.FilterSecurityInterceptor.invoke(FilterSecurityInterceptor.java:115)
	at org.springframework.security.web.access.intercept.FilterSecurityInterceptor.doFilter(FilterSecurityInterceptor.java:81)
	at org.geoserver.security.filter.GeoServerCompositeFilter$NestedFilterChain.doFilter(GeoServerCompositeFilter.java:75)
	at org.geoserver.security.filter.GeoServerCompositeFilter.doFilter(GeoServerCompositeFilter.java:92)
	at org.springframework.security.web.FilterChainProxy$VirtualFilterChain.doFilter(FilterChainProxy.java:346)
	at org.geoserver.security.filter.GeoServerCompositeFilter$NestedFilterChain.doFilter(GeoServerCompositeFilter.java:71)
	at org.springframework.security.web.access.ExceptionTranslationFilter.doFilter(ExceptionTranslationFilter.java:122)
	at org.springframework.security.web.access.ExceptionTranslationFilter.doFilter(ExceptionTranslationFilter.java:116)
	at org.geoserver.security.filter.GeoServerCompositeFilter$NestedFilterChain.doFilter(GeoServerCompositeFilter.java:75)
	at org.geoserver.security.filter.GeoServerCompositeFilter.doFilter(GeoServerCompositeFilter.java:92)
	at org.springframework.security.web.FilterChainProxy$VirtualFilterChain.doFilter(FilterChainProxy.java:346)
	at org.geoserver.security.filter.GeoServerAnonymousAuthenticationFilter.doFilter(GeoServerAnonymousAuthenticationFilter.java:53)
	at org.springframework.security.web.FilterChainProxy$VirtualFilterChain.doFilter(FilterChainProxy.java:346)
	at org.geoserver.security.filter.GeoServerCompositeFilter$NestedFilterChain.doFilter(GeoServerCompositeFilter.java:71)
	at org.springframework.security.web.authentication.AbstractAuthenticationProcessingFilter.doFilter(AbstractAuthenticationProcessingFilter.java:223)
	at org.springframework.security.web.authentication.AbstractAuthenticationProcessingFilter.doFilter(AbstractAuthenticationProcessingFilter.java:217)
	at org.geoserver.security.filter.GeoServerCompositeFilter$NestedFilterChain.doFilter(GeoServerCompositeFilter.java:75)
	at org.geoserver.security.filter.GeoServerCompositeFilter.doFilter(GeoServerCompositeFilter.java:92)
	at org.geoserver.security.filter.GeoServerUserNamePasswordAuthenticationFilter.doFilter(GeoServerUserNamePasswordAuthenticationFilter.java:122)
	at org.springframework.security.web.FilterChainProxy$VirtualFilterChain.doFilter(FilterChainProxy.java:346)
	at org.geoserver.security.filter.GeoServerCompositeFilter$NestedFilterChain.doFilter(GeoServerCompositeFilter.java:71)
	at org.springframework.security.web.authentication.rememberme.RememberMeAuthenticationFilter.doFilter(RememberMeAuthenticationFilter.java:106)
	at org.springframework.security.web.authentication.rememberme.RememberMeAuthenticationFilter.doFilter(RememberMeAuthenticationFilter.java:97)
	at org.geoserver.security.filter.GeoServerCompositeFilter$NestedFilterChain.doFilter(GeoServerCompositeFilter.java:75)
	at org.geoserver.security.filter.GeoServerCompositeFilter.doFilter(GeoServerCompositeFilter.java:92)
	at org.springframework.security.web.FilterChainProxy$VirtualFilterChain.doFilter(FilterChainProxy.java:346)
	at org.geoserver.security.filter.GeoServerCompositeFilter$NestedFilterChain.doFilter(GeoServerCompositeFilter.java:71)
	at org.geoserver.security.filter.GeoServerSecurityContextPersistenceFilter$1.doFilterInternal(GeoServerSecurityContextPersistenceFilter.java:72)
	at org.springframework.web.filter.OncePerRequestFilter.doFilter(OncePerRequestFilter.java:117)
	at org.geoserver.security.filter.GeoServerCompositeFilter$NestedFilterChain.doFilter(GeoServerCompositeFilter.java:75)
	at org.geoserver.security.filter.GeoServerCompositeFilter.doFilter(GeoServerCompositeFilter.java:92)
	at org.springframework.security.web.FilterChainProxy$VirtualFilterChain.doFilter(FilterChainProxy.java:346)
	at org.springframework.security.web.FilterChainProxy.doFilterInternal(FilterChainProxy.java:221)
	at org.springframework.security.web.FilterChainProxy.doFilter(FilterChainProxy.java:186)
	at org.geoserver.security.GeoServerSecurityFilterChainProxy.doFilter(GeoServerSecurityFilterChainProxy.java:142)
	at org.springframework.web.filter.DelegatingFilterProxy.invokeDelegate(DelegatingFilterProxy.java:354)
	at org.springframework.web.filter.DelegatingFilterProxy.doFilter(DelegatingFilterProxy.java:267)
	at org.apache.catalina.core.ApplicationFilterChain.internalDoFilter(ApplicationFilterChain.java:178)
	at org.apache.catalina.core.ApplicationFilterChain.doFilter(ApplicationFilterChain.java:153)
	at org.geoserver.filters.XFrameOptionsFilter.doFilter(XFrameOptionsFilter.java:100)
	at org.apache.catalina.core.ApplicationFilterChain.internalDoFilter(ApplicationFilterChain.java:178)
	at org.apache.catalina.core.ApplicationFilterChain.doFilter(ApplicationFilterChain.java:153)
	at org.geoserver.filters.GZIPFilter.doFilter(GZIPFilter.java:48)
	at org.apache.catalina.core.ApplicationFilterChain.internalDoFilter(ApplicationFilterChain.java:178)
	at org.apache.catalina.core.ApplicationFilterChain.doFilter(ApplicationFilterChain.java:153)
	at org.geoserver.filters.SessionDebugFilter.doFilter(SessionDebugFilter.java:49)
	at org.apache.catalina.core.ApplicationFilterChain.internalDoFilter(ApplicationFilterChain.java:178)
	at org.apache.catalina.core.ApplicationFilterChain.doFilter(ApplicationFilterChain.java:153)
	at org.geoserver.filters.FlushSafeFilter.doFilter(FlushSafeFilter.java:42)
	at org.apache.catalina.core.ApplicationFilterChain.internalDoFilter(ApplicationFilterChain.java:178)
	at org.apache.catalina.core.ApplicationFilterChain.doFilter(ApplicationFilterChain.java:153)
	at org.springframework.web.filter.CharacterEncodingFilter.doFilterInternal(CharacterEncodingFilter.java:201)
	at org.springframework.web.filter.OncePerRequestFilter.doFilter(OncePerRequestFilter.java:117)
	at org.apache.catalina.core.ApplicationFilterChain.internalDoFilter(ApplicationFilterChain.java:178)
	at org.apache.catalina.core.ApplicationFilterChain.doFilter(ApplicationFilterChain.java:153)
	at org.apache.catalina.core.StandardWrapperValve.invoke(StandardWrapperValve.java:167)
	at org.apache.catalina.core.StandardContextValve.invoke(StandardContextValve.java:90)
	at org.apache.catalina.authenticator.AuthenticatorBase.invoke(AuthenticatorBase.java:492)
	at org.apache.catalina.core.StandardHostValve.invoke(StandardHostValve.java:130)
	at org.apache.catalina.valves.ErrorReportValve.invoke(ErrorReportValve.java:93)
	at org.apache.catalina.valves.AbstractAccessLogValve.invoke(AbstractAccessLogValve.java:673)
	at org.apache.catalina.core.StandardEngineValve.invoke(StandardEngineValve.java:74)
	at org.apache.catalina.connector.CoyoteAdapter.service(CoyoteAdapter.java:343)
	at org.apache.coyote.http11.Http11Processor.service(Http11Processor.java:389)
	at org.apache.coyote.AbstractProcessorLight.process(AbstractProcessorLight.java:63)
	at org.apache.coyote.AbstractProtocol$ConnectionHandler.process(AbstractProtocol.java:926)
	at org.apache.tomcat.util.net.NioEndpoint$SocketProcessor.doRun(NioEndpoint.java:1791)
	at org.apache.tomcat.util.net.SocketProcessorBase.run(SocketProcessorBase.java:49)
	at org.apache.tomcat.util.threads.ThreadPoolExecutor.runWorker(ThreadPoolExecutor.java:1191)
	at org.apache.tomcat.util.threads.ThreadPoolExecutor$Worker.run(ThreadPoolExecutor.java:659)
	at org.apache.tomcat.util.threads.TaskThread$WrappingRunnable.run(TaskThread.java:61)
	at java.base/java.lang.Thread.run(Thread.java:829)
Caused by: java.lang.RuntimeException: Unable to obtain connection: Cannot create PoolableConnectionFactory (Connection to localhost:5432 refused. Check that the hostname and port are correct and that the postmaster is accepting TCP/IP connections.)
	at org.geotools.jdbc.JDBCDataStore.createConnection(JDBCDataStore.java:2293)
	at org.geotools.jdbc.JDBCDataStore.getConnection(JDBCDataStore.java:2235)
	at org.geotools.data.postgis.PostgisNGDataStoreFactory.createDataStoreInternal(PostgisNGDataStoreFactory.java:263)
	at org.geotools.jdbc.JDBCDataStoreFactory.createDataStore(JDBCDataStoreFactory.java:389)
	at org.geotools.jdbc.JDBCDataStoreFactory.createDataStore(JDBCDataStoreFactory.java:47)
	at org.vfny.geoserver.util.DataStoreUtils.getDataAccess(DataStoreUtils.java:66)
	at org.geoserver.catalog.ResourcePool.createDataAccess(ResourcePool.java:755)
	at org.geoserver.catalog.ResourcePool.getDataStore(ResourcePool.java:629)
	... 145 more
Caused by: org.apache.commons.dbcp.SQLNestedException: Cannot create PoolableConnectionFactory (Connection to localhost:5432 refused. Check that the hostname and port are correct and that the postmaster is accepting TCP/IP connections.)
	at org.apache.commons.dbcp.BasicDataSource.createPoolableConnectionFactory(BasicDataSource.java:1549)
	at org.apache.commons.dbcp.BasicDataSource.createDataSource(BasicDataSource.java:1388)
	at org.apache.commons.dbcp.BasicDataSource.getConnection(BasicDataSource.java:1044)
	at org.geotools.data.jdbc.datasource.AbstractManageableDataSource.getConnection(AbstractManageableDataSource.java:42)
	at org.geotools.jdbc.JDBCDataStore.createConnection(JDBCDataStore.java:2277)
	... 152 more
Caused by: org.postgresql.util.PSQLException: Connection to localhost:5432 refused. Check that the hostname and port are correct and that the postmaster is accepting TCP/IP connections.
	at org.postgresql.core.v3.ConnectionFactoryImpl.openConnectionImpl(ConnectionFactoryImpl.java:342)
	at org.postgresql.core.ConnectionFactory.openConnection(ConnectionFactory.java:54)
	at org.postgresql.jdbc.PgConnection.<init>(PgConnection.java:263)
	at org.postgresql.Driver.makeConnection(Driver.java:443)
	at org.postgresql.Driver.connect(Driver.java:297)
	at org.apache.commons.dbcp.DriverConnectionFactory.createConnection(DriverConnectionFactory.java:38)
	at org.apache.commons.dbcp.PoolableConnectionFactory.makeObject(PoolableConnectionFactory.java:582)
	at org.apache.commons.dbcp.BasicDataSource.validateConnectionFactory(BasicDataSource.java:1556)
	at org.apache.commons.dbcp.BasicDataSource.createPoolableConnectionFactory(BasicDataSource.java:1545)
	... 156 more
Caused by: java.net.ConnectException: Connection refused (Connection refused)
	at java.base/java.net.PlainSocketImpl.socketConnect(Native Method)
	at java.base/java.net.AbstractPlainSocketImpl.doConnect(AbstractPlainSocketImpl.java:412)
	at java.base/java.net.AbstractPlainSocketImpl.connectToAddress(AbstractPlainSocketImpl.java:255)
	at java.base/java.net.AbstractPlainSocketImpl.connect(AbstractPlainSocketImpl.java:237)
	at java.base/java.net.SocksSocketImpl.connect(SocksSocketImpl.java:392)
	at java.base/java.net.Socket.connect(Socket.java:609)
	at org.postgresql.core.PGStream.createSocket(PGStream.java:243)
	at org.postgresql.core.PGStream.<init>(PGStream.java:98)
	at org.postgresql.core.v3.ConnectionFactoryImpl.tryConnect(ConnectionFactoryImpl.java:132)
	at org.postgresql.core.v3.ConnectionFactoryImpl.openConnectionImpl(ConnectionFactoryImpl.java:258)
	... 164 more
20 Apr 19:35:09 WARN   [data.store] - Error obtaining new data store
java.io.IOException
	at org.geoserver.catalog.ResourcePool.getDataStore(ResourcePool.java:658)
	at org.geoserver.catalog.impl.DataStoreInfoImpl.getDataStore(DataStoreInfoImpl.java:34)
	at org.geoserver.web.data.store.DataAccessNewPage.onSaveDataStore(DataAccessNewPage.java:90)
	at org.geoserver.web.data.store.AbstractDataAccessPage$2.onSubmitInternal(AbstractDataAccessPage.java:203)
	at org.geoserver.web.GeoserverAjaxSubmitLink.onSubmit(GeoserverAjaxSubmitLink.java:38)
	at org.apache.wicket.ajax.markup.html.form.AjaxSubmitLink$1.onSubmit(AjaxSubmitLink.java:111)
	at org.apache.wicket.ajax.form.AjaxFormSubmitBehavior$AjaxFormSubmitter.onSubmit(AjaxFormSubmitBehavior.java:218)
	at org.apache.wicket.markup.html.form.Form.delegateSubmit(Form.java:1312)
	at org.apache.wicket.markup.html.form.Form.process(Form.java:976)
	at org.apache.wicket.markup.html.form.Form.onFormSubmitted(Form.java:797)
	at org.apache.wicket.ajax.form.AjaxFormSubmitBehavior.onEvent(AjaxFormSubmitBehavior.java:174)
	at org.apache.wicket.ajax.AjaxEventBehavior.respond(AjaxEventBehavior.java:155)
	at org.apache.wicket.ajax.AbstractDefaultAjaxBehavior.onRequest(AbstractDefaultAjaxBehavior.java:601)
	at java.base/jdk.internal.reflect.NativeMethodAccessorImpl.invoke0(Native Method)
	at java.base/jdk.internal.reflect.NativeMethodAccessorImpl.invoke(NativeMethodAccessorImpl.java:62)
	at java.base/jdk.internal.reflect.DelegatingMethodAccessorImpl.invoke(DelegatingMethodAccessorImpl.java:43)
	at java.base/java.lang.reflect.Method.invoke(Method.java:566)
	at org.apache.wicket.RequestListenerInterface.internalInvoke(RequestListenerInterface.java:258)
	at org.apache.wicket.RequestListenerInterface.invoke(RequestListenerInterface.java:241)
	at org.apache.wicket.core.request.handler.ListenerInterfaceRequestHandler.invokeListener(ListenerInterfaceRequestHandler.java:248)
	at org.apache.wicket.core.request.handler.ListenerInterfaceRequestHandler.respond(ListenerInterfaceRequestHandler.java:234)
	at org.apache.wicket.request.cycle.RequestCycle$HandlerExecutor.respond(RequestCycle.java:895)
	at org.apache.wicket.request.RequestHandlerStack.execute(RequestHandlerStack.java:64)
	at org.apache.wicket.request.cycle.RequestCycle.execute(RequestCycle.java:265)
	at org.apache.wicket.request.cycle.RequestCycle.processRequest(RequestCycle.java:222)
	at org.apache.wicket.request.cycle.RequestCycle.processRequestAndDetach(RequestCycle.java:293)
	at org.apache.wicket.protocol.http.WicketFilter.processRequestCycle(WicketFilter.java:261)
	at org.apache.wicket.protocol.http.WicketFilter.processRequest(WicketFilter.java:203)
	at org.apache.wicket.protocol.http.WicketServlet.doPost(WicketServlet.java:159)
	at javax.servlet.http.HttpServlet.service(HttpServlet.java:528)
	at javax.servlet.http.HttpServlet.service(HttpServlet.java:596)
	at org.springframework.web.servlet.mvc.ServletWrappingController.handleRequestInternal(ServletWrappingController.java:166)
	at org.springframework.web.servlet.mvc.AbstractController.handleRequest(AbstractController.java:177)
	at org.springframework.web.servlet.mvc.SimpleControllerHandlerAdapter.handle(SimpleControllerHandlerAdapter.java:51)
	at org.springframework.web.servlet.DispatcherServlet.doDispatch(DispatcherServlet.java:1072)
	at org.springframework.web.servlet.DispatcherServlet.doService(DispatcherServlet.java:965)
	at org.springframework.web.servlet.FrameworkServlet.processRequest(FrameworkServlet.java:1006)
	at org.springframework.web.servlet.FrameworkServlet.doPost(FrameworkServlet.java:909)
	at javax.servlet.http.HttpServlet.service(HttpServlet.java:528)
	at org.springframework.web.servlet.FrameworkServlet.service(FrameworkServlet.java:883)
	at javax.servlet.http.HttpServlet.service(HttpServlet.java:596)
	at org.apache.catalina.core.ApplicationFilterChain.internalDoFilter(ApplicationFilterChain.java:209)
	at org.apache.catalina.core.ApplicationFilterChain.doFilter(ApplicationFilterChain.java:153)
	at org.apache.tomcat.websocket.server.WsFilter.doFilter(WsFilter.java:53)
	at org.apache.catalina.core.ApplicationFilterChain.internalDoFilter(ApplicationFilterChain.java:178)
	at org.apache.catalina.core.ApplicationFilterChain.doFilter(ApplicationFilterChain.java:153)
	at org.apache.catalina.filters.CorsFilter.handleNonCORS(CorsFilter.java:328)
	at org.apache.catalina.filters.CorsFilter.doFilter(CorsFilter.java:158)
	at org.apache.catalina.core.ApplicationFilterChain.internalDoFilter(ApplicationFilterChain.java:178)
	at org.apache.catalina.core.ApplicationFilterChain.doFilter(ApplicationFilterChain.java:153)
	at org.apache.catalina.filters.HttpHeaderSecurityFilter.doFilter(HttpHeaderSecurityFilter.java:126)
	at org.apache.catalina.core.ApplicationFilterChain.internalDoFilter(ApplicationFilterChain.java:178)
	at org.apache.catalina.core.ApplicationFilterChain.doFilter(ApplicationFilterChain.java:153)
	at org.geoserver.filters.ThreadLocalsCleanupFilter.doFilter(ThreadLocalsCleanupFilter.java:28)
	at org.apache.catalina.core.ApplicationFilterChain.internalDoFilter(ApplicationFilterChain.java:178)
	at org.apache.catalina.core.ApplicationFilterChain.doFilter(ApplicationFilterChain.java:153)
	at org.geoserver.filters.SpringDelegatingFilter$Chain.doFilter(SpringDelegatingFilter.java:73)
	at org.geoserver.flow.controller.IpBlacklistFilter.doFilter(IpBlacklistFilter.java:89)
	at org.geoserver.filters.SpringDelegatingFilter$Chain.doFilter(SpringDelegatingFilter.java:70)
	at org.geoserver.monitor.MonitorFilter.doFilter(MonitorFilter.java:105)
	at org.geoserver.filters.SpringDelegatingFilter$Chain.doFilter(SpringDelegatingFilter.java:70)
	at org.geoserver.ows.HTTPHeadersCollector.doFilter(HTTPHeadersCollector.java:48)
	at org.geoserver.filters.SpringDelegatingFilter$Chain.doFilter(SpringDelegatingFilter.java:70)
	at org.geoserver.filters.HTTPMethodFilter.doFilter(HTTPMethodFilter.java:36)
	at org.geoserver.filters.SpringDelegatingFilter$Chain.doFilter(SpringDelegatingFilter.java:70)
	at org.geoserver.filters.LoggingFilter.doFilter(LoggingFilter.java:194)
	at org.geoserver.filters.SpringDelegatingFilter$Chain.doFilter(SpringDelegatingFilter.java:70)
	at org.geoserver.filters.SpringDelegatingFilter.doFilter(SpringDelegatingFilter.java:43)
	at org.apache.catalina.core.ApplicationFilterChain.internalDoFilter(ApplicationFilterChain.java:178)
	at org.apache.catalina.core.ApplicationFilterChain.doFilter(ApplicationFilterChain.java:153)
	at org.geoserver.platform.AdvancedDispatchFilter.doFilter(AdvancedDispatchFilter.java:39)
	at org.apache.catalina.core.ApplicationFilterChain.internalDoFilter(ApplicationFilterChain.java:178)
	at org.apache.catalina.core.ApplicationFilterChain.doFilter(ApplicationFilterChain.java:153)
	at org.springframework.security.web.FilterChainProxy$VirtualFilterChain.doFilter(FilterChainProxy.java:337)
	at org.geoserver.security.filter.GeoServerCompositeFilter$NestedFilterChain.doFilter(GeoServerCompositeFilter.java:71)
	at org.springframework.security.web.access.intercept.FilterSecurityInterceptor.invoke(FilterSecurityInterceptor.java:115)
	at org.springframework.security.web.access.intercept.FilterSecurityInterceptor.doFilter(FilterSecurityInterceptor.java:81)
	at org.geoserver.security.filter.GeoServerCompositeFilter$NestedFilterChain.doFilter(GeoServerCompositeFilter.java:75)
	at org.geoserver.security.filter.GeoServerCompositeFilter.doFilter(GeoServerCompositeFilter.java:92)
	at org.springframework.security.web.FilterChainProxy$VirtualFilterChain.doFilter(FilterChainProxy.java:346)
	at org.geoserver.security.filter.GeoServerCompositeFilter$NestedFilterChain.doFilter(GeoServerCompositeFilter.java:71)
	at org.springframework.security.web.access.ExceptionTranslationFilter.doFilter(ExceptionTranslationFilter.java:122)
	at org.springframework.security.web.access.ExceptionTranslationFilter.doFilter(ExceptionTranslationFilter.java:116)
	at org.geoserver.security.filter.GeoServerCompositeFilter$NestedFilterChain.doFilter(GeoServerCompositeFilter.java:75)
	at org.geoserver.security.filter.GeoServerCompositeFilter.doFilter(GeoServerCompositeFilter.java:92)
	at org.springframework.security.web.FilterChainProxy$VirtualFilterChain.doFilter(FilterChainProxy.java:346)
	at org.geoserver.security.filter.GeoServerAnonymousAuthenticationFilter.doFilter(GeoServerAnonymousAuthenticationFilter.java:53)
	at org.springframework.security.web.FilterChainProxy$VirtualFilterChain.doFilter(FilterChainProxy.java:346)
	at org.geoserver.security.filter.GeoServerCompositeFilter$NestedFilterChain.doFilter(GeoServerCompositeFilter.java:71)
	at org.springframework.security.web.authentication.AbstractAuthenticationProcessingFilter.doFilter(AbstractAuthenticationProcessingFilter.java:223)
	at org.springframework.security.web.authentication.AbstractAuthenticationProcessingFilter.doFilter(AbstractAuthenticationProcessingFilter.java:217)
	at org.geoserver.security.filter.GeoServerCompositeFilter$NestedFilterChain.doFilter(GeoServerCompositeFilter.java:75)
	at org.geoserver.security.filter.GeoServerCompositeFilter.doFilter(GeoServerCompositeFilter.java:92)
	at org.geoserver.security.filter.GeoServerUserNamePasswordAuthenticationFilter.doFilter(GeoServerUserNamePasswordAuthenticationFilter.java:122)
	at org.springframework.security.web.FilterChainProxy$VirtualFilterChain.doFilter(FilterChainProxy.java:346)
	at org.geoserver.security.filter.GeoServerCompositeFilter$NestedFilterChain.doFilter(GeoServerCompositeFilter.java:71)
	at org.springframework.security.web.authentication.rememberme.RememberMeAuthenticationFilter.doFilter(RememberMeAuthenticationFilter.java:106)
	at org.springframework.security.web.authentication.rememberme.RememberMeAuthenticationFilter.doFilter(RememberMeAuthenticationFilter.java:97)
	at org.geoserver.security.filter.GeoServerCompositeFilter$NestedFilterChain.doFilter(GeoServerCompositeFilter.java:75)
	at org.geoserver.security.filter.GeoServerCompositeFilter.doFilter(GeoServerCompositeFilter.java:92)
	at org.springframework.security.web.FilterChainProxy$VirtualFilterChain.doFilter(FilterChainProxy.java:346)
	at org.geoserver.security.filter.GeoServerCompositeFilter$NestedFilterChain.doFilter(GeoServerCompositeFilter.java:71)
	at org.geoserver.security.filter.GeoServerSecurityContextPersistenceFilter$1.doFilterInternal(GeoServerSecurityContextPersistenceFilter.java:72)
	at org.springframework.web.filter.OncePerRequestFilter.doFilter(OncePerRequestFilter.java:117)
	at org.geoserver.security.filter.GeoServerCompositeFilter$NestedFilterChain.doFilter(GeoServerCompositeFilter.java:75)
	at org.geoserver.security.filter.GeoServerCompositeFilter.doFilter(GeoServerCompositeFilter.java:92)
	at org.springframework.security.web.FilterChainProxy$VirtualFilterChain.doFilter(FilterChainProxy.java:346)
	at org.springframework.security.web.FilterChainProxy.doFilterInternal(FilterChainProxy.java:221)
	at org.springframework.security.web.FilterChainProxy.doFilter(FilterChainProxy.java:186)
	at org.geoserver.security.GeoServerSecurityFilterChainProxy.doFilter(GeoServerSecurityFilterChainProxy.java:142)
	at org.springframework.web.filter.DelegatingFilterProxy.invokeDelegate(DelegatingFilterProxy.java:354)
	at org.springframework.web.filter.DelegatingFilterProxy.doFilter(DelegatingFilterProxy.java:267)
	at org.apache.catalina.core.ApplicationFilterChain.internalDoFilter(ApplicationFilterChain.java:178)
	at org.apache.catalina.core.ApplicationFilterChain.doFilter(ApplicationFilterChain.java:153)
	at org.geoserver.filters.XFrameOptionsFilter.doFilter(XFrameOptionsFilter.java:100)
	at org.apache.catalina.core.ApplicationFilterChain.internalDoFilter(ApplicationFilterChain.java:178)
	at org.apache.catalina.core.ApplicationFilterChain.doFilter(ApplicationFilterChain.java:153)
	at org.geoserver.filters.GZIPFilter.doFilter(GZIPFilter.java:48)
	at org.apache.catalina.core.ApplicationFilterChain.internalDoFilter(ApplicationFilterChain.java:178)
	at org.apache.catalina.core.ApplicationFilterChain.doFilter(ApplicationFilterChain.java:153)
	at org.geoserver.filters.SessionDebugFilter.doFilter(SessionDebugFilter.java:49)
	at org.apache.catalina.core.ApplicationFilterChain.internalDoFilter(ApplicationFilterChain.java:178)
	at org.apache.catalina.core.ApplicationFilterChain.doFilter(ApplicationFilterChain.java:153)
	at org.geoserver.filters.FlushSafeFilter.doFilter(FlushSafeFilter.java:42)
	at org.apache.catalina.core.ApplicationFilterChain.internalDoFilter(ApplicationFilterChain.java:178)
	at org.apache.catalina.core.ApplicationFilterChain.doFilter(ApplicationFilterChain.java:153)
	at org.springframework.web.filter.CharacterEncodingFilter.doFilterInternal(CharacterEncodingFilter.java:201)
	at org.springframework.web.filter.OncePerRequestFilter.doFilter(OncePerRequestFilter.java:117)
	at org.apache.catalina.core.ApplicationFilterChain.internalDoFilter(ApplicationFilterChain.java:178)
	at org.apache.catalina.core.ApplicationFilterChain.doFilter(ApplicationFilterChain.java:153)
	at org.apache.catalina.core.StandardWrapperValve.invoke(StandardWrapperValve.java:167)
	at org.apache.catalina.core.StandardContextValve.invoke(StandardContextValve.java:90)
	at org.apache.catalina.authenticator.AuthenticatorBase.invoke(AuthenticatorBase.java:492)
	at org.apache.catalina.core.StandardHostValve.invoke(StandardHostValve.java:130)
	at org.apache.catalina.valves.ErrorReportValve.invoke(ErrorReportValve.java:93)
	at org.apache.catalina.valves.AbstractAccessLogValve.invoke(AbstractAccessLogValve.java:673)
	at org.apache.catalina.core.StandardEngineValve.invoke(StandardEngineValve.java:74)
	at org.apache.catalina.connector.CoyoteAdapter.service(CoyoteAdapter.java:343)
	at org.apache.coyote.http11.Http11Processor.service(Http11Processor.java:389)
	at org.apache.coyote.AbstractProcessorLight.process(AbstractProcessorLight.java:63)
	at org.apache.coyote.AbstractProtocol$ConnectionHandler.process(AbstractProtocol.java:926)
	at org.apache.tomcat.util.net.NioEndpoint$SocketProcessor.doRun(NioEndpoint.java:1791)
	at org.apache.tomcat.util.net.SocketProcessorBase.run(SocketProcessorBase.java:49)
	at org.apache.tomcat.util.threads.ThreadPoolExecutor.runWorker(ThreadPoolExecutor.java:1191)
	at org.apache.tomcat.util.threads.ThreadPoolExecutor$Worker.run(ThreadPoolExecutor.java:659)
	at org.apache.tomcat.util.threads.TaskThread$WrappingRunnable.run(TaskThread.java:61)
	at java.base/java.lang.Thread.run(Thread.java:829)
Caused by: java.lang.RuntimeException: Unable to obtain connection: Cannot create PoolableConnectionFactory (Connection to localhost:5432 refused. Check that the hostname and port are correct and that the postmaster is accepting TCP/IP connections.)
	at org.geotools.jdbc.JDBCDataStore.createConnection(JDBCDataStore.java:2293)
	at org.geotools.jdbc.JDBCDataStore.getConnection(JDBCDataStore.java:2235)
	at org.geotools.data.postgis.PostgisNGDataStoreFactory.createDataStoreInternal(PostgisNGDataStoreFactory.java:263)
	at org.geotools.jdbc.JDBCDataStoreFactory.createDataStore(JDBCDataStoreFactory.java:389)
	at org.geotools.jdbc.JDBCDataStoreFactory.createDataStore(JDBCDataStoreFactory.java:47)
	at org.vfny.geoserver.util.DataStoreUtils.getDataAccess(DataStoreUtils.java:66)
	at org.geoserver.catalog.ResourcePool.createDataAccess(ResourcePool.java:755)
	at org.geoserver.catalog.ResourcePool.getDataStore(ResourcePool.java:629)
	... 146 more
Caused by: org.apache.commons.dbcp.SQLNestedException: Cannot create PoolableConnectionFactory (Connection to localhost:5432 refused. Check that the hostname and port are correct and that the postmaster is accepting TCP/IP connections.)
	at org.apache.commons.dbcp.BasicDataSource.createPoolableConnectionFactory(BasicDataSource.java:1549)
	at org.apache.commons.dbcp.BasicDataSource.createDataSource(BasicDataSource.java:1388)
	at org.apache.commons.dbcp.BasicDataSource.getConnection(BasicDataSource.java:1044)
	at org.geotools.data.jdbc.datasource.AbstractManageableDataSource.getConnection(AbstractManageableDataSource.java:42)
	at org.geotools.jdbc.JDBCDataStore.createConnection(JDBCDataStore.java:2277)
	... 153 more
Caused by: org.postgresql.util.PSQLException: Connection to localhost:5432 refused. Check that the hostname and port are correct and that the postmaster is accepting TCP/IP connections.
	at org.postgresql.core.v3.ConnectionFactoryImpl.openConnectionImpl(ConnectionFactoryImpl.java:342)
	at org.postgresql.core.ConnectionFactory.openConnection(ConnectionFactory.java:54)
	at org.postgresql.jdbc.PgConnection.<init>(PgConnection.java:263)
	at org.postgresql.Driver.makeConnection(Driver.java:443)
	at org.postgresql.Driver.connect(Driver.java:297)
	at org.apache.commons.dbcp.DriverConnectionFactory.createConnection(DriverConnectionFactory.java:38)
	at org.apache.commons.dbcp.PoolableConnectionFactory.makeObject(PoolableConnectionFactory.java:582)
	at org.apache.commons.dbcp.BasicDataSource.validateConnectionFactory(BasicDataSource.java:1556)
	at org.apache.commons.dbcp.BasicDataSource.createPoolableConnectionFactory(BasicDataSource.java:1545)
	... 157 more
Caused by: java.net.ConnectException: Connection refused (Connection refused)
	at java.base/java.net.PlainSocketImpl.socketConnect(Native Method)
	at java.base/java.net.AbstractPlainSocketImpl.doConnect(AbstractPlainSocketImpl.java:412)
	at java.base/java.net.AbstractPlainSocketImpl.connectToAddress(AbstractPlainSocketImpl.java:255)
	at java.base/java.net.AbstractPlainSocketImpl.connect(AbstractPlainSocketImpl.java:237)
	at java.base/java.net.SocksSocketImpl.connect(SocksSocketImpl.java:392)
	at java.base/java.net.Socket.connect(Socket.java:609)
	at org.postgresql.core.PGStream.createSocket(PGStream.java:243)
	at org.postgresql.core.PGStream.<init>(PGStream.java:98)
	at org.postgresql.core.v3.ConnectionFactoryImpl.tryConnect(ConnectionFactoryImpl.java:132)
	at org.postgresql.core.v3.ConnectionFactoryImpl.openConnectionImpl(ConnectionFactoryImpl.java:258)
	... 165 more
20 Apr 19:35:15 WARN   [data.store] - Error obtaining new data store
java.io.IOException
	at org.geoserver.catalog.ResourcePool.getDataStore(ResourcePool.java:658)
	at org.geoserver.catalog.impl.DataStoreInfoImpl.getDataStore(DataStoreInfoImpl.java:34)
	at org.geoserver.web.data.store.DataAccessNewPage.onSaveDataStore(DataAccessNewPage.java:90)
	at org.geoserver.web.data.store.AbstractDataAccessPage$1.onSubmit(AbstractDataAccessPage.java:176)
	at org.apache.wicket.ajax.markup.html.form.AjaxSubmitLink$1.onSubmit(AjaxSubmitLink.java:111)
	at org.apache.wicket.ajax.form.AjaxFormSubmitBehavior$AjaxFormSubmitter.onSubmit(AjaxFormSubmitBehavior.java:218)
	at org.apache.wicket.markup.html.form.Form.delegateSubmit(Form.java:1312)
	at org.apache.wicket.markup.html.form.Form.process(Form.java:976)
	at org.apache.wicket.markup.html.form.Form.onFormSubmitted(Form.java:797)
	at org.apache.wicket.ajax.form.AjaxFormSubmitBehavior.onEvent(AjaxFormSubmitBehavior.java:174)
	at org.apache.wicket.ajax.AjaxEventBehavior.respond(AjaxEventBehavior.java:155)
	at org.apache.wicket.ajax.AbstractDefaultAjaxBehavior.onRequest(AbstractDefaultAjaxBehavior.java:601)
	at java.base/jdk.internal.reflect.NativeMethodAccessorImpl.invoke0(Native Method)
	at java.base/jdk.internal.reflect.NativeMethodAccessorImpl.invoke(NativeMethodAccessorImpl.java:62)
	at java.base/jdk.internal.reflect.DelegatingMethodAccessorImpl.invoke(DelegatingMethodAccessorImpl.java:43)
	at java.base/java.lang.reflect.Method.invoke(Method.java:566)
	at org.apache.wicket.RequestListenerInterface.internalInvoke(RequestListenerInterface.java:258)
	at org.apache.wicket.RequestListenerInterface.invoke(RequestListenerInterface.java:241)
	at org.apache.wicket.core.request.handler.ListenerInterfaceRequestHandler.invokeListener(ListenerInterfaceRequestHandler.java:248)
	at org.apache.wicket.core.request.handler.ListenerInterfaceRequestHandler.respond(ListenerInterfaceRequestHandler.java:234)
	at org.apache.wicket.request.cycle.RequestCycle$HandlerExecutor.respond(RequestCycle.java:895)
	at org.apache.wicket.request.RequestHandlerStack.execute(RequestHandlerStack.java:64)
	at org.apache.wicket.request.cycle.RequestCycle.execute(RequestCycle.java:265)
	at org.apache.wicket.request.cycle.RequestCycle.processRequest(RequestCycle.java:222)
	at org.apache.wicket.request.cycle.RequestCycle.processRequestAndDetach(RequestCycle.java:293)
	at org.apache.wicket.protocol.http.WicketFilter.processRequestCycle(WicketFilter.java:261)
	at org.apache.wicket.protocol.http.WicketFilter.processRequest(WicketFilter.java:203)
	at org.apache.wicket.protocol.http.WicketServlet.doPost(WicketServlet.java:159)
	at javax.servlet.http.HttpServlet.service(HttpServlet.java:528)
	at javax.servlet.http.HttpServlet.service(HttpServlet.java:596)
	at org.springframework.web.servlet.mvc.ServletWrappingController.handleRequestInternal(ServletWrappingController.java:166)
	at org.springframework.web.servlet.mvc.AbstractController.handleRequest(AbstractController.java:177)
	at org.springframework.web.servlet.mvc.SimpleControllerHandlerAdapter.handle(SimpleControllerHandlerAdapter.java:51)
	at org.springframework.web.servlet.DispatcherServlet.doDispatch(DispatcherServlet.java:1072)
	at org.springframework.web.servlet.DispatcherServlet.doService(DispatcherServlet.java:965)
	at org.springframework.web.servlet.FrameworkServlet.processRequest(FrameworkServlet.java:1006)
	at org.springframework.web.servlet.FrameworkServlet.doPost(FrameworkServlet.java:909)
	at javax.servlet.http.HttpServlet.service(HttpServlet.java:528)
	at org.springframework.web.servlet.FrameworkServlet.service(FrameworkServlet.java:883)
	at javax.servlet.http.HttpServlet.service(HttpServlet.java:596)
	at org.apache.catalina.core.ApplicationFilterChain.internalDoFilter(ApplicationFilterChain.java:209)
	at org.apache.catalina.core.ApplicationFilterChain.doFilter(ApplicationFilterChain.java:153)
	at org.apache.tomcat.websocket.server.WsFilter.doFilter(WsFilter.java:53)
	at org.apache.catalina.core.ApplicationFilterChain.internalDoFilter(ApplicationFilterChain.java:178)
	at org.apache.catalina.core.ApplicationFilterChain.doFilter(ApplicationFilterChain.java:153)
	at org.apache.catalina.filters.CorsFilter.handleNonCORS(CorsFilter.java:328)
	at org.apache.catalina.filters.CorsFilter.doFilter(CorsFilter.java:158)
	at org.apache.catalina.core.ApplicationFilterChain.internalDoFilter(ApplicationFilterChain.java:178)
	at org.apache.catalina.core.ApplicationFilterChain.doFilter(ApplicationFilterChain.java:153)
	at org.apache.catalina.filters.HttpHeaderSecurityFilter.doFilter(HttpHeaderSecurityFilter.java:126)
	at org.apache.catalina.core.ApplicationFilterChain.internalDoFilter(ApplicationFilterChain.java:178)
	at org.apache.catalina.core.ApplicationFilterChain.doFilter(ApplicationFilterChain.java:153)
	at org.geoserver.filters.ThreadLocalsCleanupFilter.doFilter(ThreadLocalsCleanupFilter.java:28)
	at org.apache.catalina.core.ApplicationFilterChain.internalDoFilter(ApplicationFilterChain.java:178)
	at org.apache.catalina.core.ApplicationFilterChain.doFilter(ApplicationFilterChain.java:153)
	at org.geoserver.filters.SpringDelegatingFilter$Chain.doFilter(SpringDelegatingFilter.java:73)
	at org.geoserver.flow.controller.IpBlacklistFilter.doFilter(IpBlacklistFilter.java:89)
	at org.geoserver.filters.SpringDelegatingFilter$Chain.doFilter(SpringDelegatingFilter.java:70)
	at org.geoserver.monitor.MonitorFilter.doFilter(MonitorFilter.java:105)
	at org.geoserver.filters.SpringDelegatingFilter$Chain.doFilter(SpringDelegatingFilter.java:70)
	at org.geoserver.ows.HTTPHeadersCollector.doFilter(HTTPHeadersCollector.java:48)
	at org.geoserver.filters.SpringDelegatingFilter$Chain.doFilter(SpringDelegatingFilter.java:70)
	at org.geoserver.filters.HTTPMethodFilter.doFilter(HTTPMethodFilter.java:36)
	at org.geoserver.filters.SpringDelegatingFilter$Chain.doFilter(SpringDelegatingFilter.java:70)
	at org.geoserver.filters.LoggingFilter.doFilter(LoggingFilter.java:194)
	at org.geoserver.filters.SpringDelegatingFilter$Chain.doFilter(SpringDelegatingFilter.java:70)
	at org.geoserver.filters.SpringDelegatingFilter.doFilter(SpringDelegatingFilter.java:43)
	at org.apache.catalina.core.ApplicationFilterChain.internalDoFilter(ApplicationFilterChain.java:178)
	at org.apache.catalina.core.ApplicationFilterChain.doFilter(ApplicationFilterChain.java:153)
	at org.geoserver.platform.AdvancedDispatchFilter.doFilter(AdvancedDispatchFilter.java:39)
	at org.apache.catalina.core.ApplicationFilterChain.internalDoFilter(ApplicationFilterChain.java:178)
	at org.apache.catalina.core.ApplicationFilterChain.doFilter(ApplicationFilterChain.java:153)
	at org.springframework.security.web.FilterChainProxy$VirtualFilterChain.doFilter(FilterChainProxy.java:337)
	at org.geoserver.security.filter.GeoServerCompositeFilter$NestedFilterChain.doFilter(GeoServerCompositeFilter.java:71)
	at org.springframework.security.web.access.intercept.FilterSecurityInterceptor.invoke(FilterSecurityInterceptor.java:115)
	at org.springframework.security.web.access.intercept.FilterSecurityInterceptor.doFilter(FilterSecurityInterceptor.java:81)
	at org.geoserver.security.filter.GeoServerCompositeFilter$NestedFilterChain.doFilter(GeoServerCompositeFilter.java:75)
	at org.geoserver.security.filter.GeoServerCompositeFilter.doFilter(GeoServerCompositeFilter.java:92)
	at org.springframework.security.web.FilterChainProxy$VirtualFilterChain.doFilter(FilterChainProxy.java:346)
	at org.geoserver.security.filter.GeoServerCompositeFilter$NestedFilterChain.doFilter(GeoServerCompositeFilter.java:71)
	at org.springframework.security.web.access.ExceptionTranslationFilter.doFilter(ExceptionTranslationFilter.java:122)
	at org.springframework.security.web.access.ExceptionTranslationFilter.doFilter(ExceptionTranslationFilter.java:116)
	at org.geoserver.security.filter.GeoServerCompositeFilter$NestedFilterChain.doFilter(GeoServerCompositeFilter.java:75)
	at org.geoserver.security.filter.GeoServerCompositeFilter.doFilter(GeoServerCompositeFilter.java:92)
	at org.springframework.security.web.FilterChainProxy$VirtualFilterChain.doFilter(FilterChainProxy.java:346)
	at org.geoserver.security.filter.GeoServerAnonymousAuthenticationFilter.doFilter(GeoServerAnonymousAuthenticationFilter.java:53)
	at org.springframework.security.web.FilterChainProxy$VirtualFilterChain.doFilter(FilterChainProxy.java:346)
	at org.geoserver.security.filter.GeoServerCompositeFilter$NestedFilterChain.doFilter(GeoServerCompositeFilter.java:71)
	at org.springframework.security.web.authentication.AbstractAuthenticationProcessingFilter.doFilter(AbstractAuthenticationProcessingFilter.java:223)
	at org.springframework.security.web.authentication.AbstractAuthenticationProcessingFilter.doFilter(AbstractAuthenticationProcessingFilter.java:217)
	at org.geoserver.security.filter.GeoServerCompositeFilter$NestedFilterChain.doFilter(GeoServerCompositeFilter.java:75)
	at org.geoserver.security.filter.GeoServerCompositeFilter.doFilter(GeoServerCompositeFilter.java:92)
	at org.geoserver.security.filter.GeoServerUserNamePasswordAuthenticationFilter.doFilter(GeoServerUserNamePasswordAuthenticationFilter.java:122)
	at org.springframework.security.web.FilterChainProxy$VirtualFilterChain.doFilter(FilterChainProxy.java:346)
	at org.geoserver.security.filter.GeoServerCompositeFilter$NestedFilterChain.doFilter(GeoServerCompositeFilter.java:71)
	at org.springframework.security.web.authentication.rememberme.RememberMeAuthenticationFilter.doFilter(RememberMeAuthenticationFilter.java:106)
	at org.springframework.security.web.authentication.rememberme.RememberMeAuthenticationFilter.doFilter(RememberMeAuthenticationFilter.java:97)
	at org.geoserver.security.filter.GeoServerCompositeFilter$NestedFilterChain.doFilter(GeoServerCompositeFilter.java:75)
	at org.geoserver.security.filter.GeoServerCompositeFilter.doFilter(GeoServerCompositeFilter.java:92)
	at org.springframework.security.web.FilterChainProxy$VirtualFilterChain.doFilter(FilterChainProxy.java:346)
	at org.geoserver.security.filter.GeoServerCompositeFilter$NestedFilterChain.doFilter(GeoServerCompositeFilter.java:71)
	at org.geoserver.security.filter.GeoServerSecurityContextPersistenceFilter$1.doFilterInternal(GeoServerSecurityContextPersistenceFilter.java:72)
	at org.springframework.web.filter.OncePerRequestFilter.doFilter(OncePerRequestFilter.java:117)
	at org.geoserver.security.filter.GeoServerCompositeFilter$NestedFilterChain.doFilter(GeoServerCompositeFilter.java:75)
	at org.geoserver.security.filter.GeoServerCompositeFilter.doFilter(GeoServerCompositeFilter.java:92)
	at org.springframework.security.web.FilterChainProxy$VirtualFilterChain.doFilter(FilterChainProxy.java:346)
	at org.springframework.security.web.FilterChainProxy.doFilterInternal(FilterChainProxy.java:221)
	at org.springframework.security.web.FilterChainProxy.doFilter(FilterChainProxy.java:186)
	at org.geoserver.security.GeoServerSecurityFilterChainProxy.doFilter(GeoServerSecurityFilterChainProxy.java:142)
	at org.springframework.web.filter.DelegatingFilterProxy.invokeDelegate(DelegatingFilterProxy.java:354)
	at org.springframework.web.filter.DelegatingFilterProxy.doFilter(DelegatingFilterProxy.java:267)
	at org.apache.catalina.core.ApplicationFilterChain.internalDoFilter(ApplicationFilterChain.java:178)
	at org.apache.catalina.core.ApplicationFilterChain.doFilter(ApplicationFilterChain.java:153)
	at org.geoserver.filters.XFrameOptionsFilter.doFilter(XFrameOptionsFilter.java:100)
	at org.apache.catalina.core.ApplicationFilterChain.internalDoFilter(ApplicationFilterChain.java:178)
	at org.apache.catalina.core.ApplicationFilterChain.doFilter(ApplicationFilterChain.java:153)
	at org.geoserver.filters.GZIPFilter.doFilter(GZIPFilter.java:48)
	at org.apache.catalina.core.ApplicationFilterChain.internalDoFilter(ApplicationFilterChain.java:178)
	at org.apache.catalina.core.ApplicationFilterChain.doFilter(ApplicationFilterChain.java:153)
	at org.geoserver.filters.SessionDebugFilter.doFilter(SessionDebugFilter.java:49)
	at org.apache.catalina.core.ApplicationFilterChain.internalDoFilter(ApplicationFilterChain.java:178)
	at org.apache.catalina.core.ApplicationFilterChain.doFilter(ApplicationFilterChain.java:153)
	at org.geoserver.filters.FlushSafeFilter.doFilter(FlushSafeFilter.java:42)
	at org.apache.catalina.core.ApplicationFilterChain.internalDoFilter(ApplicationFilterChain.java:178)
	at org.apache.catalina.core.ApplicationFilterChain.doFilter(ApplicationFilterChain.java:153)
	at org.springframework.web.filter.CharacterEncodingFilter.doFilterInternal(CharacterEncodingFilter.java:201)
	at org.springframework.web.filter.OncePerRequestFilter.doFilter(OncePerRequestFilter.java:117)
	at org.apache.catalina.core.ApplicationFilterChain.internalDoFilter(ApplicationFilterChain.java:178)
	at org.apache.catalina.core.ApplicationFilterChain.doFilter(ApplicationFilterChain.java:153)
	at org.apache.catalina.core.StandardWrapperValve.invoke(StandardWrapperValve.java:167)
	at org.apache.catalina.core.StandardContextValve.invoke(StandardContextValve.java:90)
	at org.apache.catalina.authenticator.AuthenticatorBase.invoke(AuthenticatorBase.java:492)
	at org.apache.catalina.core.StandardHostValve.invoke(StandardHostValve.java:130)
	at org.apache.catalina.valves.ErrorReportValve.invoke(ErrorReportValve.java:93)
	at org.apache.catalina.valves.AbstractAccessLogValve.invoke(AbstractAccessLogValve.java:673)
	at org.apache.catalina.core.StandardEngineValve.invoke(StandardEngineValve.java:74)
	at org.apache.catalina.connector.CoyoteAdapter.service(CoyoteAdapter.java:343)
	at org.apache.coyote.http11.Http11Processor.service(Http11Processor.java:389)
	at org.apache.coyote.AbstractProcessorLight.process(AbstractProcessorLight.java:63)
	at org.apache.coyote.AbstractProtocol$ConnectionHandler.process(AbstractProtocol.java:926)
	at org.apache.tomcat.util.net.NioEndpoint$SocketProcessor.doRun(NioEndpoint.java:1791)
	at org.apache.tomcat.util.net.SocketProcessorBase.run(SocketProcessorBase.java:49)
	at org.apache.tomcat.util.threads.ThreadPoolExecutor.runWorker(ThreadPoolExecutor.java:1191)
	at org.apache.tomcat.util.threads.ThreadPoolExecutor$Worker.run(ThreadPoolExecutor.java:659)
	at org.apache.tomcat.util.threads.TaskThread$WrappingRunnable.run(TaskThread.java:61)
	at java.base/java.lang.Thread.run(Thread.java:829)
Caused by: java.lang.RuntimeException: Unable to obtain connection: Cannot create PoolableConnectionFactory (Connection to localhost:5432 refused. Check that the hostname and port are correct and that the postmaster is accepting TCP/IP connections.)
	at org.geotools.jdbc.JDBCDataStore.createConnection(JDBCDataStore.java:2293)
	at org.geotools.jdbc.JDBCDataStore.getConnection(JDBCDataStore.java:2235)
	at org.geotools.data.postgis.PostgisNGDataStoreFactory.createDataStoreInternal(PostgisNGDataStoreFactory.java:263)
	at org.geotools.jdbc.JDBCDataStoreFactory.createDataStore(JDBCDataStoreFactory.java:389)
	at org.geotools.jdbc.JDBCDataStoreFactory.createDataStore(JDBCDataStoreFactory.java:47)
	at org.vfny.geoserver.util.DataStoreUtils.getDataAccess(DataStoreUtils.java:66)
	at org.geoserver.catalog.ResourcePool.createDataAccess(ResourcePool.java:755)
	at org.geoserver.catalog.ResourcePool.getDataStore(ResourcePool.java:629)
	... 145 more
Caused by: org.apache.commons.dbcp.SQLNestedException: Cannot create PoolableConnectionFactory (Connection to localhost:5432 refused. Check that the hostname and port are correct and that the postmaster is accepting TCP/IP connections.)
	at org.apache.commons.dbcp.BasicDataSource.createPoolableConnectionFactory(BasicDataSource.java:1549)
	at org.apache.commons.dbcp.BasicDataSource.createDataSource(BasicDataSource.java:1388)
	at org.apache.commons.dbcp.BasicDataSource.getConnection(BasicDataSource.java:1044)
	at org.geotools.data.jdbc.datasource.AbstractManageableDataSource.getConnection(AbstractManageableDataSource.java:42)
	at org.geotools.jdbc.JDBCDataStore.createConnection(JDBCDataStore.java:2277)
	... 152 more
Caused by: org.postgresql.util.PSQLException: Connection to localhost:5432 refused. Check that the hostname and port are correct and that the postmaster is accepting TCP/IP connections.
	at org.postgresql.core.v3.ConnectionFactoryImpl.openConnectionImpl(ConnectionFactoryImpl.java:342)
	at org.postgresql.core.ConnectionFactory.openConnection(ConnectionFactory.java:54)
	at org.postgresql.jdbc.PgConnection.<init>(PgConnection.java:263)
	at org.postgresql.Driver.makeConnection(Driver.java:443)
	at org.postgresql.Driver.connect(Driver.java:297)
	at org.apache.commons.dbcp.DriverConnectionFactory.createConnection(DriverConnectionFactory.java:38)
	at org.apache.commons.dbcp.PoolableConnectionFactory.makeObject(PoolableConnectionFactory.java:582)
	at org.apache.commons.dbcp.BasicDataSource.validateConnectionFactory(BasicDataSource.java:1556)
	at org.apache.commons.dbcp.BasicDataSource.createPoolableConnectionFactory(BasicDataSource.java:1545)
	... 156 more
Caused by: java.net.ConnectException: Connection refused (Connection refused)
	at java.base/java.net.PlainSocketImpl.socketConnect(Native Method)
	at java.base/java.net.AbstractPlainSocketImpl.doConnect(AbstractPlainSocketImpl.java:412)
	at java.base/java.net.AbstractPlainSocketImpl.connectToAddress(AbstractPlainSocketImpl.java:255)
	at java.base/java.net.AbstractPlainSocketImpl.connect(AbstractPlainSocketImpl.java:237)
	at java.base/java.net.SocksSocketImpl.connect(SocksSocketImpl.java:392)
	at java.base/java.net.Socket.connect(Socket.java:609)
	at org.postgresql.core.PGStream.createSocket(PGStream.java:243)
	at org.postgresql.core.PGStream.<init>(PGStream.java:98)
	at org.postgresql.core.v3.ConnectionFactoryImpl.tryConnect(ConnectionFactoryImpl.java:132)
	at org.postgresql.core.v3.ConnectionFactoryImpl.openConnectionImpl(ConnectionFactoryImpl.java:258)
	... 164 more
20 Apr 19:35:17 WARN   [data.store] - Error obtaining new data store
java.io.IOException
	at org.geoserver.catalog.ResourcePool.getDataStore(ResourcePool.java:658)
	at org.geoserver.catalog.impl.DataStoreInfoImpl.getDataStore(DataStoreInfoImpl.java:34)
	at org.geoserver.web.data.store.DataAccessNewPage.onSaveDataStore(DataAccessNewPage.java:90)
	at org.geoserver.web.data.store.AbstractDataAccessPage$1.onSubmit(AbstractDataAccessPage.java:176)
	at org.apache.wicket.ajax.markup.html.form.AjaxSubmitLink$1.onSubmit(AjaxSubmitLink.java:111)
	at org.apache.wicket.ajax.form.AjaxFormSubmitBehavior$AjaxFormSubmitter.onSubmit(AjaxFormSubmitBehavior.java:218)
	at org.apache.wicket.markup.html.form.Form.delegateSubmit(Form.java:1312)
	at org.apache.wicket.markup.html.form.Form.process(Form.java:976)
	at org.apache.wicket.markup.html.form.Form.onFormSubmitted(Form.java:797)
	at org.apache.wicket.ajax.form.AjaxFormSubmitBehavior.onEvent(AjaxFormSubmitBehavior.java:174)
	at org.apache.wicket.ajax.AjaxEventBehavior.respond(AjaxEventBehavior.java:155)
	at org.apache.wicket.ajax.AbstractDefaultAjaxBehavior.onRequest(AbstractDefaultAjaxBehavior.java:601)
	at java.base/jdk.internal.reflect.NativeMethodAccessorImpl.invoke0(Native Method)
	at java.base/jdk.internal.reflect.NativeMethodAccessorImpl.invoke(NativeMethodAccessorImpl.java:62)
	at java.base/jdk.internal.reflect.DelegatingMethodAccessorImpl.invoke(DelegatingMethodAccessorImpl.java:43)
	at java.base/java.lang.reflect.Method.invoke(Method.java:566)
	at org.apache.wicket.RequestListenerInterface.internalInvoke(RequestListenerInterface.java:258)
	at org.apache.wicket.RequestListenerInterface.invoke(RequestListenerInterface.java:241)
	at org.apache.wicket.core.request.handler.ListenerInterfaceRequestHandler.invokeListener(ListenerInterfaceRequestHandler.java:248)
	at org.apache.wicket.core.request.handler.ListenerInterfaceRequestHandler.respond(ListenerInterfaceRequestHandler.java:234)
	at org.apache.wicket.request.cycle.RequestCycle$HandlerExecutor.respond(RequestCycle.java:895)
	at org.apache.wicket.request.RequestHandlerStack.execute(RequestHandlerStack.java:64)
	at org.apache.wicket.request.cycle.RequestCycle.execute(RequestCycle.java:265)
	at org.apache.wicket.request.cycle.RequestCycle.processRequest(RequestCycle.java:222)
	at org.apache.wicket.request.cycle.RequestCycle.processRequestAndDetach(RequestCycle.java:293)
	at org.apache.wicket.protocol.http.WicketFilter.processRequestCycle(WicketFilter.java:261)
	at org.apache.wicket.protocol.http.WicketFilter.processRequest(WicketFilter.java:203)
	at org.apache.wicket.protocol.http.WicketServlet.doPost(WicketServlet.java:159)
	at javax.servlet.http.HttpServlet.service(HttpServlet.java:528)
	at javax.servlet.http.HttpServlet.service(HttpServlet.java:596)
	at org.springframework.web.servlet.mvc.ServletWrappingController.handleRequestInternal(ServletWrappingController.java:166)
	at org.springframework.web.servlet.mvc.AbstractController.handleRequest(AbstractController.java:177)
	at org.springframework.web.servlet.mvc.SimpleControllerHandlerAdapter.handle(SimpleControllerHandlerAdapter.java:51)
	at org.springframework.web.servlet.DispatcherServlet.doDispatch(DispatcherServlet.java:1072)
	at org.springframework.web.servlet.DispatcherServlet.doService(DispatcherServlet.java:965)
	at org.springframework.web.servlet.FrameworkServlet.processRequest(FrameworkServlet.java:1006)
	at org.springframework.web.servlet.FrameworkServlet.doPost(FrameworkServlet.java:909)
	at javax.servlet.http.HttpServlet.service(HttpServlet.java:528)
	at org.springframework.web.servlet.FrameworkServlet.service(FrameworkServlet.java:883)
	at javax.servlet.http.HttpServlet.service(HttpServlet.java:596)
	at org.apache.catalina.core.ApplicationFilterChain.internalDoFilter(ApplicationFilterChain.java:209)
	at org.apache.catalina.core.ApplicationFilterChain.doFilter(ApplicationFilterChain.java:153)
	at org.apache.tomcat.websocket.server.WsFilter.doFilter(WsFilter.java:53)
	at org.apache.catalina.core.ApplicationFilterChain.internalDoFilter(ApplicationFilterChain.java:178)
	at org.apache.catalina.core.ApplicationFilterChain.doFilter(ApplicationFilterChain.java:153)
	at org.apache.catalina.filters.CorsFilter.handleNonCORS(CorsFilter.java:328)
	at org.apache.catalina.filters.CorsFilter.doFilter(CorsFilter.java:158)
	at org.apache.catalina.core.ApplicationFilterChain.internalDoFilter(ApplicationFilterChain.java:178)
	at org.apache.catalina.core.ApplicationFilterChain.doFilter(ApplicationFilterChain.java:153)
	at org.apache.catalina.filters.HttpHeaderSecurityFilter.doFilter(HttpHeaderSecurityFilter.java:126)
	at org.apache.catalina.core.ApplicationFilterChain.internalDoFilter(ApplicationFilterChain.java:178)
	at org.apache.catalina.core.ApplicationFilterChain.doFilter(ApplicationFilterChain.java:153)
	at org.geoserver.filters.ThreadLocalsCleanupFilter.doFilter(ThreadLocalsCleanupFilter.java:28)
	at org.apache.catalina.core.ApplicationFilterChain.internalDoFilter(ApplicationFilterChain.java:178)
	at org.apache.catalina.core.ApplicationFilterChain.doFilter(ApplicationFilterChain.java:153)
	at org.geoserver.filters.SpringDelegatingFilter$Chain.doFilter(SpringDelegatingFilter.java:73)
	at org.geoserver.flow.controller.IpBlacklistFilter.doFilter(IpBlacklistFilter.java:89)
	at org.geoserver.filters.SpringDelegatingFilter$Chain.doFilter(SpringDelegatingFilter.java:70)
	at org.geoserver.monitor.MonitorFilter.doFilter(MonitorFilter.java:105)
	at org.geoserver.filters.SpringDelegatingFilter$Chain.doFilter(SpringDelegatingFilter.java:70)
	at org.geoserver.ows.HTTPHeadersCollector.doFilter(HTTPHeadersCollector.java:48)
	at org.geoserver.filters.SpringDelegatingFilter$Chain.doFilter(SpringDelegatingFilter.java:70)
	at org.geoserver.filters.HTTPMethodFilter.doFilter(HTTPMethodFilter.java:36)
	at org.geoserver.filters.SpringDelegatingFilter$Chain.doFilter(SpringDelegatingFilter.java:70)
	at org.geoserver.filters.LoggingFilter.doFilter(LoggingFilter.java:194)
	at org.geoserver.filters.SpringDelegatingFilter$Chain.doFilter(SpringDelegatingFilter.java:70)
	at org.geoserver.filters.SpringDelegatingFilter.doFilter(SpringDelegatingFilter.java:43)
	at org.apache.catalina.core.ApplicationFilterChain.internalDoFilter(ApplicationFilterChain.java:178)
	at org.apache.catalina.core.ApplicationFilterChain.doFilter(ApplicationFilterChain.java:153)
	at org.geoserver.platform.AdvancedDispatchFilter.doFilter(AdvancedDispatchFilter.java:39)
	at org.apache.catalina.core.ApplicationFilterChain.internalDoFilter(ApplicationFilterChain.java:178)
	at org.apache.catalina.core.ApplicationFilterChain.doFilter(ApplicationFilterChain.java:153)
	at org.springframework.security.web.FilterChainProxy$VirtualFilterChain.doFilter(FilterChainProxy.java:337)
	at org.geoserver.security.filter.GeoServerCompositeFilter$NestedFilterChain.doFilter(GeoServerCompositeFilter.java:71)
	at org.springframework.security.web.access.intercept.FilterSecurityInterceptor.invoke(FilterSecurityInterceptor.java:115)
	at org.springframework.security.web.access.intercept.FilterSecurityInterceptor.doFilter(FilterSecurityInterceptor.java:81)
	at org.geoserver.security.filter.GeoServerCompositeFilter$NestedFilterChain.doFilter(GeoServerCompositeFilter.java:75)
	at org.geoserver.security.filter.GeoServerCompositeFilter.doFilter(GeoServerCompositeFilter.java:92)
	at org.springframework.security.web.FilterChainProxy$VirtualFilterChain.doFilter(FilterChainProxy.java:346)
	at org.geoserver.security.filter.GeoServerCompositeFilter$NestedFilterChain.doFilter(GeoServerCompositeFilter.java:71)
	at org.springframework.security.web.access.ExceptionTranslationFilter.doFilter(ExceptionTranslationFilter.java:122)
	at org.springframework.security.web.access.ExceptionTranslationFilter.doFilter(ExceptionTranslationFilter.java:116)
	at org.geoserver.security.filter.GeoServerCompositeFilter$NestedFilterChain.doFilter(GeoServerCompositeFilter.java:75)
	at org.geoserver.security.filter.GeoServerCompositeFilter.doFilter(GeoServerCompositeFilter.java:92)
	at org.springframework.security.web.FilterChainProxy$VirtualFilterChain.doFilter(FilterChainProxy.java:346)
	at org.geoserver.security.filter.GeoServerAnonymousAuthenticationFilter.doFilter(GeoServerAnonymousAuthenticationFilter.java:53)
	at org.springframework.security.web.FilterChainProxy$VirtualFilterChain.doFilter(FilterChainProxy.java:346)
	at org.geoserver.security.filter.GeoServerCompositeFilter$NestedFilterChain.doFilter(GeoServerCompositeFilter.java:71)
	at org.springframework.security.web.authentication.AbstractAuthenticationProcessingFilter.doFilter(AbstractAuthenticationProcessingFilter.java:223)
	at org.springframework.security.web.authentication.AbstractAuthenticationProcessingFilter.doFilter(AbstractAuthenticationProcessingFilter.java:217)
	at org.geoserver.security.filter.GeoServerCompositeFilter$NestedFilterChain.doFilter(GeoServerCompositeFilter.java:75)
	at org.geoserver.security.filter.GeoServerCompositeFilter.doFilter(GeoServerCompositeFilter.java:92)
	at org.geoserver.security.filter.GeoServerUserNamePasswordAuthenticationFilter.doFilter(GeoServerUserNamePasswordAuthenticationFilter.java:122)
	at org.springframework.security.web.FilterChainProxy$VirtualFilterChain.doFilter(FilterChainProxy.java:346)
	at org.geoserver.security.filter.GeoServerCompositeFilter$NestedFilterChain.doFilter(GeoServerCompositeFilter.java:71)
	at org.springframework.security.web.authentication.rememberme.RememberMeAuthenticationFilter.doFilter(RememberMeAuthenticationFilter.java:106)
	at org.springframework.security.web.authentication.rememberme.RememberMeAuthenticationFilter.doFilter(RememberMeAuthenticationFilter.java:97)
	at org.geoserver.security.filter.GeoServerCompositeFilter$NestedFilterChain.doFilter(GeoServerCompositeFilter.java:75)
	at org.geoserver.security.filter.GeoServerCompositeFilter.doFilter(GeoServerCompositeFilter.java:92)
	at org.springframework.security.web.FilterChainProxy$VirtualFilterChain.doFilter(FilterChainProxy.java:346)
	at org.geoserver.security.filter.GeoServerCompositeFilter$NestedFilterChain.doFilter(GeoServerCompositeFilter.java:71)
	at org.geoserver.security.filter.GeoServerSecurityContextPersistenceFilter$1.doFilterInternal(GeoServerSecurityContextPersistenceFilter.java:72)
	at org.springframework.web.filter.OncePerRequestFilter.doFilter(OncePerRequestFilter.java:117)
	at org.geoserver.security.filter.GeoServerCompositeFilter$NestedFilterChain.doFilter(GeoServerCompositeFilter.java:75)
	at org.geoserver.security.filter.GeoServerCompositeFilter.doFilter(GeoServerCompositeFilter.java:92)
	at org.springframework.security.web.FilterChainProxy$VirtualFilterChain.doFilter(FilterChainProxy.java:346)
	at org.springframework.security.web.FilterChainProxy.doFilterInternal(FilterChainProxy.java:221)
	at org.springframework.security.web.FilterChainProxy.doFilter(FilterChainProxy.java:186)
	at org.geoserver.security.GeoServerSecurityFilterChainProxy.doFilter(GeoServerSecurityFilterChainProxy.java:142)
	at org.springframework.web.filter.DelegatingFilterProxy.invokeDelegate(DelegatingFilterProxy.java:354)
	at org.springframework.web.filter.DelegatingFilterProxy.doFilter(DelegatingFilterProxy.java:267)
	at org.apache.catalina.core.ApplicationFilterChain.internalDoFilter(ApplicationFilterChain.java:178)
	at org.apache.catalina.core.ApplicationFilterChain.doFilter(ApplicationFilterChain.java:153)
	at org.geoserver.filters.XFrameOptionsFilter.doFilter(XFrameOptionsFilter.java:100)
	at org.apache.catalina.core.ApplicationFilterChain.internalDoFilter(ApplicationFilterChain.java:178)
	at org.apache.catalina.core.ApplicationFilterChain.doFilter(ApplicationFilterChain.java:153)
	at org.geoserver.filters.GZIPFilter.doFilter(GZIPFilter.java:48)
	at org.apache.catalina.core.ApplicationFilterChain.internalDoFilter(ApplicationFilterChain.java:178)
	at org.apache.catalina.core.ApplicationFilterChain.doFilter(ApplicationFilterChain.java:153)
	at org.geoserver.filters.SessionDebugFilter.doFilter(SessionDebugFilter.java:49)
	at org.apache.catalina.core.ApplicationFilterChain.internalDoFilter(ApplicationFilterChain.java:178)
	at org.apache.catalina.core.ApplicationFilterChain.doFilter(ApplicationFilterChain.java:153)
	at org.geoserver.filters.FlushSafeFilter.doFilter(FlushSafeFilter.java:42)
	at org.apache.catalina.core.ApplicationFilterChain.internalDoFilter(ApplicationFilterChain.java:178)
	at org.apache.catalina.core.ApplicationFilterChain.doFilter(ApplicationFilterChain.java:153)
	at org.springframework.web.filter.CharacterEncodingFilter.doFilterInternal(CharacterEncodingFilter.java:201)
	at org.springframework.web.filter.OncePerRequestFilter.doFilter(OncePerRequestFilter.java:117)
	at org.apache.catalina.core.ApplicationFilterChain.internalDoFilter(ApplicationFilterChain.java:178)
	at org.apache.catalina.core.ApplicationFilterChain.doFilter(ApplicationFilterChain.java:153)
	at org.apache.catalina.core.StandardWrapperValve.invoke(StandardWrapperValve.java:167)
	at org.apache.catalina.core.StandardContextValve.invoke(StandardContextValve.java:90)
	at org.apache.catalina.authenticator.AuthenticatorBase.invoke(AuthenticatorBase.java:492)
	at org.apache.catalina.core.StandardHostValve.invoke(StandardHostValve.java:130)
	at org.apache.catalina.valves.ErrorReportValve.invoke(ErrorReportValve.java:93)
	at org.apache.catalina.valves.AbstractAccessLogValve.invoke(AbstractAccessLogValve.java:673)
	at org.apache.catalina.core.StandardEngineValve.invoke(StandardEngineValve.java:74)
	at org.apache.catalina.connector.CoyoteAdapter.service(CoyoteAdapter.java:343)
	at org.apache.coyote.http11.Http11Processor.service(Http11Processor.java:389)
	at org.apache.coyote.AbstractProcessorLight.process(AbstractProcessorLight.java:63)
	at org.apache.coyote.AbstractProtocol$ConnectionHandler.process(AbstractProtocol.java:926)
	at org.apache.tomcat.util.net.NioEndpoint$SocketProcessor.doRun(NioEndpoint.java:1791)
	at org.apache.tomcat.util.net.SocketProcessorBase.run(SocketProcessorBase.java:49)
	at org.apache.tomcat.util.threads.ThreadPoolExecutor.runWorker(ThreadPoolExecutor.java:1191)
	at org.apache.tomcat.util.threads.ThreadPoolExecutor$Worker.run(ThreadPoolExecutor.java:659)
	at org.apache.tomcat.util.threads.TaskThread$WrappingRunnable.run(TaskThread.java:61)
	at java.base/java.lang.Thread.run(Thread.java:829)
Caused by: java.lang.RuntimeException: Unable to obtain connection: Cannot create PoolableConnectionFactory (Connection to localhost:5432 refused. Check that the hostname and port are correct and that the postmaster is accepting TCP/IP connections.)
	at org.geotools.jdbc.JDBCDataStore.createConnection(JDBCDataStore.java:2293)
	at org.geotools.jdbc.JDBCDataStore.getConnection(JDBCDataStore.java:2235)
	at org.geotools.data.postgis.PostgisNGDataStoreFactory.createDataStoreInternal(PostgisNGDataStoreFactory.java:263)
	at org.geotools.jdbc.JDBCDataStoreFactory.createDataStore(JDBCDataStoreFactory.java:389)
	at org.geotools.jdbc.JDBCDataStoreFactory.createDataStore(JDBCDataStoreFactory.java:47)
	at org.vfny.geoserver.util.DataStoreUtils.getDataAccess(DataStoreUtils.java:66)
	at org.geoserver.catalog.ResourcePool.createDataAccess(ResourcePool.java:755)
	at org.geoserver.catalog.ResourcePool.getDataStore(ResourcePool.java:629)
	... 145 more
Caused by: org.apache.commons.dbcp.SQLNestedException: Cannot create PoolableConnectionFactory (Connection to localhost:5432 refused. Check that the hostname and port are correct and that the postmaster is accepting TCP/IP connections.)
	at org.apache.commons.dbcp.BasicDataSource.createPoolableConnectionFactory(BasicDataSource.java:1549)
	at org.apache.commons.dbcp.BasicDataSource.createDataSource(BasicDataSource.java:1388)
	at org.apache.commons.dbcp.BasicDataSource.getConnection(BasicDataSource.java:1044)
	at org.geotools.data.jdbc.datasource.AbstractManageableDataSource.getConnection(AbstractManageableDataSource.java:42)
	at org.geotools.jdbc.JDBCDataStore.createConnection(JDBCDataStore.java:2277)
	... 152 more
Caused by: org.postgresql.util.PSQLException: Connection to localhost:5432 refused. Check that the hostname and port are correct and that the postmaster is accepting TCP/IP connections.
	at org.postgresql.core.v3.ConnectionFactoryImpl.openConnectionImpl(ConnectionFactoryImpl.java:342)
	at org.postgresql.core.ConnectionFactory.openConnection(ConnectionFactory.java:54)
	at org.postgresql.jdbc.PgConnection.<init>(PgConnection.java:263)
	at org.postgresql.Driver.makeConnection(Driver.java:443)
	at org.postgresql.Driver.connect(Driver.java:297)
	at org.apache.commons.dbcp.DriverConnectionFactory.createConnection(DriverConnectionFactory.java:38)
	at org.apache.commons.dbcp.PoolableConnectionFactory.makeObject(PoolableConnectionFactory.java:582)
	at org.apache.commons.dbcp.BasicDataSource.validateConnectionFactory(BasicDataSource.java:1556)
	at org.apache.commons.dbcp.BasicDataSource.createPoolableConnectionFactory(BasicDataSource.java:1545)
	... 156 more
Caused by: java.net.ConnectException: Connection refused (Connection refused)
	at java.base/java.net.PlainSocketImpl.socketConnect(Native Method)
	at java.base/java.net.AbstractPlainSocketImpl.doConnect(AbstractPlainSocketImpl.java:412)
	at java.base/java.net.AbstractPlainSocketImpl.connectToAddress(AbstractPlainSocketImpl.java:255)
	at java.base/java.net.AbstractPlainSocketImpl.connect(AbstractPlainSocketImpl.java:237)
	at java.base/java.net.SocksSocketImpl.connect(SocksSocketImpl.java:392)
	at java.base/java.net.Socket.connect(Socket.java:609)
	at org.postgresql.core.PGStream.createSocket(PGStream.java:243)
	at org.postgresql.core.PGStream.<init>(PGStream.java:98)
	at org.postgresql.core.v3.ConnectionFactoryImpl.tryConnect(ConnectionFactoryImpl.java:132)
	at org.postgresql.core.v3.ConnectionFactoryImpl.openConnectionImpl(ConnectionFactoryImpl.java:258)
	... 164 more
20 Apr 19:35:57 WARN   [data.store] - Error obtaining new data store
java.io.IOException
	at org.geoserver.catalog.ResourcePool.getDataStore(ResourcePool.java:658)
	at org.geoserver.catalog.impl.DataStoreInfoImpl.getDataStore(DataStoreInfoImpl.java:34)
	at org.geoserver.web.data.store.DataAccessNewPage.onSaveDataStore(DataAccessNewPage.java:90)
	at org.geoserver.web.data.store.AbstractDataAccessPage$1.onSubmit(AbstractDataAccessPage.java:176)
	at org.apache.wicket.ajax.markup.html.form.AjaxSubmitLink$1.onSubmit(AjaxSubmitLink.java:111)
	at org.apache.wicket.ajax.form.AjaxFormSubmitBehavior$AjaxFormSubmitter.onSubmit(AjaxFormSubmitBehavior.java:218)
	at org.apache.wicket.markup.html.form.Form.delegateSubmit(Form.java:1312)
	at org.apache.wicket.markup.html.form.Form.process(Form.java:976)
	at org.apache.wicket.markup.html.form.Form.onFormSubmitted(Form.java:797)
	at org.apache.wicket.ajax.form.AjaxFormSubmitBehavior.onEvent(AjaxFormSubmitBehavior.java:174)
	at org.apache.wicket.ajax.AjaxEventBehavior.respond(AjaxEventBehavior.java:155)
	at org.apache.wicket.ajax.AbstractDefaultAjaxBehavior.onRequest(AbstractDefaultAjaxBehavior.java:601)
	at java.base/jdk.internal.reflect.NativeMethodAccessorImpl.invoke0(Native Method)
	at java.base/jdk.internal.reflect.NativeMethodAccessorImpl.invoke(NativeMethodAccessorImpl.java:62)
	at java.base/jdk.internal.reflect.DelegatingMethodAccessorImpl.invoke(DelegatingMethodAccessorImpl.java:43)
	at java.base/java.lang.reflect.Method.invoke(Method.java:566)
	at org.apache.wicket.RequestListenerInterface.internalInvoke(RequestListenerInterface.java:258)
	at org.apache.wicket.RequestListenerInterface.invoke(RequestListenerInterface.java:241)
	at org.apache.wicket.core.request.handler.ListenerInterfaceRequestHandler.invokeListener(ListenerInterfaceRequestHandler.java:248)
	at org.apache.wicket.core.request.handler.ListenerInterfaceRequestHandler.respond(ListenerInterfaceRequestHandler.java:234)
	at org.apache.wicket.request.cycle.RequestCycle$HandlerExecutor.respond(RequestCycle.java:895)
	at org.apache.wicket.request.RequestHandlerStack.execute(RequestHandlerStack.java:64)
	at org.apache.wicket.request.cycle.RequestCycle.execute(RequestCycle.java:265)
	at org.apache.wicket.request.cycle.RequestCycle.processRequest(RequestCycle.java:222)
	at org.apache.wicket.request.cycle.RequestCycle.processRequestAndDetach(RequestCycle.java:293)
	at org.apache.wicket.protocol.http.WicketFilter.processRequestCycle(WicketFilter.java:261)
	at org.apache.wicket.protocol.http.WicketFilter.processRequest(WicketFilter.java:203)
	at org.apache.wicket.protocol.http.WicketServlet.doPost(WicketServlet.java:159)
	at javax.servlet.http.HttpServlet.service(HttpServlet.java:528)
	at javax.servlet.http.HttpServlet.service(HttpServlet.java:596)
	at org.springframework.web.servlet.mvc.ServletWrappingController.handleRequestInternal(ServletWrappingController.java:166)
	at org.springframework.web.servlet.mvc.AbstractController.handleRequest(AbstractController.java:177)
	at org.springframework.web.servlet.mvc.SimpleControllerHandlerAdapter.handle(SimpleControllerHandlerAdapter.java:51)
	at org.springframework.web.servlet.DispatcherServlet.doDispatch(DispatcherServlet.java:1072)
	at org.springframework.web.servlet.DispatcherServlet.doService(DispatcherServlet.java:965)
	at org.springframework.web.servlet.FrameworkServlet.processRequest(FrameworkServlet.java:1006)
	at org.springframework.web.servlet.FrameworkServlet.doPost(FrameworkServlet.java:909)
	at javax.servlet.http.HttpServlet.service(HttpServlet.java:528)
	at org.springframework.web.servlet.FrameworkServlet.service(FrameworkServlet.java:883)
	at javax.servlet.http.HttpServlet.service(HttpServlet.java:596)
	at org.apache.catalina.core.ApplicationFilterChain.internalDoFilter(ApplicationFilterChain.java:209)
	at org.apache.catalina.core.ApplicationFilterChain.doFilter(ApplicationFilterChain.java:153)
	at org.apache.tomcat.websocket.server.WsFilter.doFilter(WsFilter.java:53)
	at org.apache.catalina.core.ApplicationFilterChain.internalDoFilter(ApplicationFilterChain.java:178)
	at org.apache.catalina.core.ApplicationFilterChain.doFilter(ApplicationFilterChain.java:153)
	at org.apache.catalina.filters.CorsFilter.handleNonCORS(CorsFilter.java:328)
	at org.apache.catalina.filters.CorsFilter.doFilter(CorsFilter.java:158)
	at org.apache.catalina.core.ApplicationFilterChain.internalDoFilter(ApplicationFilterChain.java:178)
	at org.apache.catalina.core.ApplicationFilterChain.doFilter(ApplicationFilterChain.java:153)
	at org.apache.catalina.filters.HttpHeaderSecurityFilter.doFilter(HttpHeaderSecurityFilter.java:126)
	at org.apache.catalina.core.ApplicationFilterChain.internalDoFilter(ApplicationFilterChain.java:178)
	at org.apache.catalina.core.ApplicationFilterChain.doFilter(ApplicationFilterChain.java:153)
	at org.geoserver.filters.ThreadLocalsCleanupFilter.doFilter(ThreadLocalsCleanupFilter.java:28)
	at org.apache.catalina.core.ApplicationFilterChain.internalDoFilter(ApplicationFilterChain.java:178)
	at org.apache.catalina.core.ApplicationFilterChain.doFilter(ApplicationFilterChain.java:153)
	at org.geoserver.filters.SpringDelegatingFilter$Chain.doFilter(SpringDelegatingFilter.java:73)
	at org.geoserver.flow.controller.IpBlacklistFilter.doFilter(IpBlacklistFilter.java:89)
	at org.geoserver.filters.SpringDelegatingFilter$Chain.doFilter(SpringDelegatingFilter.java:70)
	at org.geoserver.monitor.MonitorFilter.doFilter(MonitorFilter.java:105)
	at org.geoserver.filters.SpringDelegatingFilter$Chain.doFilter(SpringDelegatingFilter.java:70)
	at org.geoserver.ows.HTTPHeadersCollector.doFilter(HTTPHeadersCollector.java:48)
	at org.geoserver.filters.SpringDelegatingFilter$Chain.doFilter(SpringDelegatingFilter.java:70)
	at org.geoserver.filters.HTTPMethodFilter.doFilter(HTTPMethodFilter.java:36)
	at org.geoserver.filters.SpringDelegatingFilter$Chain.doFilter(SpringDelegatingFilter.java:70)
	at org.geoserver.filters.LoggingFilter.doFilter(LoggingFilter.java:194)
	at org.geoserver.filters.SpringDelegatingFilter$Chain.doFilter(SpringDelegatingFilter.java:70)
	at org.geoserver.filters.SpringDelegatingFilter.doFilter(SpringDelegatingFilter.java:43)
	at org.apache.catalina.core.ApplicationFilterChain.internalDoFilter(ApplicationFilterChain.java:178)
	at org.apache.catalina.core.ApplicationFilterChain.doFilter(ApplicationFilterChain.java:153)
	at org.geoserver.platform.AdvancedDispatchFilter.doFilter(AdvancedDispatchFilter.java:39)
	at org.apache.catalina.core.ApplicationFilterChain.internalDoFilter(ApplicationFilterChain.java:178)
	at org.apache.catalina.core.ApplicationFilterChain.doFilter(ApplicationFilterChain.java:153)
	at org.springframework.security.web.FilterChainProxy$VirtualFilterChain.doFilter(FilterChainProxy.java:337)
	at org.geoserver.security.filter.GeoServerCompositeFilter$NestedFilterChain.doFilter(GeoServerCompositeFilter.java:71)
	at org.springframework.security.web.access.intercept.FilterSecurityInterceptor.invoke(FilterSecurityInterceptor.java:115)
	at org.springframework.security.web.access.intercept.FilterSecurityInterceptor.doFilter(FilterSecurityInterceptor.java:81)
	at org.geoserver.security.filter.GeoServerCompositeFilter$NestedFilterChain.doFilter(GeoServerCompositeFilter.java:75)
	at org.geoserver.security.filter.GeoServerCompositeFilter.doFilter(GeoServerCompositeFilter.java:92)
	at org.springframework.security.web.FilterChainProxy$VirtualFilterChain.doFilter(FilterChainProxy.java:346)
	at org.geoserver.security.filter.GeoServerCompositeFilter$NestedFilterChain.doFilter(GeoServerCompositeFilter.java:71)
	at org.springframework.security.web.access.ExceptionTranslationFilter.doFilter(ExceptionTranslationFilter.java:122)
	at org.springframework.security.web.access.ExceptionTranslationFilter.doFilter(ExceptionTranslationFilter.java:116)
	at org.geoserver.security.filter.GeoServerCompositeFilter$NestedFilterChain.doFilter(GeoServerCompositeFilter.java:75)
	at org.geoserver.security.filter.GeoServerCompositeFilter.doFilter(GeoServerCompositeFilter.java:92)
	at org.springframework.security.web.FilterChainProxy$VirtualFilterChain.doFilter(FilterChainProxy.java:346)
	at org.geoserver.security.filter.GeoServerAnonymousAuthenticationFilter.doFilter(GeoServerAnonymousAuthenticationFilter.java:53)
	at org.springframework.security.web.FilterChainProxy$VirtualFilterChain.doFilter(FilterChainProxy.java:346)
	at org.geoserver.security.filter.GeoServerCompositeFilter$NestedFilterChain.doFilter(GeoServerCompositeFilter.java:71)
	at org.springframework.security.web.authentication.AbstractAuthenticationProcessingFilter.doFilter(AbstractAuthenticationProcessingFilter.java:223)
	at org.springframework.security.web.authentication.AbstractAuthenticationProcessingFilter.doFilter(AbstractAuthenticationProcessingFilter.java:217)
	at org.geoserver.security.filter.GeoServerCompositeFilter$NestedFilterChain.doFilter(GeoServerCompositeFilter.java:75)
	at org.geoserver.security.filter.GeoServerCompositeFilter.doFilter(GeoServerCompositeFilter.java:92)
	at org.geoserver.security.filter.GeoServerUserNamePasswordAuthenticationFilter.doFilter(GeoServerUserNamePasswordAuthenticationFilter.java:122)
	at org.springframework.security.web.FilterChainProxy$VirtualFilterChain.doFilter(FilterChainProxy.java:346)
	at org.geoserver.security.filter.GeoServerCompositeFilter$NestedFilterChain.doFilter(GeoServerCompositeFilter.java:71)
	at org.springframework.security.web.authentication.rememberme.RememberMeAuthenticationFilter.doFilter(RememberMeAuthenticationFilter.java:106)
	at org.springframework.security.web.authentication.rememberme.RememberMeAuthenticationFilter.doFilter(RememberMeAuthenticationFilter.java:97)
	at org.geoserver.security.filter.GeoServerCompositeFilter$NestedFilterChain.doFilter(GeoServerCompositeFilter.java:75)
	at org.geoserver.security.filter.GeoServerCompositeFilter.doFilter(GeoServerCompositeFilter.java:92)
	at org.springframework.security.web.FilterChainProxy$VirtualFilterChain.doFilter(FilterChainProxy.java:346)
	at org.geoserver.security.filter.GeoServerCompositeFilter$NestedFilterChain.doFilter(GeoServerCompositeFilter.java:71)
	at org.geoserver.security.filter.GeoServerSecurityContextPersistenceFilter$1.doFilterInternal(GeoServerSecurityContextPersistenceFilter.java:72)
	at org.springframework.web.filter.OncePerRequestFilter.doFilter(OncePerRequestFilter.java:117)
	at org.geoserver.security.filter.GeoServerCompositeFilter$NestedFilterChain.doFilter(GeoServerCompositeFilter.java:75)
	at org.geoserver.security.filter.GeoServerCompositeFilter.doFilter(GeoServerCompositeFilter.java:92)
	at org.springframework.security.web.FilterChainProxy$VirtualFilterChain.doFilter(FilterChainProxy.java:346)
	at org.springframework.security.web.FilterChainProxy.doFilterInternal(FilterChainProxy.java:221)
	at org.springframework.security.web.FilterChainProxy.doFilter(FilterChainProxy.java:186)
	at org.geoserver.security.GeoServerSecurityFilterChainProxy.doFilter(GeoServerSecurityFilterChainProxy.java:142)
	at org.springframework.web.filter.DelegatingFilterProxy.invokeDelegate(DelegatingFilterProxy.java:354)
	at org.springframework.web.filter.DelegatingFilterProxy.doFilter(DelegatingFilterProxy.java:267)
	at org.apache.catalina.core.ApplicationFilterChain.internalDoFilter(ApplicationFilterChain.java:178)
	at org.apache.catalina.core.ApplicationFilterChain.doFilter(ApplicationFilterChain.java:153)
	at org.geoserver.filters.XFrameOptionsFilter.doFilter(XFrameOptionsFilter.java:100)
	at org.apache.catalina.core.ApplicationFilterChain.internalDoFilter(ApplicationFilterChain.java:178)
	at org.apache.catalina.core.ApplicationFilterChain.doFilter(ApplicationFilterChain.java:153)
	at org.geoserver.filters.GZIPFilter.doFilter(GZIPFilter.java:48)
	at org.apache.catalina.core.ApplicationFilterChain.internalDoFilter(ApplicationFilterChain.java:178)
	at org.apache.catalina.core.ApplicationFilterChain.doFilter(ApplicationFilterChain.java:153)
	at org.geoserver.filters.SessionDebugFilter.doFilter(SessionDebugFilter.java:49)
	at org.apache.catalina.core.ApplicationFilterChain.internalDoFilter(ApplicationFilterChain.java:178)
	at org.apache.catalina.core.ApplicationFilterChain.doFilter(ApplicationFilterChain.java:153)
	at org.geoserver.filters.FlushSafeFilter.doFilter(FlushSafeFilter.java:42)
	at org.apache.catalina.core.ApplicationFilterChain.internalDoFilter(ApplicationFilterChain.java:178)
	at org.apache.catalina.core.ApplicationFilterChain.doFilter(ApplicationFilterChain.java:153)
	at org.springframework.web.filter.CharacterEncodingFilter.doFilterInternal(CharacterEncodingFilter.java:201)
	at org.springframework.web.filter.OncePerRequestFilter.doFilter(OncePerRequestFilter.java:117)
	at org.apache.catalina.core.ApplicationFilterChain.internalDoFilter(ApplicationFilterChain.java:178)
	at org.apache.catalina.core.ApplicationFilterChain.doFilter(ApplicationFilterChain.java:153)
	at org.apache.catalina.core.StandardWrapperValve.invoke(StandardWrapperValve.java:167)
	at org.apache.catalina.core.StandardContextValve.invoke(StandardContextValve.java:90)
	at org.apache.catalina.authenticator.AuthenticatorBase.invoke(AuthenticatorBase.java:492)
	at org.apache.catalina.core.StandardHostValve.invoke(StandardHostValve.java:130)
	at org.apache.catalina.valves.ErrorReportValve.invoke(ErrorReportValve.java:93)
	at org.apache.catalina.valves.AbstractAccessLogValve.invoke(AbstractAccessLogValve.java:673)
	at org.apache.catalina.core.StandardEngineValve.invoke(StandardEngineValve.java:74)
	at org.apache.catalina.connector.CoyoteAdapter.service(CoyoteAdapter.java:343)
	at org.apache.coyote.http11.Http11Processor.service(Http11Processor.java:389)
	at org.apache.coyote.AbstractProcessorLight.process(AbstractProcessorLight.java:63)
	at org.apache.coyote.AbstractProtocol$ConnectionHandler.process(AbstractProtocol.java:926)
	at org.apache.tomcat.util.net.NioEndpoint$SocketProcessor.doRun(NioEndpoint.java:1791)
	at org.apache.tomcat.util.net.SocketProcessorBase.run(SocketProcessorBase.java:49)
	at org.apache.tomcat.util.threads.ThreadPoolExecutor.runWorker(ThreadPoolExecutor.java:1191)
	at org.apache.tomcat.util.threads.ThreadPoolExecutor$Worker.run(ThreadPoolExecutor.java:659)
	at org.apache.tomcat.util.threads.TaskThread$WrappingRunnable.run(TaskThread.java:61)
	at java.base/java.lang.Thread.run(Thread.java:829)
Caused by: java.lang.RuntimeException: Unable to obtain connection: Cannot create PoolableConnectionFactory (Connection to localhost:5432 refused. Check that the hostname and port are correct and that the postmaster is accepting TCP/IP connections.)
	at org.geotools.jdbc.JDBCDataStore.createConnection(JDBCDataStore.java:2293)
	at org.geotools.jdbc.JDBCDataStore.getConnection(JDBCDataStore.java:2235)
	at org.geotools.data.postgis.PostgisNGDataStoreFactory.createDataStoreInternal(PostgisNGDataStoreFactory.java:263)
	at org.geotools.jdbc.JDBCDataStoreFactory.createDataStore(JDBCDataStoreFactory.java:389)
	at org.geotools.jdbc.JDBCDataStoreFactory.createDataStore(JDBCDataStoreFactory.java:47)
	at org.vfny.geoserver.util.DataStoreUtils.getDataAccess(DataStoreUtils.java:66)
	at org.geoserver.catalog.ResourcePool.createDataAccess(ResourcePool.java:755)
	at org.geoserver.catalog.ResourcePool.getDataStore(ResourcePool.java:629)
	... 145 more
Caused by: org.apache.commons.dbcp.SQLNestedException: Cannot create PoolableConnectionFactory (Connection to localhost:5432 refused. Check that the hostname and port are correct and that the postmaster is accepting TCP/IP connections.)
	at org.apache.commons.dbcp.BasicDataSource.createPoolableConnectionFactory(BasicDataSource.java:1549)
	at org.apache.commons.dbcp.BasicDataSource.createDataSource(BasicDataSource.java:1388)
	at org.apache.commons.dbcp.BasicDataSource.getConnection(BasicDataSource.java:1044)
	at org.geotools.data.jdbc.datasource.AbstractManageableDataSource.getConnection(AbstractManageableDataSource.java:42)
	at org.geotools.jdbc.JDBCDataStore.createConnection(JDBCDataStore.java:2277)
	... 152 more
Caused by: org.postgresql.util.PSQLException: Connection to localhost:5432 refused. Check that the hostname and port are correct and that the postmaster is accepting TCP/IP connections.
	at org.postgresql.core.v3.ConnectionFactoryImpl.openConnectionImpl(ConnectionFactoryImpl.java:342)
	at org.postgresql.core.ConnectionFactory.openConnection(ConnectionFactory.java:54)
	at org.postgresql.jdbc.PgConnection.<init>(PgConnection.java:263)
	at org.postgresql.Driver.makeConnection(Driver.java:443)
	at org.postgresql.Driver.connect(Driver.java:297)
	at org.apache.commons.dbcp.DriverConnectionFactory.createConnection(DriverConnectionFactory.java:38)
	at org.apache.commons.dbcp.PoolableConnectionFactory.makeObject(PoolableConnectionFactory.java:582)
	at org.apache.commons.dbcp.BasicDataSource.validateConnectionFactory(BasicDataSource.java:1556)
	at org.apache.commons.dbcp.BasicDataSource.createPoolableConnectionFactory(BasicDataSource.java:1545)
	... 156 more
Caused by: java.net.ConnectException: Connection refused (Connection refused)
	at java.base/java.net.PlainSocketImpl.socketConnect(Native Method)
	at java.base/java.net.AbstractPlainSocketImpl.doConnect(AbstractPlainSocketImpl.java:412)
	at java.base/java.net.AbstractPlainSocketImpl.connectToAddress(AbstractPlainSocketImpl.java:255)
	at java.base/java.net.AbstractPlainSocketImpl.connect(AbstractPlainSocketImpl.java:237)
	at java.base/java.net.SocksSocketImpl.connect(SocksSocketImpl.java:392)
	at java.base/java.net.Socket.connect(Socket.java:609)
	at org.postgresql.core.PGStream.createSocket(PGStream.java:243)
	at org.postgresql.core.PGStream.<init>(PGStream.java:98)
	at org.postgresql.core.v3.ConnectionFactoryImpl.tryConnect(ConnectionFactoryImpl.java:132)
	at org.postgresql.core.v3.ConnectionFactoryImpl.openConnectionImpl(ConnectionFactoryImpl.java:258)
	... 164 more
20 Apr 19:36:00 WARN   [data.store] - Error obtaining new data store
java.io.IOException
	at org.geoserver.catalog.ResourcePool.getDataStore(ResourcePool.java:658)
	at org.geoserver.catalog.impl.DataStoreInfoImpl.getDataStore(DataStoreInfoImpl.java:34)
	at org.geoserver.web.data.store.DataAccessNewPage.onSaveDataStore(DataAccessNewPage.java:90)
	at org.geoserver.web.data.store.AbstractDataAccessPage$2.onSubmitInternal(AbstractDataAccessPage.java:203)
	at org.geoserver.web.GeoserverAjaxSubmitLink.onSubmit(GeoserverAjaxSubmitLink.java:38)
	at org.apache.wicket.ajax.markup.html.form.AjaxSubmitLink$1.onSubmit(AjaxSubmitLink.java:111)
	at org.apache.wicket.ajax.form.AjaxFormSubmitBehavior$AjaxFormSubmitter.onSubmit(AjaxFormSubmitBehavior.java:218)
	at org.apache.wicket.markup.html.form.Form.delegateSubmit(Form.java:1312)
	at org.apache.wicket.markup.html.form.Form.process(Form.java:976)
	at org.apache.wicket.markup.html.form.Form.onFormSubmitted(Form.java:797)
	at org.apache.wicket.ajax.form.AjaxFormSubmitBehavior.onEvent(AjaxFormSubmitBehavior.java:174)
	at org.apache.wicket.ajax.AjaxEventBehavior.respond(AjaxEventBehavior.java:155)
	at org.apache.wicket.ajax.AbstractDefaultAjaxBehavior.onRequest(AbstractDefaultAjaxBehavior.java:601)
	at java.base/jdk.internal.reflect.NativeMethodAccessorImpl.invoke0(Native Method)
	at java.base/jdk.internal.reflect.NativeMethodAccessorImpl.invoke(NativeMethodAccessorImpl.java:62)
	at java.base/jdk.internal.reflect.DelegatingMethodAccessorImpl.invoke(DelegatingMethodAccessorImpl.java:43)
	at java.base/java.lang.reflect.Method.invoke(Method.java:566)
	at org.apache.wicket.RequestListenerInterface.internalInvoke(RequestListenerInterface.java:258)
	at org.apache.wicket.RequestListenerInterface.invoke(RequestListenerInterface.java:241)
	at org.apache.wicket.core.request.handler.ListenerInterfaceRequestHandler.invokeListener(ListenerInterfaceRequestHandler.java:248)
	at org.apache.wicket.core.request.handler.ListenerInterfaceRequestHandler.respond(ListenerInterfaceRequestHandler.java:234)
	at org.apache.wicket.request.cycle.RequestCycle$HandlerExecutor.respond(RequestCycle.java:895)
	at org.apache.wicket.request.RequestHandlerStack.execute(RequestHandlerStack.java:64)
	at org.apache.wicket.request.cycle.RequestCycle.execute(RequestCycle.java:265)
	at org.apache.wicket.request.cycle.RequestCycle.processRequest(RequestCycle.java:222)
	at org.apache.wicket.request.cycle.RequestCycle.processRequestAndDetach(RequestCycle.java:293)
	at org.apache.wicket.protocol.http.WicketFilter.processRequestCycle(WicketFilter.java:261)
	at org.apache.wicket.protocol.http.WicketFilter.processRequest(WicketFilter.java:203)
	at org.apache.wicket.protocol.http.WicketServlet.doPost(WicketServlet.java:159)
	at javax.servlet.http.HttpServlet.service(HttpServlet.java:528)
	at javax.servlet.http.HttpServlet.service(HttpServlet.java:596)
	at org.springframework.web.servlet.mvc.ServletWrappingController.handleRequestInternal(ServletWrappingController.java:166)
	at org.springframework.web.servlet.mvc.AbstractController.handleRequest(AbstractController.java:177)
	at org.springframework.web.servlet.mvc.SimpleControllerHandlerAdapter.handle(SimpleControllerHandlerAdapter.java:51)
	at org.springframework.web.servlet.DispatcherServlet.doDispatch(DispatcherServlet.java:1072)
	at org.springframework.web.servlet.DispatcherServlet.doService(DispatcherServlet.java:965)
	at org.springframework.web.servlet.FrameworkServlet.processRequest(FrameworkServlet.java:1006)
	at org.springframework.web.servlet.FrameworkServlet.doPost(FrameworkServlet.java:909)
	at javax.servlet.http.HttpServlet.service(HttpServlet.java:528)
	at org.springframework.web.servlet.FrameworkServlet.service(FrameworkServlet.java:883)
	at javax.servlet.http.HttpServlet.service(HttpServlet.java:596)
	at org.apache.catalina.core.ApplicationFilterChain.internalDoFilter(ApplicationFilterChain.java:209)
	at org.apache.catalina.core.ApplicationFilterChain.doFilter(ApplicationFilterChain.java:153)
	at org.apache.tomcat.websocket.server.WsFilter.doFilter(WsFilter.java:53)
	at org.apache.catalina.core.ApplicationFilterChain.internalDoFilter(ApplicationFilterChain.java:178)
	at org.apache.catalina.core.ApplicationFilterChain.doFilter(ApplicationFilterChain.java:153)
	at org.apache.catalina.filters.CorsFilter.handleNonCORS(CorsFilter.java:328)
	at org.apache.catalina.filters.CorsFilter.doFilter(CorsFilter.java:158)
	at org.apache.catalina.core.ApplicationFilterChain.internalDoFilter(ApplicationFilterChain.java:178)
	at org.apache.catalina.core.ApplicationFilterChain.doFilter(ApplicationFilterChain.java:153)
	at org.apache.catalina.filters.HttpHeaderSecurityFilter.doFilter(HttpHeaderSecurityFilter.java:126)
	at org.apache.catalina.core.ApplicationFilterChain.internalDoFilter(ApplicationFilterChain.java:178)
	at org.apache.catalina.core.ApplicationFilterChain.doFilter(ApplicationFilterChain.java:153)
	at org.geoserver.filters.ThreadLocalsCleanupFilter.doFilter(ThreadLocalsCleanupFilter.java:28)
	at org.apache.catalina.core.ApplicationFilterChain.internalDoFilter(ApplicationFilterChain.java:178)
	at org.apache.catalina.core.ApplicationFilterChain.doFilter(ApplicationFilterChain.java:153)
	at org.geoserver.filters.SpringDelegatingFilter$Chain.doFilter(SpringDelegatingFilter.java:73)
	at org.geoserver.flow.controller.IpBlacklistFilter.doFilter(IpBlacklistFilter.java:89)
	at org.geoserver.filters.SpringDelegatingFilter$Chain.doFilter(SpringDelegatingFilter.java:70)
	at org.geoserver.monitor.MonitorFilter.doFilter(MonitorFilter.java:105)
	at org.geoserver.filters.SpringDelegatingFilter$Chain.doFilter(SpringDelegatingFilter.java:70)
	at org.geoserver.ows.HTTPHeadersCollector.doFilter(HTTPHeadersCollector.java:48)
	at org.geoserver.filters.SpringDelegatingFilter$Chain.doFilter(SpringDelegatingFilter.java:70)
	at org.geoserver.filters.HTTPMethodFilter.doFilter(HTTPMethodFilter.java:36)
	at org.geoserver.filters.SpringDelegatingFilter$Chain.doFilter(SpringDelegatingFilter.java:70)
	at org.geoserver.filters.LoggingFilter.doFilter(LoggingFilter.java:194)
	at org.geoserver.filters.SpringDelegatingFilter$Chain.doFilter(SpringDelegatingFilter.java:70)
	at org.geoserver.filters.SpringDelegatingFilter.doFilter(SpringDelegatingFilter.java:43)
	at org.apache.catalina.core.ApplicationFilterChain.internalDoFilter(ApplicationFilterChain.java:178)
	at org.apache.catalina.core.ApplicationFilterChain.doFilter(ApplicationFilterChain.java:153)
	at org.geoserver.platform.AdvancedDispatchFilter.doFilter(AdvancedDispatchFilter.java:39)
	at org.apache.catalina.core.ApplicationFilterChain.internalDoFilter(ApplicationFilterChain.java:178)
	at org.apache.catalina.core.ApplicationFilterChain.doFilter(ApplicationFilterChain.java:153)
	at org.springframework.security.web.FilterChainProxy$VirtualFilterChain.doFilter(FilterChainProxy.java:337)
	at org.geoserver.security.filter.GeoServerCompositeFilter$NestedFilterChain.doFilter(GeoServerCompositeFilter.java:71)
	at org.springframework.security.web.access.intercept.FilterSecurityInterceptor.invoke(FilterSecurityInterceptor.java:115)
	at org.springframework.security.web.access.intercept.FilterSecurityInterceptor.doFilter(FilterSecurityInterceptor.java:81)
	at org.geoserver.security.filter.GeoServerCompositeFilter$NestedFilterChain.doFilter(GeoServerCompositeFilter.java:75)
	at org.geoserver.security.filter.GeoServerCompositeFilter.doFilter(GeoServerCompositeFilter.java:92)
	at org.springframework.security.web.FilterChainProxy$VirtualFilterChain.doFilter(FilterChainProxy.java:346)
	at org.geoserver.security.filter.GeoServerCompositeFilter$NestedFilterChain.doFilter(GeoServerCompositeFilter.java:71)
	at org.springframework.security.web.access.ExceptionTranslationFilter.doFilter(ExceptionTranslationFilter.java:122)
	at org.springframework.security.web.access.ExceptionTranslationFilter.doFilter(ExceptionTranslationFilter.java:116)
	at org.geoserver.security.filter.GeoServerCompositeFilter$NestedFilterChain.doFilter(GeoServerCompositeFilter.java:75)
	at org.geoserver.security.filter.GeoServerCompositeFilter.doFilter(GeoServerCompositeFilter.java:92)
	at org.springframework.security.web.FilterChainProxy$VirtualFilterChain.doFilter(FilterChainProxy.java:346)
	at org.geoserver.security.filter.GeoServerAnonymousAuthenticationFilter.doFilter(GeoServerAnonymousAuthenticationFilter.java:53)
	at org.springframework.security.web.FilterChainProxy$VirtualFilterChain.doFilter(FilterChainProxy.java:346)
	at org.geoserver.security.filter.GeoServerCompositeFilter$NestedFilterChain.doFilter(GeoServerCompositeFilter.java:71)
	at org.springframework.security.web.authentication.AbstractAuthenticationProcessingFilter.doFilter(AbstractAuthenticationProcessingFilter.java:223)
	at org.springframework.security.web.authentication.AbstractAuthenticationProcessingFilter.doFilter(AbstractAuthenticationProcessingFilter.java:217)
	at org.geoserver.security.filter.GeoServerCompositeFilter$NestedFilterChain.doFilter(GeoServerCompositeFilter.java:75)
	at org.geoserver.security.filter.GeoServerCompositeFilter.doFilter(GeoServerCompositeFilter.java:92)
	at org.geoserver.security.filter.GeoServerUserNamePasswordAuthenticationFilter.doFilter(GeoServerUserNamePasswordAuthenticationFilter.java:122)
	at org.springframework.security.web.FilterChainProxy$VirtualFilterChain.doFilter(FilterChainProxy.java:346)
	at org.geoserver.security.filter.GeoServerCompositeFilter$NestedFilterChain.doFilter(GeoServerCompositeFilter.java:71)
	at org.springframework.security.web.authentication.rememberme.RememberMeAuthenticationFilter.doFilter(RememberMeAuthenticationFilter.java:106)
	at org.springframework.security.web.authentication.rememberme.RememberMeAuthenticationFilter.doFilter(RememberMeAuthenticationFilter.java:97)
	at org.geoserver.security.filter.GeoServerCompositeFilter$NestedFilterChain.doFilter(GeoServerCompositeFilter.java:75)
	at org.geoserver.security.filter.GeoServerCompositeFilter.doFilter(GeoServerCompositeFilter.java:92)
	at org.springframework.security.web.FilterChainProxy$VirtualFilterChain.doFilter(FilterChainProxy.java:346)
	at org.geoserver.security.filter.GeoServerCompositeFilter$NestedFilterChain.doFilter(GeoServerCompositeFilter.java:71)
	at org.geoserver.security.filter.GeoServerSecurityContextPersistenceFilter$1.doFilterInternal(GeoServerSecurityContextPersistenceFilter.java:72)
	at org.springframework.web.filter.OncePerRequestFilter.doFilter(OncePerRequestFilter.java:117)
	at org.geoserver.security.filter.GeoServerCompositeFilter$NestedFilterChain.doFilter(GeoServerCompositeFilter.java:75)
	at org.geoserver.security.filter.GeoServerCompositeFilter.doFilter(GeoServerCompositeFilter.java:92)
	at org.springframework.security.web.FilterChainProxy$VirtualFilterChain.doFilter(FilterChainProxy.java:346)
	at org.springframework.security.web.FilterChainProxy.doFilterInternal(FilterChainProxy.java:221)
	at org.springframework.security.web.FilterChainProxy.doFilter(FilterChainProxy.java:186)
	at org.geoserver.security.GeoServerSecurityFilterChainProxy.doFilter(GeoServerSecurityFilterChainProxy.java:142)
	at org.springframework.web.filter.DelegatingFilterProxy.invokeDelegate(DelegatingFilterProxy.java:354)
	at org.springframework.web.filter.DelegatingFilterProxy.doFilter(DelegatingFilterProxy.java:267)
	at org.apache.catalina.core.ApplicationFilterChain.internalDoFilter(ApplicationFilterChain.java:178)
	at org.apache.catalina.core.ApplicationFilterChain.doFilter(ApplicationFilterChain.java:153)
	at org.geoserver.filters.XFrameOptionsFilter.doFilter(XFrameOptionsFilter.java:100)
	at org.apache.catalina.core.ApplicationFilterChain.internalDoFilter(ApplicationFilterChain.java:178)
	at org.apache.catalina.core.ApplicationFilterChain.doFilter(ApplicationFilterChain.java:153)
	at org.geoserver.filters.GZIPFilter.doFilter(GZIPFilter.java:48)
	at org.apache.catalina.core.ApplicationFilterChain.internalDoFilter(ApplicationFilterChain.java:178)
	at org.apache.catalina.core.ApplicationFilterChain.doFilter(ApplicationFilterChain.java:153)
	at org.geoserver.filters.SessionDebugFilter.doFilter(SessionDebugFilter.java:49)
	at org.apache.catalina.core.ApplicationFilterChain.internalDoFilter(ApplicationFilterChain.java:178)
	at org.apache.catalina.core.ApplicationFilterChain.doFilter(ApplicationFilterChain.java:153)
	at org.geoserver.filters.FlushSafeFilter.doFilter(FlushSafeFilter.java:42)
	at org.apache.catalina.core.ApplicationFilterChain.internalDoFilter(ApplicationFilterChain.java:178)
	at org.apache.catalina.core.ApplicationFilterChain.doFilter(ApplicationFilterChain.java:153)
	at org.springframework.web.filter.CharacterEncodingFilter.doFilterInternal(CharacterEncodingFilter.java:201)
	at org.springframework.web.filter.OncePerRequestFilter.doFilter(OncePerRequestFilter.java:117)
	at org.apache.catalina.core.ApplicationFilterChain.internalDoFilter(ApplicationFilterChain.java:178)
	at org.apache.catalina.core.ApplicationFilterChain.doFilter(ApplicationFilterChain.java:153)
	at org.apache.catalina.core.StandardWrapperValve.invoke(StandardWrapperValve.java:167)
	at org.apache.catalina.core.StandardContextValve.invoke(StandardContextValve.java:90)
	at org.apache.catalina.authenticator.AuthenticatorBase.invoke(AuthenticatorBase.java:492)
	at org.apache.catalina.core.StandardHostValve.invoke(StandardHostValve.java:130)
	at org.apache.catalina.valves.ErrorReportValve.invoke(ErrorReportValve.java:93)
	at org.apache.catalina.valves.AbstractAccessLogValve.invoke(AbstractAccessLogValve.java:673)
	at org.apache.catalina.core.StandardEngineValve.invoke(StandardEngineValve.java:74)
	at org.apache.catalina.connector.CoyoteAdapter.service(CoyoteAdapter.java:343)
	at org.apache.coyote.http11.Http11Processor.service(Http11Processor.java:389)
	at org.apache.coyote.AbstractProcessorLight.process(AbstractProcessorLight.java:63)
	at org.apache.coyote.AbstractProtocol$ConnectionHandler.process(AbstractProtocol.java:926)
	at org.apache.tomcat.util.net.NioEndpoint$SocketProcessor.doRun(NioEndpoint.java:1791)
	at org.apache.tomcat.util.net.SocketProcessorBase.run(SocketProcessorBase.java:49)
	at org.apache.tomcat.util.threads.ThreadPoolExecutor.runWorker(ThreadPoolExecutor.java:1191)
	at org.apache.tomcat.util.threads.ThreadPoolExecutor$Worker.run(ThreadPoolExecutor.java:659)
	at org.apache.tomcat.util.threads.TaskThread$WrappingRunnable.run(TaskThread.java:61)
	at java.base/java.lang.Thread.run(Thread.java:829)
Caused by: java.lang.RuntimeException: Unable to obtain connection: Cannot create PoolableConnectionFactory (Connection to localhost:5432 refused. Check that the hostname and port are correct and that the postmaster is accepting TCP/IP connections.)
	at org.geotools.jdbc.JDBCDataStore.createConnection(JDBCDataStore.java:2293)
	at org.geotools.jdbc.JDBCDataStore.getConnection(JDBCDataStore.java:2235)
	at org.geotools.data.postgis.PostgisNGDataStoreFactory.createDataStoreInternal(PostgisNGDataStoreFactory.java:263)
	at org.geotools.jdbc.JDBCDataStoreFactory.createDataStore(JDBCDataStoreFactory.java:389)
	at org.geotools.jdbc.JDBCDataStoreFactory.createDataStore(JDBCDataStoreFactory.java:47)
	at org.vfny.geoserver.util.DataStoreUtils.getDataAccess(DataStoreUtils.java:66)
	at org.geoserver.catalog.ResourcePool.createDataAccess(ResourcePool.java:755)
	at org.geoserver.catalog.ResourcePool.getDataStore(ResourcePool.java:629)
	... 146 more
Caused by: org.apache.commons.dbcp.SQLNestedException: Cannot create PoolableConnectionFactory (Connection to localhost:5432 refused. Check that the hostname and port are correct and that the postmaster is accepting TCP/IP connections.)
	at org.apache.commons.dbcp.BasicDataSource.createPoolableConnectionFactory(BasicDataSource.java:1549)
	at org.apache.commons.dbcp.BasicDataSource.createDataSource(BasicDataSource.java:1388)
	at org.apache.commons.dbcp.BasicDataSource.getConnection(BasicDataSource.java:1044)
	at org.geotools.data.jdbc.datasource.AbstractManageableDataSource.getConnection(AbstractManageableDataSource.java:42)
	at org.geotools.jdbc.JDBCDataStore.createConnection(JDBCDataStore.java:2277)
	... 153 more
Caused by: org.postgresql.util.PSQLException: Connection to localhost:5432 refused. Check that the hostname and port are correct and that the postmaster is accepting TCP/IP connections.
	at org.postgresql.core.v3.ConnectionFactoryImpl.openConnectionImpl(ConnectionFactoryImpl.java:342)
	at org.postgresql.core.ConnectionFactory.openConnection(ConnectionFactory.java:54)
	at org.postgresql.jdbc.PgConnection.<init>(PgConnection.java:263)
	at org.postgresql.Driver.makeConnection(Driver.java:443)
	at org.postgresql.Driver.connect(Driver.java:297)
	at org.apache.commons.dbcp.DriverConnectionFactory.createConnection(DriverConnectionFactory.java:38)
	at org.apache.commons.dbcp.PoolableConnectionFactory.makeObject(PoolableConnectionFactory.java:582)
	at org.apache.commons.dbcp.BasicDataSource.validateConnectionFactory(BasicDataSource.java:1556)
	at org.apache.commons.dbcp.BasicDataSource.createPoolableConnectionFactory(BasicDataSource.java:1545)
	... 157 more
Caused by: java.net.ConnectException: Connection refused (Connection refused)
	at java.base/java.net.PlainSocketImpl.socketConnect(Native Method)
	at java.base/java.net.AbstractPlainSocketImpl.doConnect(AbstractPlainSocketImpl.java:412)
	at java.base/java.net.AbstractPlainSocketImpl.connectToAddress(AbstractPlainSocketImpl.java:255)
	at java.base/java.net.AbstractPlainSocketImpl.connect(AbstractPlainSocketImpl.java:237)
	at java.base/java.net.SocksSocketImpl.connect(SocksSocketImpl.java:392)
	at java.base/java.net.Socket.connect(Socket.java:609)
	at org.postgresql.core.PGStream.createSocket(PGStream.java:243)
	at org.postgresql.core.PGStream.<init>(PGStream.java:98)
	at org.postgresql.core.v3.ConnectionFactoryImpl.tryConnect(ConnectionFactoryImpl.java:132)
	at org.postgresql.core.v3.ConnectionFactoryImpl.openConnectionImpl(ConnectionFactoryImpl.java:258)
	... 165 more
20 Apr 19:36:26 WARN   [data.store] - Error obtaining new data store
java.io.IOException
	at org.geoserver.catalog.ResourcePool.getDataStore(ResourcePool.java:658)
	at org.geoserver.catalog.impl.DataStoreInfoImpl.getDataStore(DataStoreInfoImpl.java:34)
	at org.geoserver.web.data.store.DataAccessNewPage.onSaveDataStore(DataAccessNewPage.java:90)
	at org.geoserver.web.data.store.AbstractDataAccessPage$1.onSubmit(AbstractDataAccessPage.java:176)
	at org.apache.wicket.ajax.markup.html.form.AjaxSubmitLink$1.onSubmit(AjaxSubmitLink.java:111)
	at org.apache.wicket.ajax.form.AjaxFormSubmitBehavior$AjaxFormSubmitter.onSubmit(AjaxFormSubmitBehavior.java:218)
	at org.apache.wicket.markup.html.form.Form.delegateSubmit(Form.java:1312)
	at org.apache.wicket.markup.html.form.Form.process(Form.java:976)
	at org.apache.wicket.markup.html.form.Form.onFormSubmitted(Form.java:797)
	at org.apache.wicket.ajax.form.AjaxFormSubmitBehavior.onEvent(AjaxFormSubmitBehavior.java:174)
	at org.apache.wicket.ajax.AjaxEventBehavior.respond(AjaxEventBehavior.java:155)
	at org.apache.wicket.ajax.AbstractDefaultAjaxBehavior.onRequest(AbstractDefaultAjaxBehavior.java:601)
	at java.base/jdk.internal.reflect.NativeMethodAccessorImpl.invoke0(Native Method)
	at java.base/jdk.internal.reflect.NativeMethodAccessorImpl.invoke(NativeMethodAccessorImpl.java:62)
	at java.base/jdk.internal.reflect.DelegatingMethodAccessorImpl.invoke(DelegatingMethodAccessorImpl.java:43)
	at java.base/java.lang.reflect.Method.invoke(Method.java:566)
	at org.apache.wicket.RequestListenerInterface.internalInvoke(RequestListenerInterface.java:258)
	at org.apache.wicket.RequestListenerInterface.invoke(RequestListenerInterface.java:241)
	at org.apache.wicket.core.request.handler.ListenerInterfaceRequestHandler.invokeListener(ListenerInterfaceRequestHandler.java:248)
	at org.apache.wicket.core.request.handler.ListenerInterfaceRequestHandler.respond(ListenerInterfaceRequestHandler.java:234)
	at org.apache.wicket.request.cycle.RequestCycle$HandlerExecutor.respond(RequestCycle.java:895)
	at org.apache.wicket.request.RequestHandlerStack.execute(RequestHandlerStack.java:64)
	at org.apache.wicket.request.cycle.RequestCycle.execute(RequestCycle.java:265)
	at org.apache.wicket.request.cycle.RequestCycle.processRequest(RequestCycle.java:222)
	at org.apache.wicket.request.cycle.RequestCycle.processRequestAndDetach(RequestCycle.java:293)
	at org.apache.wicket.protocol.http.WicketFilter.processRequestCycle(WicketFilter.java:261)
	at org.apache.wicket.protocol.http.WicketFilter.processRequest(WicketFilter.java:203)
	at org.apache.wicket.protocol.http.WicketServlet.doPost(WicketServlet.java:159)
	at javax.servlet.http.HttpServlet.service(HttpServlet.java:528)
	at javax.servlet.http.HttpServlet.service(HttpServlet.java:596)
	at org.springframework.web.servlet.mvc.ServletWrappingController.handleRequestInternal(ServletWrappingController.java:166)
	at org.springframework.web.servlet.mvc.AbstractController.handleRequest(AbstractController.java:177)
	at org.springframework.web.servlet.mvc.SimpleControllerHandlerAdapter.handle(SimpleControllerHandlerAdapter.java:51)
	at org.springframework.web.servlet.DispatcherServlet.doDispatch(DispatcherServlet.java:1072)
	at org.springframework.web.servlet.DispatcherServlet.doService(DispatcherServlet.java:965)
	at org.springframework.web.servlet.FrameworkServlet.processRequest(FrameworkServlet.java:1006)
	at org.springframework.web.servlet.FrameworkServlet.doPost(FrameworkServlet.java:909)
	at javax.servlet.http.HttpServlet.service(HttpServlet.java:528)
	at org.springframework.web.servlet.FrameworkServlet.service(FrameworkServlet.java:883)
	at javax.servlet.http.HttpServlet.service(HttpServlet.java:596)
	at org.apache.catalina.core.ApplicationFilterChain.internalDoFilter(ApplicationFilterChain.java:209)
	at org.apache.catalina.core.ApplicationFilterChain.doFilter(ApplicationFilterChain.java:153)
	at org.apache.tomcat.websocket.server.WsFilter.doFilter(WsFilter.java:53)
	at org.apache.catalina.core.ApplicationFilterChain.internalDoFilter(ApplicationFilterChain.java:178)
	at org.apache.catalina.core.ApplicationFilterChain.doFilter(ApplicationFilterChain.java:153)
	at org.apache.catalina.filters.CorsFilter.handleNonCORS(CorsFilter.java:328)
	at org.apache.catalina.filters.CorsFilter.doFilter(CorsFilter.java:158)
	at org.apache.catalina.core.ApplicationFilterChain.internalDoFilter(ApplicationFilterChain.java:178)
	at org.apache.catalina.core.ApplicationFilterChain.doFilter(ApplicationFilterChain.java:153)
	at org.apache.catalina.filters.HttpHeaderSecurityFilter.doFilter(HttpHeaderSecurityFilter.java:126)
	at org.apache.catalina.core.ApplicationFilterChain.internalDoFilter(ApplicationFilterChain.java:178)
	at org.apache.catalina.core.ApplicationFilterChain.doFilter(ApplicationFilterChain.java:153)
	at org.geoserver.filters.ThreadLocalsCleanupFilter.doFilter(ThreadLocalsCleanupFilter.java:28)
	at org.apache.catalina.core.ApplicationFilterChain.internalDoFilter(ApplicationFilterChain.java:178)
	at org.apache.catalina.core.ApplicationFilterChain.doFilter(ApplicationFilterChain.java:153)
	at org.geoserver.filters.SpringDelegatingFilter$Chain.doFilter(SpringDelegatingFilter.java:73)
	at org.geoserver.flow.controller.IpBlacklistFilter.doFilter(IpBlacklistFilter.java:89)
	at org.geoserver.filters.SpringDelegatingFilter$Chain.doFilter(SpringDelegatingFilter.java:70)
	at org.geoserver.monitor.MonitorFilter.doFilter(MonitorFilter.java:105)
	at org.geoserver.filters.SpringDelegatingFilter$Chain.doFilter(SpringDelegatingFilter.java:70)
	at org.geoserver.ows.HTTPHeadersCollector.doFilter(HTTPHeadersCollector.java:48)
	at org.geoserver.filters.SpringDelegatingFilter$Chain.doFilter(SpringDelegatingFilter.java:70)
	at org.geoserver.filters.HTTPMethodFilter.doFilter(HTTPMethodFilter.java:36)
	at org.geoserver.filters.SpringDelegatingFilter$Chain.doFilter(SpringDelegatingFilter.java:70)
	at org.geoserver.filters.LoggingFilter.doFilter(LoggingFilter.java:194)
	at org.geoserver.filters.SpringDelegatingFilter$Chain.doFilter(SpringDelegatingFilter.java:70)
	at org.geoserver.filters.SpringDelegatingFilter.doFilter(SpringDelegatingFilter.java:43)
	at org.apache.catalina.core.ApplicationFilterChain.internalDoFilter(ApplicationFilterChain.java:178)
	at org.apache.catalina.core.ApplicationFilterChain.doFilter(ApplicationFilterChain.java:153)
	at org.geoserver.platform.AdvancedDispatchFilter.doFilter(AdvancedDispatchFilter.java:39)
	at org.apache.catalina.core.ApplicationFilterChain.internalDoFilter(ApplicationFilterChain.java:178)
	at org.apache.catalina.core.ApplicationFilterChain.doFilter(ApplicationFilterChain.java:153)
	at org.springframework.security.web.FilterChainProxy$VirtualFilterChain.doFilter(FilterChainProxy.java:337)
	at org.geoserver.security.filter.GeoServerCompositeFilter$NestedFilterChain.doFilter(GeoServerCompositeFilter.java:71)
	at org.springframework.security.web.access.intercept.FilterSecurityInterceptor.invoke(FilterSecurityInterceptor.java:115)
	at org.springframework.security.web.access.intercept.FilterSecurityInterceptor.doFilter(FilterSecurityInterceptor.java:81)
	at org.geoserver.security.filter.GeoServerCompositeFilter$NestedFilterChain.doFilter(GeoServerCompositeFilter.java:75)
	at org.geoserver.security.filter.GeoServerCompositeFilter.doFilter(GeoServerCompositeFilter.java:92)
	at org.springframework.security.web.FilterChainProxy$VirtualFilterChain.doFilter(FilterChainProxy.java:346)
	at org.geoserver.security.filter.GeoServerCompositeFilter$NestedFilterChain.doFilter(GeoServerCompositeFilter.java:71)
	at org.springframework.security.web.access.ExceptionTranslationFilter.doFilter(ExceptionTranslationFilter.java:122)
	at org.springframework.security.web.access.ExceptionTranslationFilter.doFilter(ExceptionTranslationFilter.java:116)
	at org.geoserver.security.filter.GeoServerCompositeFilter$NestedFilterChain.doFilter(GeoServerCompositeFilter.java:75)
	at org.geoserver.security.filter.GeoServerCompositeFilter.doFilter(GeoServerCompositeFilter.java:92)
	at org.springframework.security.web.FilterChainProxy$VirtualFilterChain.doFilter(FilterChainProxy.java:346)
	at org.geoserver.security.filter.GeoServerAnonymousAuthenticationFilter.doFilter(GeoServerAnonymousAuthenticationFilter.java:53)
	at org.springframework.security.web.FilterChainProxy$VirtualFilterChain.doFilter(FilterChainProxy.java:346)
	at org.geoserver.security.filter.GeoServerCompositeFilter$NestedFilterChain.doFilter(GeoServerCompositeFilter.java:71)
	at org.springframework.security.web.authentication.AbstractAuthenticationProcessingFilter.doFilter(AbstractAuthenticationProcessingFilter.java:223)
	at org.springframework.security.web.authentication.AbstractAuthenticationProcessingFilter.doFilter(AbstractAuthenticationProcessingFilter.java:217)
	at org.geoserver.security.filter.GeoServerCompositeFilter$NestedFilterChain.doFilter(GeoServerCompositeFilter.java:75)
	at org.geoserver.security.filter.GeoServerCompositeFilter.doFilter(GeoServerCompositeFilter.java:92)
	at org.geoserver.security.filter.GeoServerUserNamePasswordAuthenticationFilter.doFilter(GeoServerUserNamePasswordAuthenticationFilter.java:122)
	at org.springframework.security.web.FilterChainProxy$VirtualFilterChain.doFilter(FilterChainProxy.java:346)
	at org.geoserver.security.filter.GeoServerCompositeFilter$NestedFilterChain.doFilter(GeoServerCompositeFilter.java:71)
	at org.springframework.security.web.authentication.rememberme.RememberMeAuthenticationFilter.doFilter(RememberMeAuthenticationFilter.java:106)
	at org.springframework.security.web.authentication.rememberme.RememberMeAuthenticationFilter.doFilter(RememberMeAuthenticationFilter.java:97)
	at org.geoserver.security.filter.GeoServerCompositeFilter$NestedFilterChain.doFilter(GeoServerCompositeFilter.java:75)
	at org.geoserver.security.filter.GeoServerCompositeFilter.doFilter(GeoServerCompositeFilter.java:92)
	at org.springframework.security.web.FilterChainProxy$VirtualFilterChain.doFilter(FilterChainProxy.java:346)
	at org.geoserver.security.filter.GeoServerCompositeFilter$NestedFilterChain.doFilter(GeoServerCompositeFilter.java:71)
	at org.geoserver.security.filter.GeoServerSecurityContextPersistenceFilter$1.doFilterInternal(GeoServerSecurityContextPersistenceFilter.java:72)
	at org.springframework.web.filter.OncePerRequestFilter.doFilter(OncePerRequestFilter.java:117)
	at org.geoserver.security.filter.GeoServerCompositeFilter$NestedFilterChain.doFilter(GeoServerCompositeFilter.java:75)
	at org.geoserver.security.filter.GeoServerCompositeFilter.doFilter(GeoServerCompositeFilter.java:92)
	at org.springframework.security.web.FilterChainProxy$VirtualFilterChain.doFilter(FilterChainProxy.java:346)
	at org.springframework.security.web.FilterChainProxy.doFilterInternal(FilterChainProxy.java:221)
	at org.springframework.security.web.FilterChainProxy.doFilter(FilterChainProxy.java:186)
	at org.geoserver.security.GeoServerSecurityFilterChainProxy.doFilter(GeoServerSecurityFilterChainProxy.java:142)
	at org.springframework.web.filter.DelegatingFilterProxy.invokeDelegate(DelegatingFilterProxy.java:354)
	at org.springframework.web.filter.DelegatingFilterProxy.doFilter(DelegatingFilterProxy.java:267)
	at org.apache.catalina.core.ApplicationFilterChain.internalDoFilter(ApplicationFilterChain.java:178)
	at org.apache.catalina.core.ApplicationFilterChain.doFilter(ApplicationFilterChain.java:153)
	at org.geoserver.filters.XFrameOptionsFilter.doFilter(XFrameOptionsFilter.java:100)
	at org.apache.catalina.core.ApplicationFilterChain.internalDoFilter(ApplicationFilterChain.java:178)
	at org.apache.catalina.core.ApplicationFilterChain.doFilter(ApplicationFilterChain.java:153)
	at org.geoserver.filters.GZIPFilter.doFilter(GZIPFilter.java:48)
	at org.apache.catalina.core.ApplicationFilterChain.internalDoFilter(ApplicationFilterChain.java:178)
	at org.apache.catalina.core.ApplicationFilterChain.doFilter(ApplicationFilterChain.java:153)
	at org.geoserver.filters.SessionDebugFilter.doFilter(SessionDebugFilter.java:49)
	at org.apache.catalina.core.ApplicationFilterChain.internalDoFilter(ApplicationFilterChain.java:178)
	at org.apache.catalina.core.ApplicationFilterChain.doFilter(ApplicationFilterChain.java:153)
	at org.geoserver.filters.FlushSafeFilter.doFilter(FlushSafeFilter.java:42)
	at org.apache.catalina.core.ApplicationFilterChain.internalDoFilter(ApplicationFilterChain.java:178)
	at org.apache.catalina.core.ApplicationFilterChain.doFilter(ApplicationFilterChain.java:153)
	at org.springframework.web.filter.CharacterEncodingFilter.doFilterInternal(CharacterEncodingFilter.java:201)
	at org.springframework.web.filter.OncePerRequestFilter.doFilter(OncePerRequestFilter.java:117)
	at org.apache.catalina.core.ApplicationFilterChain.internalDoFilter(ApplicationFilterChain.java:178)
	at org.apache.catalina.core.ApplicationFilterChain.doFilter(ApplicationFilterChain.java:153)
	at org.apache.catalina.core.StandardWrapperValve.invoke(StandardWrapperValve.java:167)
	at org.apache.catalina.core.StandardContextValve.invoke(StandardContextValve.java:90)
	at org.apache.catalina.authenticator.AuthenticatorBase.invoke(AuthenticatorBase.java:492)
	at org.apache.catalina.core.StandardHostValve.invoke(StandardHostValve.java:130)
	at org.apache.catalina.valves.ErrorReportValve.invoke(ErrorReportValve.java:93)
	at org.apache.catalina.valves.AbstractAccessLogValve.invoke(AbstractAccessLogValve.java:673)
	at org.apache.catalina.core.StandardEngineValve.invoke(StandardEngineValve.java:74)
	at org.apache.catalina.connector.CoyoteAdapter.service(CoyoteAdapter.java:343)
	at org.apache.coyote.http11.Http11Processor.service(Http11Processor.java:389)
	at org.apache.coyote.AbstractProcessorLight.process(AbstractProcessorLight.java:63)
	at org.apache.coyote.AbstractProtocol$ConnectionHandler.process(AbstractProtocol.java:926)
	at org.apache.tomcat.util.net.NioEndpoint$SocketProcessor.doRun(NioEndpoint.java:1791)
	at org.apache.tomcat.util.net.SocketProcessorBase.run(SocketProcessorBase.java:49)
	at org.apache.tomcat.util.threads.ThreadPoolExecutor.runWorker(ThreadPoolExecutor.java:1191)
	at org.apache.tomcat.util.threads.ThreadPoolExecutor$Worker.run(ThreadPoolExecutor.java:659)
	at org.apache.tomcat.util.threads.TaskThread$WrappingRunnable.run(TaskThread.java:61)
	at java.base/java.lang.Thread.run(Thread.java:829)
Caused by: java.lang.RuntimeException: Unable to obtain connection: Cannot create PoolableConnectionFactory (Connection to localhost:5432 refused. Check that the hostname and port are correct and that the postmaster is accepting TCP/IP connections.)
	at org.geotools.jdbc.JDBCDataStore.createConnection(JDBCDataStore.java:2293)
	at org.geotools.jdbc.JDBCDataStore.getConnection(JDBCDataStore.java:2235)
	at org.geotools.data.postgis.PostgisNGDataStoreFactory.createDataStoreInternal(PostgisNGDataStoreFactory.java:263)
	at org.geotools.jdbc.JDBCDataStoreFactory.createDataStore(JDBCDataStoreFactory.java:389)
	at org.geotools.jdbc.JDBCDataStoreFactory.createDataStore(JDBCDataStoreFactory.java:47)
	at org.vfny.geoserver.util.DataStoreUtils.getDataAccess(DataStoreUtils.java:66)
	at org.geoserver.catalog.ResourcePool.createDataAccess(ResourcePool.java:755)
	at org.geoserver.catalog.ResourcePool.getDataStore(ResourcePool.java:629)
	... 145 more
Caused by: org.apache.commons.dbcp.SQLNestedException: Cannot create PoolableConnectionFactory (Connection to localhost:5432 refused. Check that the hostname and port are correct and that the postmaster is accepting TCP/IP connections.)
	at org.apache.commons.dbcp.BasicDataSource.createPoolableConnectionFactory(BasicDataSource.java:1549)
	at org.apache.commons.dbcp.BasicDataSource.createDataSource(BasicDataSource.java:1388)
	at org.apache.commons.dbcp.BasicDataSource.getConnection(BasicDataSource.java:1044)
	at org.geotools.data.jdbc.datasource.AbstractManageableDataSource.getConnection(AbstractManageableDataSource.java:42)
	at org.geotools.jdbc.JDBCDataStore.createConnection(JDBCDataStore.java:2277)
	... 152 more
Caused by: org.postgresql.util.PSQLException: Connection to localhost:5432 refused. Check that the hostname and port are correct and that the postmaster is accepting TCP/IP connections.
	at org.postgresql.core.v3.ConnectionFactoryImpl.openConnectionImpl(ConnectionFactoryImpl.java:342)
	at org.postgresql.core.ConnectionFactory.openConnection(ConnectionFactory.java:54)
	at org.postgresql.jdbc.PgConnection.<init>(PgConnection.java:263)
	at org.postgresql.Driver.makeConnection(Driver.java:443)
	at org.postgresql.Driver.connect(Driver.java:297)
	at org.apache.commons.dbcp.DriverConnectionFactory.createConnection(DriverConnectionFactory.java:38)
	at org.apache.commons.dbcp.PoolableConnectionFactory.makeObject(PoolableConnectionFactory.java:582)
	at org.apache.commons.dbcp.BasicDataSource.validateConnectionFactory(BasicDataSource.java:1556)
	at org.apache.commons.dbcp.BasicDataSource.createPoolableConnectionFactory(BasicDataSource.java:1545)
	... 156 more
Caused by: java.net.ConnectException: Connection refused (Connection refused)
	at java.base/java.net.PlainSocketImpl.socketConnect(Native Method)
	at java.base/java.net.AbstractPlainSocketImpl.doConnect(AbstractPlainSocketImpl.java:412)
	at java.base/java.net.AbstractPlainSocketImpl.connectToAddress(AbstractPlainSocketImpl.java:255)
	at java.base/java.net.AbstractPlainSocketImpl.connect(AbstractPlainSocketImpl.java:237)
	at java.base/java.net.SocksSocketImpl.connect(SocksSocketImpl.java:392)
	at java.base/java.net.Socket.connect(Socket.java:609)
	at org.postgresql.core.PGStream.createSocket(PGStream.java:243)
	at org.postgresql.core.PGStream.<init>(PGStream.java:98)
	at org.postgresql.core.v3.ConnectionFactoryImpl.tryConnect(ConnectionFactoryImpl.java:132)
	at org.postgresql.core.v3.ConnectionFactoryImpl.openConnectionImpl(ConnectionFactoryImpl.java:258)
	... 164 more
20 Apr 19:36:30 WARN   [data.store] - Error obtaining new data store
java.io.IOException
	at org.geoserver.catalog.ResourcePool.getDataStore(ResourcePool.java:658)
	at org.geoserver.catalog.impl.DataStoreInfoImpl.getDataStore(DataStoreInfoImpl.java:34)
	at org.geoserver.web.data.store.DataAccessNewPage.onSaveDataStore(DataAccessNewPage.java:90)
	at org.geoserver.web.data.store.AbstractDataAccessPage$1.onSubmit(AbstractDataAccessPage.java:176)
	at org.apache.wicket.ajax.markup.html.form.AjaxSubmitLink$1.onSubmit(AjaxSubmitLink.java:111)
	at org.apache.wicket.ajax.form.AjaxFormSubmitBehavior$AjaxFormSubmitter.onSubmit(AjaxFormSubmitBehavior.java:218)
	at org.apache.wicket.markup.html.form.Form.delegateSubmit(Form.java:1312)
	at org.apache.wicket.markup.html.form.Form.process(Form.java:976)
	at org.apache.wicket.markup.html.form.Form.onFormSubmitted(Form.java:797)
	at org.apache.wicket.ajax.form.AjaxFormSubmitBehavior.onEvent(AjaxFormSubmitBehavior.java:174)
	at org.apache.wicket.ajax.AjaxEventBehavior.respond(AjaxEventBehavior.java:155)
	at org.apache.wicket.ajax.AbstractDefaultAjaxBehavior.onRequest(AbstractDefaultAjaxBehavior.java:601)
	at java.base/jdk.internal.reflect.NativeMethodAccessorImpl.invoke0(Native Method)
	at java.base/jdk.internal.reflect.NativeMethodAccessorImpl.invoke(NativeMethodAccessorImpl.java:62)
	at java.base/jdk.internal.reflect.DelegatingMethodAccessorImpl.invoke(DelegatingMethodAccessorImpl.java:43)
	at java.base/java.lang.reflect.Method.invoke(Method.java:566)
	at org.apache.wicket.RequestListenerInterface.internalInvoke(RequestListenerInterface.java:258)
	at org.apache.wicket.RequestListenerInterface.invoke(RequestListenerInterface.java:241)
	at org.apache.wicket.core.request.handler.ListenerInterfaceRequestHandler.invokeListener(ListenerInterfaceRequestHandler.java:248)
	at org.apache.wicket.core.request.handler.ListenerInterfaceRequestHandler.respond(ListenerInterfaceRequestHandler.java:234)
	at org.apache.wicket.request.cycle.RequestCycle$HandlerExecutor.respond(RequestCycle.java:895)
	at org.apache.wicket.request.RequestHandlerStack.execute(RequestHandlerStack.java:64)
	at org.apache.wicket.request.cycle.RequestCycle.execute(RequestCycle.java:265)
	at org.apache.wicket.request.cycle.RequestCycle.processRequest(RequestCycle.java:222)
	at org.apache.wicket.request.cycle.RequestCycle.processRequestAndDetach(RequestCycle.java:293)
	at org.apache.wicket.protocol.http.WicketFilter.processRequestCycle(WicketFilter.java:261)
	at org.apache.wicket.protocol.http.WicketFilter.processRequest(WicketFilter.java:203)
	at org.apache.wicket.protocol.http.WicketServlet.doPost(WicketServlet.java:159)
	at javax.servlet.http.HttpServlet.service(HttpServlet.java:528)
	at javax.servlet.http.HttpServlet.service(HttpServlet.java:596)
	at org.springframework.web.servlet.mvc.ServletWrappingController.handleRequestInternal(ServletWrappingController.java:166)
	at org.springframework.web.servlet.mvc.AbstractController.handleRequest(AbstractController.java:177)
	at org.springframework.web.servlet.mvc.SimpleControllerHandlerAdapter.handle(SimpleControllerHandlerAdapter.java:51)
	at org.springframework.web.servlet.DispatcherServlet.doDispatch(DispatcherServlet.java:1072)
	at org.springframework.web.servlet.DispatcherServlet.doService(DispatcherServlet.java:965)
	at org.springframework.web.servlet.FrameworkServlet.processRequest(FrameworkServlet.java:1006)
	at org.springframework.web.servlet.FrameworkServlet.doPost(FrameworkServlet.java:909)
	at javax.servlet.http.HttpServlet.service(HttpServlet.java:528)
	at org.springframework.web.servlet.FrameworkServlet.service(FrameworkServlet.java:883)
	at javax.servlet.http.HttpServlet.service(HttpServlet.java:596)
	at org.apache.catalina.core.ApplicationFilterChain.internalDoFilter(ApplicationFilterChain.java:209)
	at org.apache.catalina.core.ApplicationFilterChain.doFilter(ApplicationFilterChain.java:153)
	at org.apache.tomcat.websocket.server.WsFilter.doFilter(WsFilter.java:53)
	at org.apache.catalina.core.ApplicationFilterChain.internalDoFilter(ApplicationFilterChain.java:178)
	at org.apache.catalina.core.ApplicationFilterChain.doFilter(ApplicationFilterChain.java:153)
	at org.apache.catalina.filters.CorsFilter.handleNonCORS(CorsFilter.java:328)
	at org.apache.catalina.filters.CorsFilter.doFilter(CorsFilter.java:158)
	at org.apache.catalina.core.ApplicationFilterChain.internalDoFilter(ApplicationFilterChain.java:178)
	at org.apache.catalina.core.ApplicationFilterChain.doFilter(ApplicationFilterChain.java:153)
	at org.apache.catalina.filters.HttpHeaderSecurityFilter.doFilter(HttpHeaderSecurityFilter.java:126)
	at org.apache.catalina.core.ApplicationFilterChain.internalDoFilter(ApplicationFilterChain.java:178)
	at org.apache.catalina.core.ApplicationFilterChain.doFilter(ApplicationFilterChain.java:153)
	at org.geoserver.filters.ThreadLocalsCleanupFilter.doFilter(ThreadLocalsCleanupFilter.java:28)
	at org.apache.catalina.core.ApplicationFilterChain.internalDoFilter(ApplicationFilterChain.java:178)
	at org.apache.catalina.core.ApplicationFilterChain.doFilter(ApplicationFilterChain.java:153)
	at org.geoserver.filters.SpringDelegatingFilter$Chain.doFilter(SpringDelegatingFilter.java:73)
	at org.geoserver.flow.controller.IpBlacklistFilter.doFilter(IpBlacklistFilter.java:89)
	at org.geoserver.filters.SpringDelegatingFilter$Chain.doFilter(SpringDelegatingFilter.java:70)
	at org.geoserver.monitor.MonitorFilter.doFilter(MonitorFilter.java:105)
	at org.geoserver.filters.SpringDelegatingFilter$Chain.doFilter(SpringDelegatingFilter.java:70)
	at org.geoserver.ows.HTTPHeadersCollector.doFilter(HTTPHeadersCollector.java:48)
	at org.geoserver.filters.SpringDelegatingFilter$Chain.doFilter(SpringDelegatingFilter.java:70)
	at org.geoserver.filters.HTTPMethodFilter.doFilter(HTTPMethodFilter.java:36)
	at org.geoserver.filters.SpringDelegatingFilter$Chain.doFilter(SpringDelegatingFilter.java:70)
	at org.geoserver.filters.LoggingFilter.doFilter(LoggingFilter.java:194)
	at org.geoserver.filters.SpringDelegatingFilter$Chain.doFilter(SpringDelegatingFilter.java:70)
	at org.geoserver.filters.SpringDelegatingFilter.doFilter(SpringDelegatingFilter.java:43)
	at org.apache.catalina.core.ApplicationFilterChain.internalDoFilter(ApplicationFilterChain.java:178)
	at org.apache.catalina.core.ApplicationFilterChain.doFilter(ApplicationFilterChain.java:153)
	at org.geoserver.platform.AdvancedDispatchFilter.doFilter(AdvancedDispatchFilter.java:39)
	at org.apache.catalina.core.ApplicationFilterChain.internalDoFilter(ApplicationFilterChain.java:178)
	at org.apache.catalina.core.ApplicationFilterChain.doFilter(ApplicationFilterChain.java:153)
	at org.springframework.security.web.FilterChainProxy$VirtualFilterChain.doFilter(FilterChainProxy.java:337)
	at org.geoserver.security.filter.GeoServerCompositeFilter$NestedFilterChain.doFilter(GeoServerCompositeFilter.java:71)
	at org.springframework.security.web.access.intercept.FilterSecurityInterceptor.invoke(FilterSecurityInterceptor.java:115)
	at org.springframework.security.web.access.intercept.FilterSecurityInterceptor.doFilter(FilterSecurityInterceptor.java:81)
	at org.geoserver.security.filter.GeoServerCompositeFilter$NestedFilterChain.doFilter(GeoServerCompositeFilter.java:75)
	at org.geoserver.security.filter.GeoServerCompositeFilter.doFilter(GeoServerCompositeFilter.java:92)
	at org.springframework.security.web.FilterChainProxy$VirtualFilterChain.doFilter(FilterChainProxy.java:346)
	at org.geoserver.security.filter.GeoServerCompositeFilter$NestedFilterChain.doFilter(GeoServerCompositeFilter.java:71)
	at org.springframework.security.web.access.ExceptionTranslationFilter.doFilter(ExceptionTranslationFilter.java:122)
	at org.springframework.security.web.access.ExceptionTranslationFilter.doFilter(ExceptionTranslationFilter.java:116)
	at org.geoserver.security.filter.GeoServerCompositeFilter$NestedFilterChain.doFilter(GeoServerCompositeFilter.java:75)
	at org.geoserver.security.filter.GeoServerCompositeFilter.doFilter(GeoServerCompositeFilter.java:92)
	at org.springframework.security.web.FilterChainProxy$VirtualFilterChain.doFilter(FilterChainProxy.java:346)
	at org.geoserver.security.filter.GeoServerAnonymousAuthenticationFilter.doFilter(GeoServerAnonymousAuthenticationFilter.java:53)
	at org.springframework.security.web.FilterChainProxy$VirtualFilterChain.doFilter(FilterChainProxy.java:346)
	at org.geoserver.security.filter.GeoServerCompositeFilter$NestedFilterChain.doFilter(GeoServerCompositeFilter.java:71)
	at org.springframework.security.web.authentication.AbstractAuthenticationProcessingFilter.doFilter(AbstractAuthenticationProcessingFilter.java:223)
	at org.springframework.security.web.authentication.AbstractAuthenticationProcessingFilter.doFilter(AbstractAuthenticationProcessingFilter.java:217)
	at org.geoserver.security.filter.GeoServerCompositeFilter$NestedFilterChain.doFilter(GeoServerCompositeFilter.java:75)
	at org.geoserver.security.filter.GeoServerCompositeFilter.doFilter(GeoServerCompositeFilter.java:92)
	at org.geoserver.security.filter.GeoServerUserNamePasswordAuthenticationFilter.doFilter(GeoServerUserNamePasswordAuthenticationFilter.java:122)
	at org.springframework.security.web.FilterChainProxy$VirtualFilterChain.doFilter(FilterChainProxy.java:346)
	at org.geoserver.security.filter.GeoServerCompositeFilter$NestedFilterChain.doFilter(GeoServerCompositeFilter.java:71)
	at org.springframework.security.web.authentication.rememberme.RememberMeAuthenticationFilter.doFilter(RememberMeAuthenticationFilter.java:106)
	at org.springframework.security.web.authentication.rememberme.RememberMeAuthenticationFilter.doFilter(RememberMeAuthenticationFilter.java:97)
	at org.geoserver.security.filter.GeoServerCompositeFilter$NestedFilterChain.doFilter(GeoServerCompositeFilter.java:75)
	at org.geoserver.security.filter.GeoServerCompositeFilter.doFilter(GeoServerCompositeFilter.java:92)
	at org.springframework.security.web.FilterChainProxy$VirtualFilterChain.doFilter(FilterChainProxy.java:346)
	at org.geoserver.security.filter.GeoServerCompositeFilter$NestedFilterChain.doFilter(GeoServerCompositeFilter.java:71)
	at org.geoserver.security.filter.GeoServerSecurityContextPersistenceFilter$1.doFilterInternal(GeoServerSecurityContextPersistenceFilter.java:72)
	at org.springframework.web.filter.OncePerRequestFilter.doFilter(OncePerRequestFilter.java:117)
	at org.geoserver.security.filter.GeoServerCompositeFilter$NestedFilterChain.doFilter(GeoServerCompositeFilter.java:75)
	at org.geoserver.security.filter.GeoServerCompositeFilter.doFilter(GeoServerCompositeFilter.java:92)
	at org.springframework.security.web.FilterChainProxy$VirtualFilterChain.doFilter(FilterChainProxy.java:346)
	at org.springframework.security.web.FilterChainProxy.doFilterInternal(FilterChainProxy.java:221)
	at org.springframework.security.web.FilterChainProxy.doFilter(FilterChainProxy.java:186)
	at org.geoserver.security.GeoServerSecurityFilterChainProxy.doFilter(GeoServerSecurityFilterChainProxy.java:142)
	at org.springframework.web.filter.DelegatingFilterProxy.invokeDelegate(DelegatingFilterProxy.java:354)
	at org.springframework.web.filter.DelegatingFilterProxy.doFilter(DelegatingFilterProxy.java:267)
	at org.apache.catalina.core.ApplicationFilterChain.internalDoFilter(ApplicationFilterChain.java:178)
	at org.apache.catalina.core.ApplicationFilterChain.doFilter(ApplicationFilterChain.java:153)
	at org.geoserver.filters.XFrameOptionsFilter.doFilter(XFrameOptionsFilter.java:100)
	at org.apache.catalina.core.ApplicationFilterChain.internalDoFilter(ApplicationFilterChain.java:178)
	at org.apache.catalina.core.ApplicationFilterChain.doFilter(ApplicationFilterChain.java:153)
	at org.geoserver.filters.GZIPFilter.doFilter(GZIPFilter.java:48)
	at org.apache.catalina.core.ApplicationFilterChain.internalDoFilter(ApplicationFilterChain.java:178)
	at org.apache.catalina.core.ApplicationFilterChain.doFilter(ApplicationFilterChain.java:153)
	at org.geoserver.filters.SessionDebugFilter.doFilter(SessionDebugFilter.java:49)
	at org.apache.catalina.core.ApplicationFilterChain.internalDoFilter(ApplicationFilterChain.java:178)
	at org.apache.catalina.core.ApplicationFilterChain.doFilter(ApplicationFilterChain.java:153)
	at org.geoserver.filters.FlushSafeFilter.doFilter(FlushSafeFilter.java:42)
	at org.apache.catalina.core.ApplicationFilterChain.internalDoFilter(ApplicationFilterChain.java:178)
	at org.apache.catalina.core.ApplicationFilterChain.doFilter(ApplicationFilterChain.java:153)
	at org.springframework.web.filter.CharacterEncodingFilter.doFilterInternal(CharacterEncodingFilter.java:201)
	at org.springframework.web.filter.OncePerRequestFilter.doFilter(OncePerRequestFilter.java:117)
	at org.apache.catalina.core.ApplicationFilterChain.internalDoFilter(ApplicationFilterChain.java:178)
	at org.apache.catalina.core.ApplicationFilterChain.doFilter(ApplicationFilterChain.java:153)
	at org.apache.catalina.core.StandardWrapperValve.invoke(StandardWrapperValve.java:167)
	at org.apache.catalina.core.StandardContextValve.invoke(StandardContextValve.java:90)
	at org.apache.catalina.authenticator.AuthenticatorBase.invoke(AuthenticatorBase.java:492)
	at org.apache.catalina.core.StandardHostValve.invoke(StandardHostValve.java:130)
	at org.apache.catalina.valves.ErrorReportValve.invoke(ErrorReportValve.java:93)
	at org.apache.catalina.valves.AbstractAccessLogValve.invoke(AbstractAccessLogValve.java:673)
	at org.apache.catalina.core.StandardEngineValve.invoke(StandardEngineValve.java:74)
	at org.apache.catalina.connector.CoyoteAdapter.service(CoyoteAdapter.java:343)
	at org.apache.coyote.http11.Http11Processor.service(Http11Processor.java:389)
	at org.apache.coyote.AbstractProcessorLight.process(AbstractProcessorLight.java:63)
	at org.apache.coyote.AbstractProtocol$ConnectionHandler.process(AbstractProtocol.java:926)
	at org.apache.tomcat.util.net.NioEndpoint$SocketProcessor.doRun(NioEndpoint.java:1791)
	at org.apache.tomcat.util.net.SocketProcessorBase.run(SocketProcessorBase.java:49)
	at org.apache.tomcat.util.threads.ThreadPoolExecutor.runWorker(ThreadPoolExecutor.java:1191)
	at org.apache.tomcat.util.threads.ThreadPoolExecutor$Worker.run(ThreadPoolExecutor.java:659)
	at org.apache.tomcat.util.threads.TaskThread$WrappingRunnable.run(TaskThread.java:61)
	at java.base/java.lang.Thread.run(Thread.java:829)
Caused by: java.lang.RuntimeException: Unable to obtain connection: Cannot create PoolableConnectionFactory (Connection to localhost:5432 refused. Check that the hostname and port are correct and that the postmaster is accepting TCP/IP connections.)
	at org.geotools.jdbc.JDBCDataStore.createConnection(JDBCDataStore.java:2293)
	at org.geotools.jdbc.JDBCDataStore.getConnection(JDBCDataStore.java:2235)
	at org.geotools.data.postgis.PostgisNGDataStoreFactory.createDataStoreInternal(PostgisNGDataStoreFactory.java:263)
	at org.geotools.jdbc.JDBCDataStoreFactory.createDataStore(JDBCDataStoreFactory.java:389)
	at org.geotools.jdbc.JDBCDataStoreFactory.createDataStore(JDBCDataStoreFactory.java:47)
	at org.vfny.geoserver.util.DataStoreUtils.getDataAccess(DataStoreUtils.java:66)
	at org.geoserver.catalog.ResourcePool.createDataAccess(ResourcePool.java:755)
	at org.geoserver.catalog.ResourcePool.getDataStore(ResourcePool.java:629)
	... 145 more
Caused by: org.apache.commons.dbcp.SQLNestedException: Cannot create PoolableConnectionFactory (Connection to localhost:5432 refused. Check that the hostname and port are correct and that the postmaster is accepting TCP/IP connections.)
	at org.apache.commons.dbcp.BasicDataSource.createPoolableConnectionFactory(BasicDataSource.java:1549)
	at org.apache.commons.dbcp.BasicDataSource.createDataSource(BasicDataSource.java:1388)
	at org.apache.commons.dbcp.BasicDataSource.getConnection(BasicDataSource.java:1044)
	at org.geotools.data.jdbc.datasource.AbstractManageableDataSource.getConnection(AbstractManageableDataSource.java:42)
	at org.geotools.jdbc.JDBCDataStore.createConnection(JDBCDataStore.java:2277)
	... 152 more
Caused by: org.postgresql.util.PSQLException: Connection to localhost:5432 refused. Check that the hostname and port are correct and that the postmaster is accepting TCP/IP connections.
	at org.postgresql.core.v3.ConnectionFactoryImpl.openConnectionImpl(ConnectionFactoryImpl.java:342)
	at org.postgresql.core.ConnectionFactory.openConnection(ConnectionFactory.java:54)
	at org.postgresql.jdbc.PgConnection.<init>(PgConnection.java:263)
	at org.postgresql.Driver.makeConnection(Driver.java:443)
	at org.postgresql.Driver.connect(Driver.java:297)
	at org.apache.commons.dbcp.DriverConnectionFactory.createConnection(DriverConnectionFactory.java:38)
	at org.apache.commons.dbcp.PoolableConnectionFactory.makeObject(PoolableConnectionFactory.java:582)
	at org.apache.commons.dbcp.BasicDataSource.validateConnectionFactory(BasicDataSource.java:1556)
	at org.apache.commons.dbcp.BasicDataSource.createPoolableConnectionFactory(BasicDataSource.java:1545)
	... 156 more
Caused by: java.net.ConnectException: Connection refused (Connection refused)
	at java.base/java.net.PlainSocketImpl.socketConnect(Native Method)
	at java.base/java.net.AbstractPlainSocketImpl.doConnect(AbstractPlainSocketImpl.java:412)
	at java.base/java.net.AbstractPlainSocketImpl.connectToAddress(AbstractPlainSocketImpl.java:255)
	at java.base/java.net.AbstractPlainSocketImpl.connect(AbstractPlainSocketImpl.java:237)
	at java.base/java.net.SocksSocketImpl.connect(SocksSocketImpl.java:392)
	at java.base/java.net.Socket.connect(Socket.java:609)
	at org.postgresql.core.PGStream.createSocket(PGStream.java:243)
	at org.postgresql.core.PGStream.<init>(PGStream.java:98)
	at org.postgresql.core.v3.ConnectionFactoryImpl.tryConnect(ConnectionFactoryImpl.java:132)
	at org.postgresql.core.v3.ConnectionFactoryImpl.openConnectionImpl(ConnectionFactoryImpl.java:258)
	... 164 more
20 Apr 19:36:31 WARN   [data.store] - Error obtaining new data store
java.io.IOException
	at org.geoserver.catalog.ResourcePool.getDataStore(ResourcePool.java:658)
	at org.geoserver.catalog.impl.DataStoreInfoImpl.getDataStore(DataStoreInfoImpl.java:34)
	at org.geoserver.web.data.store.DataAccessNewPage.onSaveDataStore(DataAccessNewPage.java:90)
	at org.geoserver.web.data.store.AbstractDataAccessPage$2.onSubmitInternal(AbstractDataAccessPage.java:203)
	at org.geoserver.web.GeoserverAjaxSubmitLink.onSubmit(GeoserverAjaxSubmitLink.java:38)
	at org.apache.wicket.ajax.markup.html.form.AjaxSubmitLink$1.onSubmit(AjaxSubmitLink.java:111)
	at org.apache.wicket.ajax.form.AjaxFormSubmitBehavior$AjaxFormSubmitter.onSubmit(AjaxFormSubmitBehavior.java:218)
	at org.apache.wicket.markup.html.form.Form.delegateSubmit(Form.java:1312)
	at org.apache.wicket.markup.html.form.Form.process(Form.java:976)
	at org.apache.wicket.markup.html.form.Form.onFormSubmitted(Form.java:797)
	at org.apache.wicket.ajax.form.AjaxFormSubmitBehavior.onEvent(AjaxFormSubmitBehavior.java:174)
	at org.apache.wicket.ajax.AjaxEventBehavior.respond(AjaxEventBehavior.java:155)
	at org.apache.wicket.ajax.AbstractDefaultAjaxBehavior.onRequest(AbstractDefaultAjaxBehavior.java:601)
	at java.base/jdk.internal.reflect.NativeMethodAccessorImpl.invoke0(Native Method)
	at java.base/jdk.internal.reflect.NativeMethodAccessorImpl.invoke(NativeMethodAccessorImpl.java:62)
	at java.base/jdk.internal.reflect.DelegatingMethodAccessorImpl.invoke(DelegatingMethodAccessorImpl.java:43)
	at java.base/java.lang.reflect.Method.invoke(Method.java:566)
	at org.apache.wicket.RequestListenerInterface.internalInvoke(RequestListenerInterface.java:258)
	at org.apache.wicket.RequestListenerInterface.invoke(RequestListenerInterface.java:241)
	at org.apache.wicket.core.request.handler.ListenerInterfaceRequestHandler.invokeListener(ListenerInterfaceRequestHandler.java:248)
	at org.apache.wicket.core.request.handler.ListenerInterfaceRequestHandler.respond(ListenerInterfaceRequestHandler.java:234)
	at org.apache.wicket.request.cycle.RequestCycle$HandlerExecutor.respond(RequestCycle.java:895)
	at org.apache.wicket.request.RequestHandlerStack.execute(RequestHandlerStack.java:64)
	at org.apache.wicket.request.cycle.RequestCycle.execute(RequestCycle.java:265)
	at org.apache.wicket.request.cycle.RequestCycle.processRequest(RequestCycle.java:222)
	at org.apache.wicket.request.cycle.RequestCycle.processRequestAndDetach(RequestCycle.java:293)
	at org.apache.wicket.protocol.http.WicketFilter.processRequestCycle(WicketFilter.java:261)
	at org.apache.wicket.protocol.http.WicketFilter.processRequest(WicketFilter.java:203)
	at org.apache.wicket.protocol.http.WicketServlet.doPost(WicketServlet.java:159)
	at javax.servlet.http.HttpServlet.service(HttpServlet.java:528)
	at javax.servlet.http.HttpServlet.service(HttpServlet.java:596)
	at org.springframework.web.servlet.mvc.ServletWrappingController.handleRequestInternal(ServletWrappingController.java:166)
	at org.springframework.web.servlet.mvc.AbstractController.handleRequest(AbstractController.java:177)
	at org.springframework.web.servlet.mvc.SimpleControllerHandlerAdapter.handle(SimpleControllerHandlerAdapter.java:51)
	at org.springframework.web.servlet.DispatcherServlet.doDispatch(DispatcherServlet.java:1072)
	at org.springframework.web.servlet.DispatcherServlet.doService(DispatcherServlet.java:965)
	at org.springframework.web.servlet.FrameworkServlet.processRequest(FrameworkServlet.java:1006)
	at org.springframework.web.servlet.FrameworkServlet.doPost(FrameworkServlet.java:909)
	at javax.servlet.http.HttpServlet.service(HttpServlet.java:528)
	at org.springframework.web.servlet.FrameworkServlet.service(FrameworkServlet.java:883)
	at javax.servlet.http.HttpServlet.service(HttpServlet.java:596)
	at org.apache.catalina.core.ApplicationFilterChain.internalDoFilter(ApplicationFilterChain.java:209)
	at org.apache.catalina.core.ApplicationFilterChain.doFilter(ApplicationFilterChain.java:153)
	at org.apache.tomcat.websocket.server.WsFilter.doFilter(WsFilter.java:53)
	at org.apache.catalina.core.ApplicationFilterChain.internalDoFilter(ApplicationFilterChain.java:178)
	at org.apache.catalina.core.ApplicationFilterChain.doFilter(ApplicationFilterChain.java:153)
	at org.apache.catalina.filters.CorsFilter.handleNonCORS(CorsFilter.java:328)
	at org.apache.catalina.filters.CorsFilter.doFilter(CorsFilter.java:158)
	at org.apache.catalina.core.ApplicationFilterChain.internalDoFilter(ApplicationFilterChain.java:178)
	at org.apache.catalina.core.ApplicationFilterChain.doFilter(ApplicationFilterChain.java:153)
	at org.apache.catalina.filters.HttpHeaderSecurityFilter.doFilter(HttpHeaderSecurityFilter.java:126)
	at org.apache.catalina.core.ApplicationFilterChain.internalDoFilter(ApplicationFilterChain.java:178)
	at org.apache.catalina.core.ApplicationFilterChain.doFilter(ApplicationFilterChain.java:153)
	at org.geoserver.filters.ThreadLocalsCleanupFilter.doFilter(ThreadLocalsCleanupFilter.java:28)
	at org.apache.catalina.core.ApplicationFilterChain.internalDoFilter(ApplicationFilterChain.java:178)
	at org.apache.catalina.core.ApplicationFilterChain.doFilter(ApplicationFilterChain.java:153)
	at org.geoserver.filters.SpringDelegatingFilter$Chain.doFilter(SpringDelegatingFilter.java:73)
	at org.geoserver.flow.controller.IpBlacklistFilter.doFilter(IpBlacklistFilter.java:89)
	at org.geoserver.filters.SpringDelegatingFilter$Chain.doFilter(SpringDelegatingFilter.java:70)
	at org.geoserver.monitor.MonitorFilter.doFilter(MonitorFilter.java:105)
	at org.geoserver.filters.SpringDelegatingFilter$Chain.doFilter(SpringDelegatingFilter.java:70)
	at org.geoserver.ows.HTTPHeadersCollector.doFilter(HTTPHeadersCollector.java:48)
	at org.geoserver.filters.SpringDelegatingFilter$Chain.doFilter(SpringDelegatingFilter.java:70)
	at org.geoserver.filters.HTTPMethodFilter.doFilter(HTTPMethodFilter.java:36)
	at org.geoserver.filters.SpringDelegatingFilter$Chain.doFilter(SpringDelegatingFilter.java:70)
	at org.geoserver.filters.LoggingFilter.doFilter(LoggingFilter.java:194)
	at org.geoserver.filters.SpringDelegatingFilter$Chain.doFilter(SpringDelegatingFilter.java:70)
	at org.geoserver.filters.SpringDelegatingFilter.doFilter(SpringDelegatingFilter.java:43)
	at org.apache.catalina.core.ApplicationFilterChain.internalDoFilter(ApplicationFilterChain.java:178)
	at org.apache.catalina.core.ApplicationFilterChain.doFilter(ApplicationFilterChain.java:153)
	at org.geoserver.platform.AdvancedDispatchFilter.doFilter(AdvancedDispatchFilter.java:39)
	at org.apache.catalina.core.ApplicationFilterChain.internalDoFilter(ApplicationFilterChain.java:178)
	at org.apache.catalina.core.ApplicationFilterChain.doFilter(ApplicationFilterChain.java:153)
	at org.springframework.security.web.FilterChainProxy$VirtualFilterChain.doFilter(FilterChainProxy.java:337)
	at org.geoserver.security.filter.GeoServerCompositeFilter$NestedFilterChain.doFilter(GeoServerCompositeFilter.java:71)
	at org.springframework.security.web.access.intercept.FilterSecurityInterceptor.invoke(FilterSecurityInterceptor.java:115)
	at org.springframework.security.web.access.intercept.FilterSecurityInterceptor.doFilter(FilterSecurityInterceptor.java:81)
	at org.geoserver.security.filter.GeoServerCompositeFilter$NestedFilterChain.doFilter(GeoServerCompositeFilter.java:75)
	at org.geoserver.security.filter.GeoServerCompositeFilter.doFilter(GeoServerCompositeFilter.java:92)
	at org.springframework.security.web.FilterChainProxy$VirtualFilterChain.doFilter(FilterChainProxy.java:346)
	at org.geoserver.security.filter.GeoServerCompositeFilter$NestedFilterChain.doFilter(GeoServerCompositeFilter.java:71)
	at org.springframework.security.web.access.ExceptionTranslationFilter.doFilter(ExceptionTranslationFilter.java:122)
	at org.springframework.security.web.access.ExceptionTranslationFilter.doFilter(ExceptionTranslationFilter.java:116)
	at org.geoserver.security.filter.GeoServerCompositeFilter$NestedFilterChain.doFilter(GeoServerCompositeFilter.java:75)
	at org.geoserver.security.filter.GeoServerCompositeFilter.doFilter(GeoServerCompositeFilter.java:92)
	at org.springframework.security.web.FilterChainProxy$VirtualFilterChain.doFilter(FilterChainProxy.java:346)
	at org.geoserver.security.filter.GeoServerAnonymousAuthenticationFilter.doFilter(GeoServerAnonymousAuthenticationFilter.java:53)
	at org.springframework.security.web.FilterChainProxy$VirtualFilterChain.doFilter(FilterChainProxy.java:346)
	at org.geoserver.security.filter.GeoServerCompositeFilter$NestedFilterChain.doFilter(GeoServerCompositeFilter.java:71)
	at org.springframework.security.web.authentication.AbstractAuthenticationProcessingFilter.doFilter(AbstractAuthenticationProcessingFilter.java:223)
	at org.springframework.security.web.authentication.AbstractAuthenticationProcessingFilter.doFilter(AbstractAuthenticationProcessingFilter.java:217)
	at org.geoserver.security.filter.GeoServerCompositeFilter$NestedFilterChain.doFilter(GeoServerCompositeFilter.java:75)
	at org.geoserver.security.filter.GeoServerCompositeFilter.doFilter(GeoServerCompositeFilter.java:92)
	at org.geoserver.security.filter.GeoServerUserNamePasswordAuthenticationFilter.doFilter(GeoServerUserNamePasswordAuthenticationFilter.java:122)
	at org.springframework.security.web.FilterChainProxy$VirtualFilterChain.doFilter(FilterChainProxy.java:346)
	at org.geoserver.security.filter.GeoServerCompositeFilter$NestedFilterChain.doFilter(GeoServerCompositeFilter.java:71)
	at org.springframework.security.web.authentication.rememberme.RememberMeAuthenticationFilter.doFilter(RememberMeAuthenticationFilter.java:106)
	at org.springframework.security.web.authentication.rememberme.RememberMeAuthenticationFilter.doFilter(RememberMeAuthenticationFilter.java:97)
	at org.geoserver.security.filter.GeoServerCompositeFilter$NestedFilterChain.doFilter(GeoServerCompositeFilter.java:75)
	at org.geoserver.security.filter.GeoServerCompositeFilter.doFilter(GeoServerCompositeFilter.java:92)
	at org.springframework.security.web.FilterChainProxy$VirtualFilterChain.doFilter(FilterChainProxy.java:346)
	at org.geoserver.security.filter.GeoServerCompositeFilter$NestedFilterChain.doFilter(GeoServerCompositeFilter.java:71)
	at org.geoserver.security.filter.GeoServerSecurityContextPersistenceFilter$1.doFilterInternal(GeoServerSecurityContextPersistenceFilter.java:72)
	at org.springframework.web.filter.OncePerRequestFilter.doFilter(OncePerRequestFilter.java:117)
	at org.geoserver.security.filter.GeoServerCompositeFilter$NestedFilterChain.doFilter(GeoServerCompositeFilter.java:75)
	at org.geoserver.security.filter.GeoServerCompositeFilter.doFilter(GeoServerCompositeFilter.java:92)
	at org.springframework.security.web.FilterChainProxy$VirtualFilterChain.doFilter(FilterChainProxy.java:346)
	at org.springframework.security.web.FilterChainProxy.doFilterInternal(FilterChainProxy.java:221)
	at org.springframework.security.web.FilterChainProxy.doFilter(FilterChainProxy.java:186)
	at org.geoserver.security.GeoServerSecurityFilterChainProxy.doFilter(GeoServerSecurityFilterChainProxy.java:142)
	at org.springframework.web.filter.DelegatingFilterProxy.invokeDelegate(DelegatingFilterProxy.java:354)
	at org.springframework.web.filter.DelegatingFilterProxy.doFilter(DelegatingFilterProxy.java:267)
	at org.apache.catalina.core.ApplicationFilterChain.internalDoFilter(ApplicationFilterChain.java:178)
	at org.apache.catalina.core.ApplicationFilterChain.doFilter(ApplicationFilterChain.java:153)
	at org.geoserver.filters.XFrameOptionsFilter.doFilter(XFrameOptionsFilter.java:100)
	at org.apache.catalina.core.ApplicationFilterChain.internalDoFilter(ApplicationFilterChain.java:178)
	at org.apache.catalina.core.ApplicationFilterChain.doFilter(ApplicationFilterChain.java:153)
	at org.geoserver.filters.GZIPFilter.doFilter(GZIPFilter.java:48)
	at org.apache.catalina.core.ApplicationFilterChain.internalDoFilter(ApplicationFilterChain.java:178)
	at org.apache.catalina.core.ApplicationFilterChain.doFilter(ApplicationFilterChain.java:153)
	at org.geoserver.filters.SessionDebugFilter.doFilter(SessionDebugFilter.java:49)
	at org.apache.catalina.core.ApplicationFilterChain.internalDoFilter(ApplicationFilterChain.java:178)
	at org.apache.catalina.core.ApplicationFilterChain.doFilter(ApplicationFilterChain.java:153)
	at org.geoserver.filters.FlushSafeFilter.doFilter(FlushSafeFilter.java:42)
	at org.apache.catalina.core.ApplicationFilterChain.internalDoFilter(ApplicationFilterChain.java:178)
	at org.apache.catalina.core.ApplicationFilterChain.doFilter(ApplicationFilterChain.java:153)
	at org.springframework.web.filter.CharacterEncodingFilter.doFilterInternal(CharacterEncodingFilter.java:201)
	at org.springframework.web.filter.OncePerRequestFilter.doFilter(OncePerRequestFilter.java:117)
	at org.apache.catalina.core.ApplicationFilterChain.internalDoFilter(ApplicationFilterChain.java:178)
	at org.apache.catalina.core.ApplicationFilterChain.doFilter(ApplicationFilterChain.java:153)
	at org.apache.catalina.core.StandardWrapperValve.invoke(StandardWrapperValve.java:167)
	at org.apache.catalina.core.StandardContextValve.invoke(StandardContextValve.java:90)
	at org.apache.catalina.authenticator.AuthenticatorBase.invoke(AuthenticatorBase.java:492)
	at org.apache.catalina.core.StandardHostValve.invoke(StandardHostValve.java:130)
	at org.apache.catalina.valves.ErrorReportValve.invoke(ErrorReportValve.java:93)
	at org.apache.catalina.valves.AbstractAccessLogValve.invoke(AbstractAccessLogValve.java:673)
	at org.apache.catalina.core.StandardEngineValve.invoke(StandardEngineValve.java:74)
	at org.apache.catalina.connector.CoyoteAdapter.service(CoyoteAdapter.java:343)
	at org.apache.coyote.http11.Http11Processor.service(Http11Processor.java:389)
	at org.apache.coyote.AbstractProcessorLight.process(AbstractProcessorLight.java:63)
	at org.apache.coyote.AbstractProtocol$ConnectionHandler.process(AbstractProtocol.java:926)
	at org.apache.tomcat.util.net.NioEndpoint$SocketProcessor.doRun(NioEndpoint.java:1791)
	at org.apache.tomcat.util.net.SocketProcessorBase.run(SocketProcessorBase.java:49)
	at org.apache.tomcat.util.threads.ThreadPoolExecutor.runWorker(ThreadPoolExecutor.java:1191)
	at org.apache.tomcat.util.threads.ThreadPoolExecutor$Worker.run(ThreadPoolExecutor.java:659)
	at org.apache.tomcat.util.threads.TaskThread$WrappingRunnable.run(TaskThread.java:61)
	at java.base/java.lang.Thread.run(Thread.java:829)
Caused by: java.lang.RuntimeException: Unable to obtain connection: Cannot create PoolableConnectionFactory (Connection to localhost:5432 refused. Check that the hostname and port are correct and that the postmaster is accepting TCP/IP connections.)
	at org.geotools.jdbc.JDBCDataStore.createConnection(JDBCDataStore.java:2293)
	at org.geotools.jdbc.JDBCDataStore.getConnection(JDBCDataStore.java:2235)
	at org.geotools.data.postgis.PostgisNGDataStoreFactory.createDataStoreInternal(PostgisNGDataStoreFactory.java:263)
	at org.geotools.jdbc.JDBCDataStoreFactory.createDataStore(JDBCDataStoreFactory.java:389)
	at org.geotools.jdbc.JDBCDataStoreFactory.createDataStore(JDBCDataStoreFactory.java:47)
	at org.vfny.geoserver.util.DataStoreUtils.getDataAccess(DataStoreUtils.java:66)
	at org.geoserver.catalog.ResourcePool.createDataAccess(ResourcePool.java:755)
	at org.geoserver.catalog.ResourcePool.getDataStore(ResourcePool.java:629)
	... 146 more
Caused by: org.apache.commons.dbcp.SQLNestedException: Cannot create PoolableConnectionFactory (Connection to localhost:5432 refused. Check that the hostname and port are correct and that the postmaster is accepting TCP/IP connections.)
	at org.apache.commons.dbcp.BasicDataSource.createPoolableConnectionFactory(BasicDataSource.java:1549)
	at org.apache.commons.dbcp.BasicDataSource.createDataSource(BasicDataSource.java:1388)
	at org.apache.commons.dbcp.BasicDataSource.getConnection(BasicDataSource.java:1044)
	at org.geotools.data.jdbc.datasource.AbstractManageableDataSource.getConnection(AbstractManageableDataSource.java:42)
	at org.geotools.jdbc.JDBCDataStore.createConnection(JDBCDataStore.java:2277)
	... 153 more
Caused by: org.postgresql.util.PSQLException: Connection to localhost:5432 refused. Check that the hostname and port are correct and that the postmaster is accepting TCP/IP connections.
	at org.postgresql.core.v3.ConnectionFactoryImpl.openConnectionImpl(ConnectionFactoryImpl.java:342)
	at org.postgresql.core.ConnectionFactory.openConnection(ConnectionFactory.java:54)
	at org.postgresql.jdbc.PgConnection.<init>(PgConnection.java:263)
	at org.postgresql.Driver.makeConnection(Driver.java:443)
	at org.postgresql.Driver.connect(Driver.java:297)
	at org.apache.commons.dbcp.DriverConnectionFactory.createConnection(DriverConnectionFactory.java:38)
	at org.apache.commons.dbcp.PoolableConnectionFactory.makeObject(PoolableConnectionFactory.java:582)
	at org.apache.commons.dbcp.BasicDataSource.validateConnectionFactory(BasicDataSource.java:1556)
	at org.apache.commons.dbcp.BasicDataSource.createPoolableConnectionFactory(BasicDataSource.java:1545)
	... 157 more
Caused by: java.net.ConnectException: Connection refused (Connection refused)
	at java.base/java.net.PlainSocketImpl.socketConnect(Native Method)
	at java.base/java.net.AbstractPlainSocketImpl.doConnect(AbstractPlainSocketImpl.java:412)
	at java.base/java.net.AbstractPlainSocketImpl.connectToAddress(AbstractPlainSocketImpl.java:255)
	at java.base/java.net.AbstractPlainSocketImpl.connect(AbstractPlainSocketImpl.java:237)
	at java.base/java.net.SocksSocketImpl.connect(SocksSocketImpl.java:392)
	at java.base/java.net.Socket.connect(Socket.java:609)
	at org.postgresql.core.PGStream.createSocket(PGStream.java:243)
	at org.postgresql.core.PGStream.<init>(PGStream.java:98)
	at org.postgresql.core.v3.ConnectionFactoryImpl.tryConnect(ConnectionFactoryImpl.java:132)
	at org.postgresql.core.v3.ConnectionFactoryImpl.openConnectionImpl(ConnectionFactoryImpl.java:258)
	... 165 more
20 Apr 19:36:32 WARN   [data.store] - Error obtaining new data store
java.io.IOException
	at org.geoserver.catalog.ResourcePool.getDataStore(ResourcePool.java:658)
	at org.geoserver.catalog.impl.DataStoreInfoImpl.getDataStore(DataStoreInfoImpl.java:34)
	at org.geoserver.web.data.store.DataAccessNewPage.onSaveDataStore(DataAccessNewPage.java:90)
	at org.geoserver.web.data.store.AbstractDataAccessPage$1.onSubmit(AbstractDataAccessPage.java:176)
	at org.apache.wicket.ajax.markup.html.form.AjaxSubmitLink$1.onSubmit(AjaxSubmitLink.java:111)
	at org.apache.wicket.ajax.form.AjaxFormSubmitBehavior$AjaxFormSubmitter.onSubmit(AjaxFormSubmitBehavior.java:218)
	at org.apache.wicket.markup.html.form.Form.delegateSubmit(Form.java:1312)
	at org.apache.wicket.markup.html.form.Form.process(Form.java:976)
	at org.apache.wicket.markup.html.form.Form.onFormSubmitted(Form.java:797)
	at org.apache.wicket.ajax.form.AjaxFormSubmitBehavior.onEvent(AjaxFormSubmitBehavior.java:174)
	at org.apache.wicket.ajax.AjaxEventBehavior.respond(AjaxEventBehavior.java:155)
	at org.apache.wicket.ajax.AbstractDefaultAjaxBehavior.onRequest(AbstractDefaultAjaxBehavior.java:601)
	at java.base/jdk.internal.reflect.NativeMethodAccessorImpl.invoke0(Native Method)
	at java.base/jdk.internal.reflect.NativeMethodAccessorImpl.invoke(NativeMethodAccessorImpl.java:62)
	at java.base/jdk.internal.reflect.DelegatingMethodAccessorImpl.invoke(DelegatingMethodAccessorImpl.java:43)
	at java.base/java.lang.reflect.Method.invoke(Method.java:566)
	at org.apache.wicket.RequestListenerInterface.internalInvoke(RequestListenerInterface.java:258)
	at org.apache.wicket.RequestListenerInterface.invoke(RequestListenerInterface.java:241)
	at org.apache.wicket.core.request.handler.ListenerInterfaceRequestHandler.invokeListener(ListenerInterfaceRequestHandler.java:248)
	at org.apache.wicket.core.request.handler.ListenerInterfaceRequestHandler.respond(ListenerInterfaceRequestHandler.java:234)
	at org.apache.wicket.request.cycle.RequestCycle$HandlerExecutor.respond(RequestCycle.java:895)
	at org.apache.wicket.request.RequestHandlerStack.execute(RequestHandlerStack.java:64)
	at org.apache.wicket.request.cycle.RequestCycle.execute(RequestCycle.java:265)
	at org.apache.wicket.request.cycle.RequestCycle.processRequest(RequestCycle.java:222)
	at org.apache.wicket.request.cycle.RequestCycle.processRequestAndDetach(RequestCycle.java:293)
	at org.apache.wicket.protocol.http.WicketFilter.processRequestCycle(WicketFilter.java:261)
	at org.apache.wicket.protocol.http.WicketFilter.processRequest(WicketFilter.java:203)
	at org.apache.wicket.protocol.http.WicketServlet.doPost(WicketServlet.java:159)
	at javax.servlet.http.HttpServlet.service(HttpServlet.java:528)
	at javax.servlet.http.HttpServlet.service(HttpServlet.java:596)
	at org.springframework.web.servlet.mvc.ServletWrappingController.handleRequestInternal(ServletWrappingController.java:166)
	at org.springframework.web.servlet.mvc.AbstractController.handleRequest(AbstractController.java:177)
	at org.springframework.web.servlet.mvc.SimpleControllerHandlerAdapter.handle(SimpleControllerHandlerAdapter.java:51)
	at org.springframework.web.servlet.DispatcherServlet.doDispatch(DispatcherServlet.java:1072)
	at org.springframework.web.servlet.DispatcherServlet.doService(DispatcherServlet.java:965)
	at org.springframework.web.servlet.FrameworkServlet.processRequest(FrameworkServlet.java:1006)
	at org.springframework.web.servlet.FrameworkServlet.doPost(FrameworkServlet.java:909)
	at javax.servlet.http.HttpServlet.service(HttpServlet.java:528)
	at org.springframework.web.servlet.FrameworkServlet.service(FrameworkServlet.java:883)
	at javax.servlet.http.HttpServlet.service(HttpServlet.java:596)
	at org.apache.catalina.core.ApplicationFilterChain.internalDoFilter(ApplicationFilterChain.java:209)
	at org.apache.catalina.core.ApplicationFilterChain.doFilter(ApplicationFilterChain.java:153)
	at org.apache.tomcat.websocket.server.WsFilter.doFilter(WsFilter.java:53)
	at org.apache.catalina.core.ApplicationFilterChain.internalDoFilter(ApplicationFilterChain.java:178)
	at org.apache.catalina.core.ApplicationFilterChain.doFilter(ApplicationFilterChain.java:153)
	at org.apache.catalina.filters.CorsFilter.handleNonCORS(CorsFilter.java:328)
	at org.apache.catalina.filters.CorsFilter.doFilter(CorsFilter.java:158)
	at org.apache.catalina.core.ApplicationFilterChain.internalDoFilter(ApplicationFilterChain.java:178)
	at org.apache.catalina.core.ApplicationFilterChain.doFilter(ApplicationFilterChain.java:153)
	at org.apache.catalina.filters.HttpHeaderSecurityFilter.doFilter(HttpHeaderSecurityFilter.java:126)
	at org.apache.catalina.core.ApplicationFilterChain.internalDoFilter(ApplicationFilterChain.java:178)
	at org.apache.catalina.core.ApplicationFilterChain.doFilter(ApplicationFilterChain.java:153)
	at org.geoserver.filters.ThreadLocalsCleanupFilter.doFilter(ThreadLocalsCleanupFilter.java:28)
	at org.apache.catalina.core.ApplicationFilterChain.internalDoFilter(ApplicationFilterChain.java:178)
	at org.apache.catalina.core.ApplicationFilterChain.doFilter(ApplicationFilterChain.java:153)
	at org.geoserver.filters.SpringDelegatingFilter$Chain.doFilter(SpringDelegatingFilter.java:73)
	at org.geoserver.flow.controller.IpBlacklistFilter.doFilter(IpBlacklistFilter.java:89)
	at org.geoserver.filters.SpringDelegatingFilter$Chain.doFilter(SpringDelegatingFilter.java:70)
	at org.geoserver.monitor.MonitorFilter.doFilter(MonitorFilter.java:105)
	at org.geoserver.filters.SpringDelegatingFilter$Chain.doFilter(SpringDelegatingFilter.java:70)
	at org.geoserver.ows.HTTPHeadersCollector.doFilter(HTTPHeadersCollector.java:48)
	at org.geoserver.filters.SpringDelegatingFilter$Chain.doFilter(SpringDelegatingFilter.java:70)
	at org.geoserver.filters.HTTPMethodFilter.doFilter(HTTPMethodFilter.java:36)
	at org.geoserver.filters.SpringDelegatingFilter$Chain.doFilter(SpringDelegatingFilter.java:70)
	at org.geoserver.filters.LoggingFilter.doFilter(LoggingFilter.java:194)
	at org.geoserver.filters.SpringDelegatingFilter$Chain.doFilter(SpringDelegatingFilter.java:70)
	at org.geoserver.filters.SpringDelegatingFilter.doFilter(SpringDelegatingFilter.java:43)
	at org.apache.catalina.core.ApplicationFilterChain.internalDoFilter(ApplicationFilterChain.java:178)
	at org.apache.catalina.core.ApplicationFilterChain.doFilter(ApplicationFilterChain.java:153)
	at org.geoserver.platform.AdvancedDispatchFilter.doFilter(AdvancedDispatchFilter.java:39)
	at org.apache.catalina.core.ApplicationFilterChain.internalDoFilter(ApplicationFilterChain.java:178)
	at org.apache.catalina.core.ApplicationFilterChain.doFilter(ApplicationFilterChain.java:153)
	at org.springframework.security.web.FilterChainProxy$VirtualFilterChain.doFilter(FilterChainProxy.java:337)
	at org.geoserver.security.filter.GeoServerCompositeFilter$NestedFilterChain.doFilter(GeoServerCompositeFilter.java:71)
	at org.springframework.security.web.access.intercept.FilterSecurityInterceptor.invoke(FilterSecurityInterceptor.java:115)
	at org.springframework.security.web.access.intercept.FilterSecurityInterceptor.doFilter(FilterSecurityInterceptor.java:81)
	at org.geoserver.security.filter.GeoServerCompositeFilter$NestedFilterChain.doFilter(GeoServerCompositeFilter.java:75)
	at org.geoserver.security.filter.GeoServerCompositeFilter.doFilter(GeoServerCompositeFilter.java:92)
	at org.springframework.security.web.FilterChainProxy$VirtualFilterChain.doFilter(FilterChainProxy.java:346)
	at org.geoserver.security.filter.GeoServerCompositeFilter$NestedFilterChain.doFilter(GeoServerCompositeFilter.java:71)
	at org.springframework.security.web.access.ExceptionTranslationFilter.doFilter(ExceptionTranslationFilter.java:122)
	at org.springframework.security.web.access.ExceptionTranslationFilter.doFilter(ExceptionTranslationFilter.java:116)
	at org.geoserver.security.filter.GeoServerCompositeFilter$NestedFilterChain.doFilter(GeoServerCompositeFilter.java:75)
	at org.geoserver.security.filter.GeoServerCompositeFilter.doFilter(GeoServerCompositeFilter.java:92)
	at org.springframework.security.web.FilterChainProxy$VirtualFilterChain.doFilter(FilterChainProxy.java:346)
	at org.geoserver.security.filter.GeoServerAnonymousAuthenticationFilter.doFilter(GeoServerAnonymousAuthenticationFilter.java:53)
	at org.springframework.security.web.FilterChainProxy$VirtualFilterChain.doFilter(FilterChainProxy.java:346)
	at org.geoserver.security.filter.GeoServerCompositeFilter$NestedFilterChain.doFilter(GeoServerCompositeFilter.java:71)
	at org.springframework.security.web.authentication.AbstractAuthenticationProcessingFilter.doFilter(AbstractAuthenticationProcessingFilter.java:223)
	at org.springframework.security.web.authentication.AbstractAuthenticationProcessingFilter.doFilter(AbstractAuthenticationProcessingFilter.java:217)
	at org.geoserver.security.filter.GeoServerCompositeFilter$NestedFilterChain.doFilter(GeoServerCompositeFilter.java:75)
	at org.geoserver.security.filter.GeoServerCompositeFilter.doFilter(GeoServerCompositeFilter.java:92)
	at org.geoserver.security.filter.GeoServerUserNamePasswordAuthenticationFilter.doFilter(GeoServerUserNamePasswordAuthenticationFilter.java:122)
	at org.springframework.security.web.FilterChainProxy$VirtualFilterChain.doFilter(FilterChainProxy.java:346)
	at org.geoserver.security.filter.GeoServerCompositeFilter$NestedFilterChain.doFilter(GeoServerCompositeFilter.java:71)
	at org.springframework.security.web.authentication.rememberme.RememberMeAuthenticationFilter.doFilter(RememberMeAuthenticationFilter.java:106)
	at org.springframework.security.web.authentication.rememberme.RememberMeAuthenticationFilter.doFilter(RememberMeAuthenticationFilter.java:97)
	at org.geoserver.security.filter.GeoServerCompositeFilter$NestedFilterChain.doFilter(GeoServerCompositeFilter.java:75)
	at org.geoserver.security.filter.GeoServerCompositeFilter.doFilter(GeoServerCompositeFilter.java:92)
	at org.springframework.security.web.FilterChainProxy$VirtualFilterChain.doFilter(FilterChainProxy.java:346)
	at org.geoserver.security.filter.GeoServerCompositeFilter$NestedFilterChain.doFilter(GeoServerCompositeFilter.java:71)
	at org.geoserver.security.filter.GeoServerSecurityContextPersistenceFilter$1.doFilterInternal(GeoServerSecurityContextPersistenceFilter.java:72)
	at org.springframework.web.filter.OncePerRequestFilter.doFilter(OncePerRequestFilter.java:117)
	at org.geoserver.security.filter.GeoServerCompositeFilter$NestedFilterChain.doFilter(GeoServerCompositeFilter.java:75)
	at org.geoserver.security.filter.GeoServerCompositeFilter.doFilter(GeoServerCompositeFilter.java:92)
	at org.springframework.security.web.FilterChainProxy$VirtualFilterChain.doFilter(FilterChainProxy.java:346)
	at org.springframework.security.web.FilterChainProxy.doFilterInternal(FilterChainProxy.java:221)
	at org.springframework.security.web.FilterChainProxy.doFilter(FilterChainProxy.java:186)
	at org.geoserver.security.GeoServerSecurityFilterChainProxy.doFilter(GeoServerSecurityFilterChainProxy.java:142)
	at org.springframework.web.filter.DelegatingFilterProxy.invokeDelegate(DelegatingFilterProxy.java:354)
	at org.springframework.web.filter.DelegatingFilterProxy.doFilter(DelegatingFilterProxy.java:267)
	at org.apache.catalina.core.ApplicationFilterChain.internalDoFilter(ApplicationFilterChain.java:178)
	at org.apache.catalina.core.ApplicationFilterChain.doFilter(ApplicationFilterChain.java:153)
	at org.geoserver.filters.XFrameOptionsFilter.doFilter(XFrameOptionsFilter.java:100)
	at org.apache.catalina.core.ApplicationFilterChain.internalDoFilter(ApplicationFilterChain.java:178)
	at org.apache.catalina.core.ApplicationFilterChain.doFilter(ApplicationFilterChain.java:153)
	at org.geoserver.filters.GZIPFilter.doFilter(GZIPFilter.java:48)
	at org.apache.catalina.core.ApplicationFilterChain.internalDoFilter(ApplicationFilterChain.java:178)
	at org.apache.catalina.core.ApplicationFilterChain.doFilter(ApplicationFilterChain.java:153)
	at org.geoserver.filters.SessionDebugFilter.doFilter(SessionDebugFilter.java:49)
	at org.apache.catalina.core.ApplicationFilterChain.internalDoFilter(ApplicationFilterChain.java:178)
	at org.apache.catalina.core.ApplicationFilterChain.doFilter(ApplicationFilterChain.java:153)
	at org.geoserver.filters.FlushSafeFilter.doFilter(FlushSafeFilter.java:42)
	at org.apache.catalina.core.ApplicationFilterChain.internalDoFilter(ApplicationFilterChain.java:178)
	at org.apache.catalina.core.ApplicationFilterChain.doFilter(ApplicationFilterChain.java:153)
	at org.springframework.web.filter.CharacterEncodingFilter.doFilterInternal(CharacterEncodingFilter.java:201)
	at org.springframework.web.filter.OncePerRequestFilter.doFilter(OncePerRequestFilter.java:117)
	at org.apache.catalina.core.ApplicationFilterChain.internalDoFilter(ApplicationFilterChain.java:178)
	at org.apache.catalina.core.ApplicationFilterChain.doFilter(ApplicationFilterChain.java:153)
	at org.apache.catalina.core.StandardWrapperValve.invoke(StandardWrapperValve.java:167)
	at org.apache.catalina.core.StandardContextValve.invoke(StandardContextValve.java:90)
	at org.apache.catalina.authenticator.AuthenticatorBase.invoke(AuthenticatorBase.java:492)
	at org.apache.catalina.core.StandardHostValve.invoke(StandardHostValve.java:130)
	at org.apache.catalina.valves.ErrorReportValve.invoke(ErrorReportValve.java:93)
	at org.apache.catalina.valves.AbstractAccessLogValve.invoke(AbstractAccessLogValve.java:673)
	at org.apache.catalina.core.StandardEngineValve.invoke(StandardEngineValve.java:74)
	at org.apache.catalina.connector.CoyoteAdapter.service(CoyoteAdapter.java:343)
	at org.apache.coyote.http11.Http11Processor.service(Http11Processor.java:389)
	at org.apache.coyote.AbstractProcessorLight.process(AbstractProcessorLight.java:63)
	at org.apache.coyote.AbstractProtocol$ConnectionHandler.process(AbstractProtocol.java:926)
	at org.apache.tomcat.util.net.NioEndpoint$SocketProcessor.doRun(NioEndpoint.java:1791)
	at org.apache.tomcat.util.net.SocketProcessorBase.run(SocketProcessorBase.java:49)
	at org.apache.tomcat.util.threads.ThreadPoolExecutor.runWorker(ThreadPoolExecutor.java:1191)
	at org.apache.tomcat.util.threads.ThreadPoolExecutor$Worker.run(ThreadPoolExecutor.java:659)
	at org.apache.tomcat.util.threads.TaskThread$WrappingRunnable.run(TaskThread.java:61)
	at java.base/java.lang.Thread.run(Thread.java:829)
Caused by: java.lang.RuntimeException: Unable to obtain connection: Cannot create PoolableConnectionFactory (Connection to localhost:5432 refused. Check that the hostname and port are correct and that the postmaster is accepting TCP/IP connections.)
	at org.geotools.jdbc.JDBCDataStore.createConnection(JDBCDataStore.java:2293)
	at org.geotools.jdbc.JDBCDataStore.getConnection(JDBCDataStore.java:2235)
	at org.geotools.data.postgis.PostgisNGDataStoreFactory.createDataStoreInternal(PostgisNGDataStoreFactory.java:263)
	at org.geotools.jdbc.JDBCDataStoreFactory.createDataStore(JDBCDataStoreFactory.java:389)
	at org.geotools.jdbc.JDBCDataStoreFactory.createDataStore(JDBCDataStoreFactory.java:47)
	at org.vfny.geoserver.util.DataStoreUtils.getDataAccess(DataStoreUtils.java:66)
	at org.geoserver.catalog.ResourcePool.createDataAccess(ResourcePool.java:755)
	at org.geoserver.catalog.ResourcePool.getDataStore(ResourcePool.java:629)
	... 145 more
Caused by: org.apache.commons.dbcp.SQLNestedException: Cannot create PoolableConnectionFactory (Connection to localhost:5432 refused. Check that the hostname and port are correct and that the postmaster is accepting TCP/IP connections.)
	at org.apache.commons.dbcp.BasicDataSource.createPoolableConnectionFactory(BasicDataSource.java:1549)
	at org.apache.commons.dbcp.BasicDataSource.createDataSource(BasicDataSource.java:1388)
	at org.apache.commons.dbcp.BasicDataSource.getConnection(BasicDataSource.java:1044)
	at org.geotools.data.jdbc.datasource.AbstractManageableDataSource.getConnection(AbstractManageableDataSource.java:42)
	at org.geotools.jdbc.JDBCDataStore.createConnection(JDBCDataStore.java:2277)
	... 152 more
Caused by: org.postgresql.util.PSQLException: Connection to localhost:5432 refused. Check that the hostname and port are correct and that the postmaster is accepting TCP/IP connections.
	at org.postgresql.core.v3.ConnectionFactoryImpl.openConnectionImpl(ConnectionFactoryImpl.java:342)
	at org.postgresql.core.ConnectionFactory.openConnection(ConnectionFactory.java:54)
	at org.postgresql.jdbc.PgConnection.<init>(PgConnection.java:263)
	at org.postgresql.Driver.makeConnection(Driver.java:443)
	at org.postgresql.Driver.connect(Driver.java:297)
	at org.apache.commons.dbcp.DriverConnectionFactory.createConnection(DriverConnectionFactory.java:38)
	at org.apache.commons.dbcp.PoolableConnectionFactory.makeObject(PoolableConnectionFactory.java:582)
	at org.apache.commons.dbcp.BasicDataSource.validateConnectionFactory(BasicDataSource.java:1556)
	at org.apache.commons.dbcp.BasicDataSource.createPoolableConnectionFactory(BasicDataSource.java:1545)
	... 156 more
Caused by: java.net.ConnectException: Connection refused (Connection refused)
	at java.base/java.net.PlainSocketImpl.socketConnect(Native Method)
	at java.base/java.net.AbstractPlainSocketImpl.doConnect(AbstractPlainSocketImpl.java:412)
	at java.base/java.net.AbstractPlainSocketImpl.connectToAddress(AbstractPlainSocketImpl.java:255)
	at java.base/java.net.AbstractPlainSocketImpl.connect(AbstractPlainSocketImpl.java:237)
	at java.base/java.net.SocksSocketImpl.connect(SocksSocketImpl.java:392)
	at java.base/java.net.Socket.connect(Socket.java:609)
	at org.postgresql.core.PGStream.createSocket(PGStream.java:243)
	at org.postgresql.core.PGStream.<init>(PGStream.java:98)
	at org.postgresql.core.v3.ConnectionFactoryImpl.tryConnect(ConnectionFactoryImpl.java:132)
	at org.postgresql.core.v3.ConnectionFactoryImpl.openConnectionImpl(ConnectionFactoryImpl.java:258)
	... 164 more
20 Apr 19:36:32 ERROR  [geotools.jdbc] - There's code using JDBC based datastore and not disposing them. This may lead to temporary loss of database connections. Please make sure all data access code calls DataStore.dispose() before freeing all references to it
20 Apr 19:36:32 ERROR  [geotools.jdbc] - There's code using JDBC based datastore and not disposing them. This may lead to temporary loss of database connections. Please make sure all data access code calls DataStore.dispose() before freeing all references to it
20 Apr 19:36:32 ERROR  [geotools.jdbc] - There's code using JDBC based datastore and not disposing them. This may lead to temporary loss of database connections. Please make sure all data access code calls DataStore.dispose() before freeing all references to it
20 Apr 19:36:32 ERROR  [geotools.jdbc] - There's code using JDBC based datastore and not disposing them. This may lead to temporary loss of database connections. Please make sure all data access code calls DataStore.dispose() before freeing all references to it
20 Apr 19:36:32 ERROR  [geotools.jdbc] - There's code using JDBC based datastore and not disposing them. This may lead to temporary loss of database connections. Please make sure all data access code calls DataStore.dispose() before freeing all references to it
20 Apr 19:36:32 ERROR  [geotools.jdbc] - There's code using JDBC based datastore and not disposing them. This may lead to temporary loss of database connections. Please make sure all data access code calls DataStore.dispose() before freeing all references to it
20 Apr 19:36:32 ERROR  [geotools.jdbc] - There's code using JDBC based datastore and not disposing them. This may lead to temporary loss of database connections. Please make sure all data access code calls DataStore.dispose() before freeing all references to it
20 Apr 19:36:32 ERROR  [geotools.jdbc] - There's code using JDBC based datastore and not disposing them. This may lead to temporary loss of database connections. Please make sure all data access code calls DataStore.dispose() before freeing all references to it
20 Apr 19:36:32 ERROR  [geotools.jdbc] - There's code using JDBC based datastore and not disposing them. This may lead to temporary loss of database connections. Please make sure all data access code calls DataStore.dispose() before freeing all references to it
20 Apr 19:36:32 ERROR  [geotools.jdbc] - There's code using JDBC based datastore and not disposing them. This may lead to temporary loss of database connections. Please make sure all data access code calls DataStore.dispose() before freeing all references to it
20 Apr 19:39:24 INFO   [geoserver.gwc] - Saving GeoSeverTileLayer gis:buildings
20 Apr 19:39:25 CONFIG [platform.resource] - Notifying ENTRY_CREATE change on /opt/geoserver/data_dir/gwc-layers. Created: 1, removed: 0, modified: 0
20 Apr 19:39:50 INFO   [geoserver.gwc] - Saving GeoSeverTileLayer gis:roads
20 Apr 19:39:55 CONFIG [platform.resource] - Notifying ENTRY_MODIFY change on /opt/geoserver/data_dir/gwc-layers. Created: 1, removed: 0, modified: 0
20 Apr 19:40:04 INFO   [geoserver.gwc] - Saving GeoSeverTileLayer gis:poi
20 Apr 19:40:05 CONFIG [platform.resource] - Notifying ENTRY_MODIFY change on /opt/geoserver/data_dir/gwc-layers. Created: 1, removed: 0, modified: 0
20 Apr 19:57:54 INFO   [geoserver.wms] - 
Request: getServiceInfo
20 Apr 19:57:54 INFO   [geoserver.wms] - 
Request: getServiceInfo
20 Apr 19:57:54 INFO   [geoserver.wms] - 
Request: getServiceInfo
20 Apr 19:57:54 INFO   [geoserver.wms] - 
Request: getServiceInfo
20 Apr 19:57:54 INFO   [geoserver.wms] - 
Request: getServiceInfo
20 Apr 19:57:54 INFO   [geoserver.wms] - 
Request: getServiceInfo
20 Apr 19:57:59 INFO   [geoserver.flow] - Request [WMS 1.3.0 GetMap] starting, processing through flow controllers
20 Apr 19:57:59 INFO   [geoserver.flow] - Request [WMS 1.3.0 GetMap] starting, processing through flow controllers
20 Apr 19:57:59 INFO   [geoserver.flow] - Request [WMS 1.3.0 GetMap] starting, processing through flow controllers
20 Apr 19:57:59 INFO   [geoserver.flow] - Request [WMS 1.3.0 GetMap] starting, processing through flow controllers
20 Apr 19:57:59 INFO   [geoserver.flow] - Request [WMS 1.3.0 GetMap] starting, processing through flow controllers
20 Apr 19:57:59 INFO   [geoserver.flow] - Request [WMS 1.3.0 GetMap] starting, processing through flow controllers
20 Apr 19:57:59 INFO   [geoserver.flow] - Request control-flow performed, running requests: 6, blocked requests: 0
20 Apr 19:57:59 INFO   [geoserver.flow] - Request control-flow performed, running requests: 6, blocked requests: 0
20 Apr 19:57:59 INFO   [geoserver.flow] - Request control-flow performed, running requests: 6, blocked requests: 0
20 Apr 19:57:59 INFO   [geoserver.flow] - Request control-flow performed, running requests: 6, blocked requests: 0
20 Apr 19:57:59 INFO   [geoserver.flow] - Request control-flow performed, running requests: 6, blocked requests: 0
20 Apr 19:57:59 INFO   [geoserver.flow] - Request control-flow performed, running requests: 6, blocked requests: 0
20 Apr 19:58:01 WARN   [operation.projection] - Possible use of "Popular Visualisation Pseudo Mercator" projection outside its valid area.
Longitude 2147483287°00.0'W is out of range (±180°).
20 Apr 19:58:01 WARN   [operation.projection] - Possible use of "Popular Visualisation Pseudo Mercator" projection outside its valid area.
Longitude 2147483287°00.0'W is out of range (±180°).
20 Apr 19:58:01 WARN   [operation.projection] - Possible use of "Popular Visualisation Pseudo Mercator" projection outside its valid area.
Longitude 2147483287°00.0'W is out of range (±180°).
20 Apr 19:58:01 WARN   [operation.projection] - Possible use of "Popular Visualisation Pseudo Mercator" projection outside its valid area.
Longitude 2147483287°00.0'W is out of range (±180°).
20 Apr 19:58:01 WARN   [operation.projection] - Possible use of "Popular Visualisation Pseudo Mercator" projection outside its valid area.
Longitude 2147483287°00.0'W is out of range (±180°).
20 Apr 19:58:01 WARN   [operation.projection] - Possible use of "Popular Visualisation Pseudo Mercator" projection outside its valid area.
Longitude 2147483287°00.0'W is out of range (±180°).
20 Apr 19:58:02 INFO   [geoserver.wms] - 
Request: getMap
	Angle = 0.0
	BaseUrl = http://localhost:8080/geoserver/
	Bbox = SRSEnvelope[6638657.822605272 : 6719681.072587558, 7298270.505517919 : 7425461.720584452]
	BgColor = java.awt.Color[r=255,g=255,b=255]
	Buffer = 0
	Clip = null
	CQLFilter = null
	Crs = PROJCS["WGS 84 / Pseudo-Mercator", 
  GEOGCS["WGS 84", 
    DATUM["World Geodetic System 1984", 
      SPHEROID["WGS 84", 6378137.0, 298.257223563, AUTHORITY["EPSG","7030"]], 
      AUTHORITY["EPSG","6326"]], 
    PRIMEM["Greenwich", 0.0, AUTHORITY["EPSG","8901"]], 
    UNIT["degree", 0.017453292519943295], 
    AXIS["Geodetic latitude", NORTH], 
    AXIS["Geodetic longitude", EAST], 
    AUTHORITY["EPSG","4326"]], 
  PROJECTION["Popular Visualisation Pseudo Mercator", AUTHORITY["EPSG","1024"]], 
  PARAMETER["semi_minor", 6378137.0], 
  PARAMETER["latitude_of_origin", 0.0], 
  PARAMETER["central_meridian", 0.0], 
  PARAMETER["scale_factor", 1.0], 
  PARAMETER["false_easting", 0.0], 
  PARAMETER["false_northing", 0.0], 
  UNIT["m", 1.0], 
  AXIS["Easting", EAST], 
  AXIS["Northing", NORTH], 
  AUTHORITY["EPSG","3857"]]
	Elevation = []
	Env = {}
	Exceptions = SE_XML
	FeatureId = null
	FeatureVersion = null
	Filter = null
	Format = image/png
	FormatOptions = {DPI=180}
	Get = true
	Height = 1664
	Interpolations = []
	Layers = [org.geoserver.wms.MapLayerInfo@e4804762]
	MaxFeatures = null
	Palette = null
	RawKvp = {FORMAT=image/png, CRS=EPSG:3857, STYLES=, WIDTH=1060, HEIGHT=1664, LAYERS=gis:buildings, TILED=true, REQUEST=GetMap, FORMAT_OPTIONS=dpi:180, BBOX=6638657.822605272,7298270.505517919,6719681.072587558,7425461.720584452, VERSION=1.3.0, SERVICE=WMS, TRANSPARENT=TRUE}
	RemoteOwsType = null
	RemoteOwsURL = null
	Request = GetMap
	RequestCharset = UTF-8
	ScaleMethod = null
	Sld = null
	SldBody = null
	SldVersion = null
	SortBy = null
	SortByArrays = null
	SRS = urn:ogc:def:crs:EPSG::3857
	StartIndex = null
	StyleBody = null
	StyleFormat = sld
	Styles = [StyleImpl[ name=polygon]]
	StyleUrl = null
	StyleVersion = null
	Tiled = true
	TilesOrigin = null
	Time = []
	Transparent = true
	ValidateSchema = false
	Version = 1.3.0
	ViewParams = null
	Width = 1060
20 Apr 19:58:02 INFO   [geoserver.wms] - 
Request: getMap
	Angle = 0.0
	BaseUrl = http://localhost:8080/geoserver/
	Bbox = SRSEnvelope[6638657.822605272 : 6719681.072587558, 7298270.505517919 : 7425461.720584452]
	BgColor = java.awt.Color[r=255,g=255,b=255]
	Buffer = 0
	Clip = null
	CQLFilter = null
	Crs = PROJCS["WGS 84 / Pseudo-Mercator", 
  GEOGCS["WGS 84", 
    DATUM["World Geodetic System 1984", 
      SPHEROID["WGS 84", 6378137.0, 298.257223563, AUTHORITY["EPSG","7030"]], 
      AUTHORITY["EPSG","6326"]], 
    PRIMEM["Greenwich", 0.0, AUTHORITY["EPSG","8901"]], 
    UNIT["degree", 0.017453292519943295], 
    AXIS["Geodetic latitude", NORTH], 
    AXIS["Geodetic longitude", EAST], 
    AUTHORITY["EPSG","4326"]], 
  PROJECTION["Popular Visualisation Pseudo Mercator", AUTHORITY["EPSG","1024"]], 
  PARAMETER["semi_minor", 6378137.0], 
  PARAMETER["latitude_of_origin", 0.0], 
  PARAMETER["central_meridian", 0.0], 
  PARAMETER["scale_factor", 1.0], 
  PARAMETER["false_easting", 0.0], 
  PARAMETER["false_northing", 0.0], 
  UNIT["m", 1.0], 
  AXIS["Easting", EAST], 
  AXIS["Northing", NORTH], 
  AUTHORITY["EPSG","3857"]]
	Elevation = []
	Env = {}
	Exceptions = SE_XML
	FeatureId = null
	FeatureVersion = null
	Filter = null
	Format = image/png
	FormatOptions = {DPI=180}
	Get = true
	Height = 1664
	Interpolations = []
	Layers = [org.geoserver.wms.MapLayerInfo@c8d248ce]
	MaxFeatures = null
	Palette = null
	RawKvp = {FORMAT=image/png, CRS=EPSG:3857, STYLES=, WIDTH=1060, HEIGHT=1664, LAYERS=gis:roads, TILED=true, REQUEST=GetMap, FORMAT_OPTIONS=dpi:180, BBOX=6638657.822605272,7298270.505517919,6719681.072587558,7425461.720584452, VERSION=1.3.0, SERVICE=WMS, TRANSPARENT=TRUE}
	RemoteOwsType = null
	RemoteOwsURL = null
	Request = GetMap
	RequestCharset = UTF-8
	ScaleMethod = null
	Sld = null
	SldBody = null
	SldVersion = null
	SortBy = null
	SortByArrays = null
	SRS = urn:ogc:def:crs:EPSG::3857
	StartIndex = null
	StyleBody = null
	StyleFormat = sld
	Styles = [StyleImpl[ name=line]]
	StyleUrl = null
	StyleVersion = null
	Tiled = true
	TilesOrigin = null
	Time = []
	Transparent = true
	ValidateSchema = false
	Version = 1.3.0
	ViewParams = null
	Width = 1060
20 Apr 19:58:02 INFO   [geoserver.wms] - 
Request: getMap
	Angle = 0.0
	BaseUrl = http://localhost:8080/geoserver/
	Bbox = SRSEnvelope[6638544.081856861 : 6779865.941267242, 7239908.343721629 : 7461756.998494153]
	BgColor = java.awt.Color[r=255,g=255,b=255]
	Buffer = 0
	Clip = null
	CQLFilter = null
	Crs = PROJCS["WGS 84 / Pseudo-Mercator", 
  GEOGCS["WGS 84", 
    DATUM["World Geodetic System 1984", 
      SPHEROID["WGS 84", 6378137.0, 298.257223563, AUTHORITY["EPSG","7030"]], 
      AUTHORITY["EPSG","6326"]], 
    PRIMEM["Greenwich", 0.0, AUTHORITY["EPSG","8901"]], 
    UNIT["degree", 0.017453292519943295], 
    AXIS["Geodetic latitude", NORTH], 
    AXIS["Geodetic longitude", EAST], 
    AUTHORITY["EPSG","4326"]], 
  PROJECTION["Popular Visualisation Pseudo Mercator", AUTHORITY["EPSG","1024"]], 
  PARAMETER["semi_minor", 6378137.0], 
  PARAMETER["latitude_of_origin", 0.0], 
  PARAMETER["central_meridian", 0.0], 
  PARAMETER["scale_factor", 1.0], 
  PARAMETER["false_easting", 0.0], 
  PARAMETER["false_northing", 0.0], 
  UNIT["m", 1.0], 
  AXIS["Easting", EAST], 
  AXIS["Northing", NORTH], 
  AUTHORITY["EPSG","3857"]]
	Elevation = []
	Env = {}
	Exceptions = SE_XML
	FeatureId = null
	FeatureVersion = null
	Filter = null
	Format = image/png
	FormatOptions = {DPI=180}
	Get = true
	Height = 1664
	Interpolations = []
	Layers = [org.geoserver.wms.MapLayerInfo@e4804762]
	MaxFeatures = null
	Palette = null
	RawKvp = {FORMAT=image/png, CRS=EPSG:3857, STYLES=, WIDTH=1060, HEIGHT=1664, LAYERS=gis:buildings, TILED=true, REQUEST=GetMap, FORMAT_OPTIONS=dpi:180, BBOX=6638544.081856861,7239908.343721629,6779865.941267242,7461756.998494153, VERSION=1.3.0, SERVICE=WMS, TRANSPARENT=TRUE}
	RemoteOwsType = null
	RemoteOwsURL = null
	Request = GetMap
	RequestCharset = UTF-8
	ScaleMethod = null
	Sld = null
	SldBody = null
	SldVersion = null
	SortBy = null
	SortByArrays = null
	SRS = urn:ogc:def:crs:EPSG::3857
	StartIndex = null
	StyleBody = null
	StyleFormat = sld
	Styles = [StyleImpl[ name=polygon]]
	StyleUrl = null
	StyleVersion = null
	Tiled = true
	TilesOrigin = null
	Time = []
	Transparent = true
	ValidateSchema = false
	Version = 1.3.0
	ViewParams = null
	Width = 1060
20 Apr 19:58:02 INFO   [geoserver.wms] - 
Request: getMap
	Angle = 0.0
	BaseUrl = http://localhost:8080/geoserver/
	Bbox = SRSEnvelope[6638657.822605272 : 6719681.072587558, 7298270.505517919 : 7425461.720584452]
	BgColor = java.awt.Color[r=255,g=255,b=255]
	Buffer = 0
	Clip = null
	CQLFilter = null
	Crs = PROJCS["WGS 84 / Pseudo-Mercator", 
  GEOGCS["WGS 84", 
    DATUM["World Geodetic System 1984", 
      SPHEROID["WGS 84", 6378137.0, 298.257223563, AUTHORITY["EPSG","7030"]], 
      AUTHORITY["EPSG","6326"]], 
    PRIMEM["Greenwich", 0.0, AUTHORITY["EPSG","8901"]], 
    UNIT["degree", 0.017453292519943295], 
    AXIS["Geodetic latitude", NORTH], 
    AXIS["Geodetic longitude", EAST], 
    AUTHORITY["EPSG","4326"]], 
  PROJECTION["Popular Visualisation Pseudo Mercator", AUTHORITY["EPSG","1024"]], 
  PARAMETER["semi_minor", 6378137.0], 
  PARAMETER["latitude_of_origin", 0.0], 
  PARAMETER["central_meridian", 0.0], 
  PARAMETER["scale_factor", 1.0], 
  PARAMETER["false_easting", 0.0], 
  PARAMETER["false_northing", 0.0], 
  UNIT["m", 1.0], 
  AXIS["Easting", EAST], 
  AXIS["Northing", NORTH], 
  AUTHORITY["EPSG","3857"]]
	Elevation = []
	Env = {}
	Exceptions = SE_XML
	FeatureId = null
	FeatureVersion = null
	Filter = null
	Format = image/png
	FormatOptions = {DPI=180}
	Get = true
	Height = 1664
	Interpolations = []
	Layers = [org.geoserver.wms.MapLayerInfo@349ab7]
	MaxFeatures = null
	Palette = null
	RawKvp = {FORMAT=image/png, CRS=EPSG:3857, STYLES=, WIDTH=1060, HEIGHT=1664, LAYERS=gis:poi, TILED=true, REQUEST=GetMap, FORMAT_OPTIONS=dpi:180, BBOX=6638657.822605272,7298270.505517919,6719681.072587558,7425461.720584452, VERSION=1.3.0, SERVICE=WMS, TRANSPARENT=TRUE}
	RemoteOwsType = null
	RemoteOwsURL = null
	Request = GetMap
	RequestCharset = UTF-8
	ScaleMethod = null
	Sld = null
	SldBody = null
	SldVersion = null
	SortBy = null
	SortByArrays = null
	SRS = urn:ogc:def:crs:EPSG::3857
	StartIndex = null
	StyleBody = null
	StyleFormat = sld
	Styles = [StyleImpl[ name=point]]
	StyleUrl = null
	StyleVersion = null
	Tiled = true
	TilesOrigin = null
	Time = []
	Transparent = true
	ValidateSchema = false
	Version = 1.3.0
	ViewParams = null
	Width = 1060
20 Apr 19:58:02 INFO   [geoserver.wms] - 
Request: getMap
	Angle = 0.0
	BaseUrl = http://localhost:8080/geoserver/
	Bbox = SRSEnvelope[6638544.081856861 : 6779865.941267242, 7239908.343721629 : 7461756.998494153]
	BgColor = java.awt.Color[r=255,g=255,b=255]
	Buffer = 0
	Clip = null
	CQLFilter = null
	Crs = PROJCS["WGS 84 / Pseudo-Mercator", 
  GEOGCS["WGS 84", 
    DATUM["World Geodetic System 1984", 
      SPHEROID["WGS 84", 6378137.0, 298.257223563, AUTHORITY["EPSG","7030"]], 
      AUTHORITY["EPSG","6326"]], 
    PRIMEM["Greenwich", 0.0, AUTHORITY["EPSG","8901"]], 
    UNIT["degree", 0.017453292519943295], 
    AXIS["Geodetic latitude", NORTH], 
    AXIS["Geodetic longitude", EAST], 
    AUTHORITY["EPSG","4326"]], 
  PROJECTION["Popular Visualisation Pseudo Mercator", AUTHORITY["EPSG","1024"]], 
  PARAMETER["semi_minor", 6378137.0], 
  PARAMETER["latitude_of_origin", 0.0], 
  PARAMETER["central_meridian", 0.0], 
  PARAMETER["scale_factor", 1.0], 
  PARAMETER["false_easting", 0.0], 
  PARAMETER["false_northing", 0.0], 
  UNIT["m", 1.0], 
  AXIS["Easting", EAST], 
  AXIS["Northing", NORTH], 
  AUTHORITY["EPSG","3857"]]
	Elevation = []
	Env = {}
	Exceptions = SE_XML
	FeatureId = null
	FeatureVersion = null
	Filter = null
	Format = image/png
	FormatOptions = {DPI=180}
	Get = true
	Height = 1664
	Interpolations = []
	Layers = [org.geoserver.wms.MapLayerInfo@c8d248ce]
	MaxFeatures = null
	Palette = null
	RawKvp = {FORMAT=image/png, CRS=EPSG:3857, STYLES=, WIDTH=1060, HEIGHT=1664, LAYERS=gis:roads, TILED=true, REQUEST=GetMap, FORMAT_OPTIONS=dpi:180, BBOX=6638544.081856861,7239908.343721629,6779865.941267242,7461756.998494153, VERSION=1.3.0, SERVICE=WMS, TRANSPARENT=TRUE}
	RemoteOwsType = null
	RemoteOwsURL = null
	Request = GetMap
	RequestCharset = UTF-8
	ScaleMethod = null
	Sld = null
	SldBody = null
	SldVersion = null
	SortBy = null
	SortByArrays = null
	SRS = urn:ogc:def:crs:EPSG::3857
	StartIndex = null
	StyleBody = null
	StyleFormat = sld
	Styles = [StyleImpl[ name=line]]
	StyleUrl = null
	StyleVersion = null
	Tiled = true
	TilesOrigin = null
	Time = []
	Transparent = true
	ValidateSchema = false
	Version = 1.3.0
	ViewParams = null
	Width = 1060
20 Apr 19:58:02 INFO   [geoserver.wms] - 
Request: getMap
	Angle = 0.0
	BaseUrl = http://localhost:8080/geoserver/
	Bbox = SRSEnvelope[6638544.081856861 : 6779865.941267242, 7239908.343721629 : 7461756.998494153]
	BgColor = java.awt.Color[r=255,g=255,b=255]
	Buffer = 0
	Clip = null
	CQLFilter = null
	Crs = PROJCS["WGS 84 / Pseudo-Mercator", 
  GEOGCS["WGS 84", 
    DATUM["World Geodetic System 1984", 
      SPHEROID["WGS 84", 6378137.0, 298.257223563, AUTHORITY["EPSG","7030"]], 
      AUTHORITY["EPSG","6326"]], 
    PRIMEM["Greenwich", 0.0, AUTHORITY["EPSG","8901"]], 
    UNIT["degree", 0.017453292519943295], 
    AXIS["Geodetic latitude", NORTH], 
    AXIS["Geodetic longitude", EAST], 
    AUTHORITY["EPSG","4326"]], 
  PROJECTION["Popular Visualisation Pseudo Mercator", AUTHORITY["EPSG","1024"]], 
  PARAMETER["semi_minor", 6378137.0], 
  PARAMETER["latitude_of_origin", 0.0], 
  PARAMETER["central_meridian", 0.0], 
  PARAMETER["scale_factor", 1.0], 
  PARAMETER["false_easting", 0.0], 
  PARAMETER["false_northing", 0.0], 
  UNIT["m", 1.0], 
  AXIS["Easting", EAST], 
  AXIS["Northing", NORTH], 
  AUTHORITY["EPSG","3857"]]
	Elevation = []
	Env = {}
	Exceptions = SE_XML
	FeatureId = null
	FeatureVersion = null
	Filter = null
	Format = image/png
	FormatOptions = {DPI=180}
	Get = true
	Height = 1664
	Interpolations = []
	Layers = [org.geoserver.wms.MapLayerInfo@349ab7]
	MaxFeatures = null
	Palette = null
	RawKvp = {FORMAT=image/png, CRS=EPSG:3857, STYLES=, WIDTH=1060, HEIGHT=1664, LAYERS=gis:poi, TILED=true, REQUEST=GetMap, FORMAT_OPTIONS=dpi:180, BBOX=6638544.081856861,7239908.343721629,6779865.941267242,7461756.998494153, VERSION=1.3.0, SERVICE=WMS, TRANSPARENT=TRUE}
	RemoteOwsType = null
	RemoteOwsURL = null
	Request = GetMap
	RequestCharset = UTF-8
	ScaleMethod = null
	Sld = null
	SldBody = null
	SldVersion = null
	SortBy = null
	SortByArrays = null
	SRS = urn:ogc:def:crs:EPSG::3857
	StartIndex = null
	StyleBody = null
	StyleFormat = sld
	Styles = [StyleImpl[ name=point]]
	StyleUrl = null
	StyleVersion = null
	Tiled = true
	TilesOrigin = null
	Time = []
	Transparent = true
	ValidateSchema = false
	Version = 1.3.0
	ViewParams = null
	Width = 1060
20 Apr 19:58:02 INFO   [geoserver.flow] - releasing flow controllers for [WMS 1.3.0 GetMap]
20 Apr 19:58:02 INFO   [geoserver.flow] - releasing flow controllers for [WMS 1.3.0 GetMap]
20 Apr 19:58:02 INFO   [geoserver.flow] - releasing flow controllers for [WMS 1.3.0 GetMap]
20 Apr 19:58:02 INFO   [geoserver.flow] - releasing flow controllers for [WMS 1.3.0 GetMap]
20 Apr 19:58:02 INFO   [geoserver.flow] - releasing flow controllers for [WMS 1.3.0 GetMap]
20 Apr 19:58:02 INFO   [geoserver.flow] - Request completed, running requests: 0, blocked requests: 0
20 Apr 19:58:02 INFO   [geoserver.flow] - Request completed, running requests: 0, blocked requests: 0
20 Apr 19:58:02 INFO   [geoserver.flow] - releasing flow controllers for [WMS 1.3.0 GetMap]
20 Apr 19:58:02 INFO   [geoserver.flow] - Request completed, running requests: 0, blocked requests: 0
20 Apr 19:58:02 INFO   [geoserver.flow] - Request completed, running requests: 0, blocked requests: 0
20 Apr 19:58:02 INFO   [geoserver.flow] - Request completed, running requests: 0, blocked requests: 0
20 Apr 19:58:02 INFO   [geoserver.flow] - Request completed, running requests: 0, blocked requests: 0
20 Apr 19:58:02 INFO   [geoserver.wms] - 
Request: getServiceInfo
20 Apr 19:58:02 INFO   [geoserver.wms] - 
Request: getServiceInfo
20 Apr 19:58:02 INFO   [geoserver.wms] - 
Request: getServiceInfo
20 Apr 19:58:02 INFO   [geoserver.wms] - 
Request: getServiceInfo
20 Apr 19:58:02 INFO   [geoserver.wms] - 
Request: getServiceInfo
20 Apr 19:58:02 INFO   [geoserver.flow] - Request [WMS 1.3.0 GetMap] starting, processing through flow controllers
20 Apr 19:58:02 INFO   [geoserver.flow] - Request [WMS 1.3.0 GetMap] starting, processing through flow controllers
20 Apr 19:58:02 INFO   [geoserver.flow] - Request [WMS 1.3.0 GetMap] starting, processing through flow controllers
20 Apr 19:58:02 INFO   [geoserver.flow] - Request [WMS 1.3.0 GetMap] starting, processing through flow controllers
20 Apr 19:58:02 INFO   [geoserver.flow] - Request control-flow performed, running requests: 4, blocked requests: 0
20 Apr 19:58:02 INFO   [geoserver.flow] - Request control-flow performed, running requests: 1, blocked requests: 2
20 Apr 19:58:02 INFO   [geoserver.flow] - Request [WMS 1.3.0 GetMap] starting, processing through flow controllers
20 Apr 19:58:02 INFO   [geoserver.flow] - Request control-flow performed, running requests: 3, blocked requests: 1
20 Apr 19:58:02 INFO   [geoserver.wms] - 
Request: getServiceInfo
20 Apr 19:58:02 INFO   [geoserver.flow] - Request control-flow performed, running requests: 5, blocked requests: 0
20 Apr 19:58:02 INFO   [geoserver.flow] - Request control-flow performed, running requests: 2, blocked requests: 1
20 Apr 19:58:02 INFO   [geoserver.flow] - Request [WMS 1.3.0 GetMap] starting, processing through flow controllers
20 Apr 19:58:02 INFO   [geoserver.flow] - Request control-flow performed, running requests: 6, blocked requests: 0
20 Apr 19:58:03 INFO   [geoserver.wms] - 
Request: getMap
	Angle = 0.0
	BaseUrl = http://localhost:8080/geoserver/
	Bbox = SRSEnvelope[6629382.343497309 : 6784985.736232876, 7227081.910018256 : 7471349.877482392]
	BgColor = java.awt.Color[r=255,g=255,b=255]
	Buffer = 0
	Clip = null
	CQLFilter = null
	Crs = PROJCS["WGS 84 / Pseudo-Mercator", 
  GEOGCS["WGS 84", 
    DATUM["World Geodetic System 1984", 
      SPHEROID["WGS 84", 6378137.0, 298.257223563, AUTHORITY["EPSG","7030"]], 
      AUTHORITY["EPSG","6326"]], 
    PRIMEM["Greenwich", 0.0, AUTHORITY["EPSG","8901"]], 
    UNIT["degree", 0.017453292519943295], 
    AXIS["Geodetic latitude", NORTH], 
    AXIS["Geodetic longitude", EAST], 
    AUTHORITY["EPSG","4326"]], 
  PROJECTION["Popular Visualisation Pseudo Mercator", AUTHORITY["EPSG","1024"]], 
  PARAMETER["semi_minor", 6378137.0], 
  PARAMETER["latitude_of_origin", 0.0], 
  PARAMETER["central_meridian", 0.0], 
  PARAMETER["scale_factor", 1.0], 
  PARAMETER["false_easting", 0.0], 
  PARAMETER["false_northing", 0.0], 
  UNIT["m", 1.0], 
  AXIS["Easting", EAST], 
  AXIS["Northing", NORTH], 
  AUTHORITY["EPSG","3857"]]
	Elevation = []
	Env = {}
	Exceptions = SE_XML
	FeatureId = null
	FeatureVersion = null
	Filter = null
	Format = image/png
	FormatOptions = {DPI=180}
	Get = true
	Height = 1664
	Interpolations = []
	Layers = [org.geoserver.wms.MapLayerInfo@c8d248ce]
	MaxFeatures = null
	Palette = null
	RawKvp = {FORMAT=image/png, CRS=EPSG:3857, STYLES=, WIDTH=1060, HEIGHT=1664, LAYERS=gis:roads, TILED=true, REQUEST=GetMap, FORMAT_OPTIONS=dpi:180, BBOX=6629382.343497309,7227081.910018256,6784985.736232876,7471349.877482392, VERSION=1.3.0, SERVICE=WMS, TRANSPARENT=TRUE}
	RemoteOwsType = null
	RemoteOwsURL = null
	Request = GetMap
	RequestCharset = UTF-8
	ScaleMethod = null
	Sld = null
	SldBody = null
	SldVersion = null
	SortBy = null
	SortByArrays = null
	SRS = urn:ogc:def:crs:EPSG::3857
	StartIndex = null
	StyleBody = null
	StyleFormat = sld
	Styles = [StyleImpl[ name=line]]
	StyleUrl = null
	StyleVersion = null
	Tiled = true
	TilesOrigin = null
	Time = []
	Transparent = true
	ValidateSchema = false
	Version = 1.3.0
	ViewParams = null
	Width = 1060
20 Apr 19:58:03 INFO   [geoserver.wms] - 
Request: getMap
	Angle = 0.0
	BaseUrl = http://localhost:8080/geoserver/
	Bbox = SRSEnvelope[6629382.343497309 : 6784985.736232876, 7227081.910018256 : 7471349.877482392]
	BgColor = java.awt.Color[r=255,g=255,b=255]
	Buffer = 0
	Clip = null
	CQLFilter = null
	Crs = PROJCS["WGS 84 / Pseudo-Mercator", 
  GEOGCS["WGS 84", 
    DATUM["World Geodetic System 1984", 
      SPHEROID["WGS 84", 6378137.0, 298.257223563, AUTHORITY["EPSG","7030"]], 
      AUTHORITY["EPSG","6326"]], 
    PRIMEM["Greenwich", 0.0, AUTHORITY["EPSG","8901"]], 
    UNIT["degree", 0.017453292519943295], 
    AXIS["Geodetic latitude", NORTH], 
    AXIS["Geodetic longitude", EAST], 
    AUTHORITY["EPSG","4326"]], 
  PROJECTION["Popular Visualisation Pseudo Mercator", AUTHORITY["EPSG","1024"]], 
  PARAMETER["semi_minor", 6378137.0], 
  PARAMETER["latitude_of_origin", 0.0], 
  PARAMETER["central_meridian", 0.0], 
  PARAMETER["scale_factor", 1.0], 
  PARAMETER["false_easting", 0.0], 
  PARAMETER["false_northing", 0.0], 
  UNIT["m", 1.0], 
  AXIS["Easting", EAST], 
  AXIS["Northing", NORTH], 
  AUTHORITY["EPSG","3857"]]
	Elevation = []
	Env = {}
	Exceptions = SE_XML
	FeatureId = null
	FeatureVersion = null
	Filter = null
	Format = image/png
	FormatOptions = {DPI=180}
	Get = true
	Height = 1664
	Interpolations = []
	Layers = [org.geoserver.wms.MapLayerInfo@349ab7]
	MaxFeatures = null
	Palette = null
	RawKvp = {FORMAT=image/png, CRS=EPSG:3857, STYLES=, WIDTH=1060, HEIGHT=1664, LAYERS=gis:poi, TILED=true, REQUEST=GetMap, FORMAT_OPTIONS=dpi:180, BBOX=6629382.343497309,7227081.910018256,6784985.736232876,7471349.877482392, VERSION=1.3.0, SERVICE=WMS, TRANSPARENT=TRUE}
	RemoteOwsType = null
	RemoteOwsURL = null
	Request = GetMap
	RequestCharset = UTF-8
	ScaleMethod = null
	Sld = null
	SldBody = null
	SldVersion = null
	SortBy = null
	SortByArrays = null
	SRS = urn:ogc:def:crs:EPSG::3857
	StartIndex = null
	StyleBody = null
	StyleFormat = sld
	Styles = [StyleImpl[ name=point]]
	StyleUrl = null
	StyleVersion = null
	Tiled = true
	TilesOrigin = null
	Time = []
	Transparent = true
	ValidateSchema = false
	Version = 1.3.0
	ViewParams = null
	Width = 1060
20 Apr 19:58:03 INFO   [geoserver.wms] - 
Request: getMap
	Angle = 0.0
	BaseUrl = http://localhost:8080/geoserver/
	Bbox = SRSEnvelope[6575579.907582398 : 6814805.85467252, 7152056.92004485 : 7527596.520005194]
	BgColor = java.awt.Color[r=255,g=255,b=255]
	Buffer = 0
	Clip = null
	CQLFilter = null
	Crs = PROJCS["WGS 84 / Pseudo-Mercator", 
  GEOGCS["WGS 84", 
    DATUM["World Geodetic System 1984", 
      SPHEROID["WGS 84", 6378137.0, 298.257223563, AUTHORITY["EPSG","7030"]], 
      AUTHORITY["EPSG","6326"]], 
    PRIMEM["Greenwich", 0.0, AUTHORITY["EPSG","8901"]], 
    UNIT["degree", 0.017453292519943295], 
    AXIS["Geodetic latitude", NORTH], 
    AXIS["Geodetic longitude", EAST], 
    AUTHORITY["EPSG","4326"]], 
  PROJECTION["Popular Visualisation Pseudo Mercator", AUTHORITY["EPSG","1024"]], 
  PARAMETER["semi_minor", 6378137.0], 
  PARAMETER["latitude_of_origin", 0.0], 
  PARAMETER["central_meridian", 0.0], 
  PARAMETER["scale_factor", 1.0], 
  PARAMETER["false_easting", 0.0], 
  PARAMETER["false_northing", 0.0], 
  UNIT["m", 1.0], 
  AXIS["Easting", EAST], 
  AXIS["Northing", NORTH], 
  AUTHORITY["EPSG","3857"]]
	Elevation = []
	Env = {}
	Exceptions = SE_XML
	FeatureId = null
	FeatureVersion = null
	Filter = null
	Format = image/png
	FormatOptions = {DPI=180}
	Get = true
	Height = 1664
	Interpolations = []
	Layers = [org.geoserver.wms.MapLayerInfo@c8d248ce]
	MaxFeatures = null
	Palette = null
	RawKvp = {FORMAT=image/png, CRS=EPSG:3857, STYLES=, WIDTH=1060, HEIGHT=1664, LAYERS=gis:roads, TILED=true, REQUEST=GetMap, FORMAT_OPTIONS=dpi:180, BBOX=6575579.907582398,7152056.92004485,6814805.85467252,7527596.520005194, VERSION=1.3.0, SERVICE=WMS, TRANSPARENT=TRUE}
	RemoteOwsType = null
	RemoteOwsURL = null
	Request = GetMap
	RequestCharset = UTF-8
	ScaleMethod = null
	Sld = null
	SldBody = null
	SldVersion = null
	SortBy = null
	SortByArrays = null
	SRS = urn:ogc:def:crs:EPSG::3857
	StartIndex = null
	StyleBody = null
	StyleFormat = sld
	Styles = [StyleImpl[ name=line]]
	StyleUrl = null
	StyleVersion = null
	Tiled = true
	TilesOrigin = null
	Time = []
	Transparent = true
	ValidateSchema = false
	Version = 1.3.0
	ViewParams = null
	Width = 1060
20 Apr 19:58:03 INFO   [geoserver.wms] - 
Request: getMap
	Angle = 0.0
	BaseUrl = http://localhost:8080/geoserver/
	Bbox = SRSEnvelope[6575579.907582398 : 6814805.85467252, 7152056.92004485 : 7527596.520005194]
	BgColor = java.awt.Color[r=255,g=255,b=255]
	Buffer = 0
	Clip = null
	CQLFilter = null
	Crs = PROJCS["WGS 84 / Pseudo-Mercator", 
  GEOGCS["WGS 84", 
    DATUM["World Geodetic System 1984", 
      SPHEROID["WGS 84", 6378137.0, 298.257223563, AUTHORITY["EPSG","7030"]], 
      AUTHORITY["EPSG","6326"]], 
    PRIMEM["Greenwich", 0.0, AUTHORITY["EPSG","8901"]], 
    UNIT["degree", 0.017453292519943295], 
    AXIS["Geodetic latitude", NORTH], 
    AXIS["Geodetic longitude", EAST], 
    AUTHORITY["EPSG","4326"]], 
  PROJECTION["Popular Visualisation Pseudo Mercator", AUTHORITY["EPSG","1024"]], 
  PARAMETER["semi_minor", 6378137.0], 
  PARAMETER["latitude_of_origin", 0.0], 
  PARAMETER["central_meridian", 0.0], 
  PARAMETER["scale_factor", 1.0], 
  PARAMETER["false_easting", 0.0], 
  PARAMETER["false_northing", 0.0], 
  UNIT["m", 1.0], 
  AXIS["Easting", EAST], 
  AXIS["Northing", NORTH], 
  AUTHORITY["EPSG","3857"]]
	Elevation = []
	Env = {}
	Exceptions = SE_XML
	FeatureId = null
	FeatureVersion = null
	Filter = null
	Format = image/png
	FormatOptions = {DPI=180}
	Get = true
	Height = 1664
	Interpolations = []
	Layers = [org.geoserver.wms.MapLayerInfo@349ab7]
	MaxFeatures = null
	Palette = null
	RawKvp = {FORMAT=image/png, CRS=EPSG:3857, STYLES=, WIDTH=1060, HEIGHT=1664, LAYERS=gis:poi, TILED=true, REQUEST=GetMap, FORMAT_OPTIONS=dpi:180, BBOX=6575579.907582398,7152056.92004485,6814805.85467252,7527596.520005194, VERSION=1.3.0, SERVICE=WMS, TRANSPARENT=TRUE}
	RemoteOwsType = null
	RemoteOwsURL = null
	Request = GetMap
	RequestCharset = UTF-8
	ScaleMethod = null
	Sld = null
	SldBody = null
	SldVersion = null
	SortBy = null
	SortByArrays = null
	SRS = urn:ogc:def:crs:EPSG::3857
	StartIndex = null
	StyleBody = null
	StyleFormat = sld
	Styles = [StyleImpl[ name=point]]
	StyleUrl = null
	StyleVersion = null
	Tiled = true
	TilesOrigin = null
	Time = []
	Transparent = true
	ValidateSchema = false
	Version = 1.3.0
	ViewParams = null
	Width = 1060
20 Apr 19:58:03 INFO   [geoserver.wms] - 
Request: getMap
	Angle = 0.0
	BaseUrl = http://localhost:8080/geoserver/
	Bbox = SRSEnvelope[6575579.907582398 : 6814805.85467252, 7152056.92004485 : 7527596.520005194]
	BgColor = java.awt.Color[r=255,g=255,b=255]
	Buffer = 0
	Clip = null
	CQLFilter = null
	Crs = PROJCS["WGS 84 / Pseudo-Mercator", 
  GEOGCS["WGS 84", 
    DATUM["World Geodetic System 1984", 
      SPHEROID["WGS 84", 6378137.0, 298.257223563, AUTHORITY["EPSG","7030"]], 
      AUTHORITY["EPSG","6326"]], 
    PRIMEM["Greenwich", 0.0, AUTHORITY["EPSG","8901"]], 
    UNIT["degree", 0.017453292519943295], 
    AXIS["Geodetic latitude", NORTH], 
    AXIS["Geodetic longitude", EAST], 
    AUTHORITY["EPSG","4326"]], 
  PROJECTION["Popular Visualisation Pseudo Mercator", AUTHORITY["EPSG","1024"]], 
  PARAMETER["semi_minor", 6378137.0], 
  PARAMETER["latitude_of_origin", 0.0], 
  PARAMETER["central_meridian", 0.0], 
  PARAMETER["scale_factor", 1.0], 
  PARAMETER["false_easting", 0.0], 
  PARAMETER["false_northing", 0.0], 
  UNIT["m", 1.0], 
  AXIS["Easting", EAST], 
  AXIS["Northing", NORTH], 
  AUTHORITY["EPSG","3857"]]
	Elevation = []
	Env = {}
	Exceptions = SE_XML
	FeatureId = null
	FeatureVersion = null
	Filter = null
	Format = image/png
	FormatOptions = {DPI=180}
	Get = true
	Height = 1664
	Interpolations = []
	Layers = [org.geoserver.wms.MapLayerInfo@e4804762]
	MaxFeatures = null
	Palette = null
	RawKvp = {FORMAT=image/png, CRS=EPSG:3857, STYLES=, WIDTH=1060, HEIGHT=1664, LAYERS=gis:buildings, TILED=true, REQUEST=GetMap, FORMAT_OPTIONS=dpi:180, BBOX=6575579.907582398,7152056.92004485,6814805.85467252,7527596.520005194, VERSION=1.3.0, SERVICE=WMS, TRANSPARENT=TRUE}
	RemoteOwsType = null
	RemoteOwsURL = null
	Request = GetMap
	RequestCharset = UTF-8
	ScaleMethod = null
	Sld = null
	SldBody = null
	SldVersion = null
	SortBy = null
	SortByArrays = null
	SRS = urn:ogc:def:crs:EPSG::3857
	StartIndex = null
	StyleBody = null
	StyleFormat = sld
	Styles = [StyleImpl[ name=polygon]]
	StyleUrl = null
	StyleVersion = null
	Tiled = true
	TilesOrigin = null
	Time = []
	Transparent = true
	ValidateSchema = false
	Version = 1.3.0
	ViewParams = null
	Width = 1060
20 Apr 19:58:03 INFO   [geoserver.wms] - 
Request: getMap
	Angle = 0.0
	BaseUrl = http://localhost:8080/geoserver/
	Bbox = SRSEnvelope[6629382.343497309 : 6784985.736232876, 7227081.910018256 : 7471349.877482392]
	BgColor = java.awt.Color[r=255,g=255,b=255]
	Buffer = 0
	Clip = null
	CQLFilter = null
	Crs = PROJCS["WGS 84 / Pseudo-Mercator", 
  GEOGCS["WGS 84", 
    DATUM["World Geodetic System 1984", 
      SPHEROID["WGS 84", 6378137.0, 298.257223563, AUTHORITY["EPSG","7030"]], 
      AUTHORITY["EPSG","6326"]], 
    PRIMEM["Greenwich", 0.0, AUTHORITY["EPSG","8901"]], 
    UNIT["degree", 0.017453292519943295], 
    AXIS["Geodetic latitude", NORTH], 
    AXIS["Geodetic longitude", EAST], 
    AUTHORITY["EPSG","4326"]], 
  PROJECTION["Popular Visualisation Pseudo Mercator", AUTHORITY["EPSG","1024"]], 
  PARAMETER["semi_minor", 6378137.0], 
  PARAMETER["latitude_of_origin", 0.0], 
  PARAMETER["central_meridian", 0.0], 
  PARAMETER["scale_factor", 1.0], 
  PARAMETER["false_easting", 0.0], 
  PARAMETER["false_northing", 0.0], 
  UNIT["m", 1.0], 
  AXIS["Easting", EAST], 
  AXIS["Northing", NORTH], 
  AUTHORITY["EPSG","3857"]]
	Elevation = []
	Env = {}
	Exceptions = SE_XML
	FeatureId = null
	FeatureVersion = null
	Filter = null
	Format = image/png
	FormatOptions = {DPI=180}
	Get = true
	Height = 1664
	Interpolations = []
	Layers = [org.geoserver.wms.MapLayerInfo@e4804762]
	MaxFeatures = null
	Palette = null
	RawKvp = {FORMAT=image/png, CRS=EPSG:3857, STYLES=, WIDTH=1060, HEIGHT=1664, LAYERS=gis:buildings, TILED=true, REQUEST=GetMap, FORMAT_OPTIONS=dpi:180, BBOX=6629382.343497309,7227081.910018256,6784985.736232876,7471349.877482392, VERSION=1.3.0, SERVICE=WMS, TRANSPARENT=TRUE}
	RemoteOwsType = null
	RemoteOwsURL = null
	Request = GetMap
	RequestCharset = UTF-8
	ScaleMethod = null
	Sld = null
	SldBody = null
	SldVersion = null
	SortBy = null
	SortByArrays = null
	SRS = urn:ogc:def:crs:EPSG::3857
	StartIndex = null
	StyleBody = null
	StyleFormat = sld
	Styles = [StyleImpl[ name=polygon]]
	StyleUrl = null
	StyleVersion = null
	Tiled = true
	TilesOrigin = null
	Time = []
	Transparent = true
	ValidateSchema = false
	Version = 1.3.0
	ViewParams = null
	Width = 1060
20 Apr 19:58:03 INFO   [geoserver.flow] - releasing flow controllers for [WMS 1.3.0 GetMap]
20 Apr 19:58:03 INFO   [geoserver.flow] - Request completed, running requests: 4, blocked requests: 0
20 Apr 19:58:03 INFO   [geoserver.flow] - releasing flow controllers for [WMS 1.3.0 GetMap]
20 Apr 19:58:03 INFO   [geoserver.flow] - Request completed, running requests: 4, blocked requests: 0
20 Apr 19:58:03 INFO   [geoserver.flow] - releasing flow controllers for [WMS 1.3.0 GetMap]
20 Apr 19:58:03 INFO   [geoserver.flow] - releasing flow controllers for [WMS 1.3.0 GetMap]
20 Apr 19:58:03 INFO   [geoserver.flow] - Request completed, running requests: 2, blocked requests: 0
20 Apr 19:58:03 INFO   [geoserver.flow] - Request completed, running requests: 2, blocked requests: 0
20 Apr 19:58:03 INFO   [geoserver.flow] - releasing flow controllers for [WMS 1.3.0 GetMap]
20 Apr 19:58:03 INFO   [geoserver.flow] - Request completed, running requests: 1, blocked requests: 0
20 Apr 19:58:03 INFO   [geoserver.flow] - releasing flow controllers for [WMS 1.3.0 GetMap]
20 Apr 19:58:03 INFO   [geoserver.flow] - Request completed, running requests: 0, blocked requests: 0
20 Apr 19:58:03 INFO   [geoserver.wms] - 
Request: getServiceInfo
20 Apr 19:58:03 INFO   [geoserver.wms] - 
Request: getServiceInfo
20 Apr 19:58:03 INFO   [geoserver.wms] - 
Request: getServiceInfo
20 Apr 19:58:03 INFO   [geoserver.flow] - Request [WMS 1.3.0 GetMap] starting, processing through flow controllers
20 Apr 19:58:03 INFO   [geoserver.flow] - Request control-flow performed, running requests: 1, blocked requests: 0
20 Apr 19:58:03 INFO   [geoserver.flow] - Request [WMS 1.3.0 GetMap] starting, processing through flow controllers
20 Apr 19:58:03 INFO   [geoserver.flow] - Request control-flow performed, running requests: 2, blocked requests: 0
20 Apr 19:58:03 INFO   [geoserver.flow] - Request [WMS 1.3.0 GetMap] starting, processing through flow controllers
20 Apr 19:58:03 INFO   [geoserver.flow] - Request control-flow performed, running requests: 3, blocked requests: 0
20 Apr 19:58:03 INFO   [geoserver.wms] - 
Request: getServiceInfo
20 Apr 19:58:03 INFO   [geoserver.wms] - 
Request: getServiceInfo
20 Apr 19:58:03 INFO   [geoserver.wms] - 
Request: getServiceInfo
20 Apr 19:58:03 INFO   [geoserver.flow] - Request [WMS 1.3.0 GetMap] starting, processing through flow controllers
20 Apr 19:58:03 INFO   [geoserver.flow] - Request [WMS 1.3.0 GetMap] starting, processing through flow controllers
20 Apr 19:58:03 INFO   [geoserver.flow] - Request control-flow performed, running requests: 4, blocked requests: 1
20 Apr 19:58:03 INFO   [geoserver.flow] - Request [WMS 1.3.0 GetMap] starting, processing through flow controllers
20 Apr 19:58:03 INFO   [geoserver.flow] - Request control-flow performed, running requests: 5, blocked requests: 1
20 Apr 19:58:03 INFO   [geoserver.flow] - Request control-flow performed, running requests: 6, blocked requests: 0
20 Apr 19:58:03 INFO   [geoserver.wms] - 
Request: getMap
	Angle = 0.0
	BaseUrl = http://localhost:8080/geoserver/
	Bbox = SRSEnvelope[5880660.987678821 : 7164462.388022008, 6193954.424141584 : 8209280.396001078]
	BgColor = java.awt.Color[r=255,g=255,b=255]
	Buffer = 0
	Clip = null
	CQLFilter = null
	Crs = PROJCS["WGS 84 / Pseudo-Mercator", 
  GEOGCS["WGS 84", 
    DATUM["World Geodetic System 1984", 
      SPHEROID["WGS 84", 6378137.0, 298.257223563, AUTHORITY["EPSG","7030"]], 
      AUTHORITY["EPSG","6326"]], 
    PRIMEM["Greenwich", 0.0, AUTHORITY["EPSG","8901"]], 
    UNIT["degree", 0.017453292519943295], 
    AXIS["Geodetic latitude", NORTH], 
    AXIS["Geodetic longitude", EAST], 
    AUTHORITY["EPSG","4326"]], 
  PROJECTION["Popular Visualisation Pseudo Mercator", AUTHORITY["EPSG","1024"]], 
  PARAMETER["semi_minor", 6378137.0], 
  PARAMETER["latitude_of_origin", 0.0], 
  PARAMETER["central_meridian", 0.0], 
  PARAMETER["scale_factor", 1.0], 
  PARAMETER["false_easting", 0.0], 
  PARAMETER["false_northing", 0.0], 
  UNIT["m", 1.0], 
  AXIS["Easting", EAST], 
  AXIS["Northing", NORTH], 
  AUTHORITY["EPSG","3857"]]
	Elevation = []
	Env = {}
	Exceptions = SE_XML
	FeatureId = null
	FeatureVersion = null
	Filter = null
	Format = image/png
	FormatOptions = {DPI=180}
	Get = true
	Height = 1664
	Interpolations = []
	Layers = [org.geoserver.wms.MapLayerInfo@e4804762]
	MaxFeatures = null
	Palette = null
	RawKvp = {FORMAT=image/png, CRS=EPSG:3857, STYLES=, WIDTH=1060, HEIGHT=1664, LAYERS=gis:buildings, TILED=true, REQUEST=GetMap, FORMAT_OPTIONS=dpi:180, BBOX=5880660.987678821,6193954.424141584,7164462.388022008,8209280.396001078, VERSION=1.3.0, SERVICE=WMS, TRANSPARENT=TRUE}
	RemoteOwsType = null
	RemoteOwsURL = null
	Request = GetMap
	RequestCharset = UTF-8
	ScaleMethod = null
	Sld = null
	SldBody = null
	SldVersion = null
	SortBy = null
	SortByArrays = null
	SRS = urn:ogc:def:crs:EPSG::3857
	StartIndex = null
	StyleBody = null
	StyleFormat = sld
	Styles = [StyleImpl[ name=polygon]]
	StyleUrl = null
	StyleVersion = null
	Tiled = true
	TilesOrigin = null
	Time = []
	Transparent = true
	ValidateSchema = false
	Version = 1.3.0
	ViewParams = null
	Width = 1060
20 Apr 19:58:03 INFO   [geoserver.wms] - 
Request: getMap
	Angle = 0.0
	BaseUrl = http://localhost:8080/geoserver/
	Bbox = SRSEnvelope[6246321.868643382 : 6999163.633613373, 6686845.255469155 : 7868664.780856008]
	BgColor = java.awt.Color[r=255,g=255,b=255]
	Buffer = 0
	Clip = null
	CQLFilter = null
	Crs = PROJCS["WGS 84 / Pseudo-Mercator", 
  GEOGCS["WGS 84", 
    DATUM["World Geodetic System 1984", 
      SPHEROID["WGS 84", 6378137.0, 298.257223563, AUTHORITY["EPSG","7030"]], 
      AUTHORITY["EPSG","6326"]], 
    PRIMEM["Greenwich", 0.0, AUTHORITY["EPSG","8901"]], 
    UNIT["degree", 0.017453292519943295], 
    AXIS["Geodetic latitude", NORTH], 
    AXIS["Geodetic longitude", EAST], 
    AUTHORITY["EPSG","4326"]], 
  PROJECTION["Popular Visualisation Pseudo Mercator", AUTHORITY["EPSG","1024"]], 
  PARAMETER["semi_minor", 6378137.0], 
  PARAMETER["latitude_of_origin", 0.0], 
  PARAMETER["central_meridian", 0.0], 
  PARAMETER["scale_factor", 1.0], 
  PARAMETER["false_easting", 0.0], 
  PARAMETER["false_northing", 0.0], 
  UNIT["m", 1.0], 
  AXIS["Easting", EAST], 
  AXIS["Northing", NORTH], 
  AUTHORITY["EPSG","3857"]]
	Elevation = []
	Env = {}
	Exceptions = SE_XML
	FeatureId = null
	FeatureVersion = null
	Filter = null
	Format = image/png
	FormatOptions = {DPI=180}
	Get = true
	Height = 1664
	Interpolations = []
	Layers = [org.geoserver.wms.MapLayerInfo@349ab7]
	MaxFeatures = null
	Palette = null
	RawKvp = {FORMAT=image/png, CRS=EPSG:3857, STYLES=, WIDTH=1060, HEIGHT=1664, LAYERS=gis:poi, TILED=true, REQUEST=GetMap, FORMAT_OPTIONS=dpi:180, BBOX=6246321.868643382,6686845.255469155,6999163.633613373,7868664.780856008, VERSION=1.3.0, SERVICE=WMS, TRANSPARENT=TRUE}
	RemoteOwsType = null
	RemoteOwsURL = null
	Request = GetMap
	RequestCharset = UTF-8
	ScaleMethod = null
	Sld = null
	SldBody = null
	SldVersion = null
	SortBy = null
	SortByArrays = null
	SRS = urn:ogc:def:crs:EPSG::3857
	StartIndex = null
	StyleBody = null
	StyleFormat = sld
	Styles = [StyleImpl[ name=point]]
	StyleUrl = null
	StyleVersion = null
	Tiled = true
	TilesOrigin = null
	Time = []
	Transparent = true
	ValidateSchema = false
	Version = 1.3.0
	ViewParams = null
	Width = 1060
20 Apr 19:58:03 INFO   [geoserver.wms] - 
Request: getMap
	Angle = 0.0
	BaseUrl = http://localhost:8080/geoserver/
	Bbox = SRSEnvelope[6246321.868643382 : 6999163.633613373, 6686845.255469155 : 7868664.780856008]
	BgColor = java.awt.Color[r=255,g=255,b=255]
	Buffer = 0
	Clip = null
	CQLFilter = null
	Crs = PROJCS["WGS 84 / Pseudo-Mercator", 
  GEOGCS["WGS 84", 
    DATUM["World Geodetic System 1984", 
      SPHEROID["WGS 84", 6378137.0, 298.257223563, AUTHORITY["EPSG","7030"]], 
      AUTHORITY["EPSG","6326"]], 
    PRIMEM["Greenwich", 0.0, AUTHORITY["EPSG","8901"]], 
    UNIT["degree", 0.017453292519943295], 
    AXIS["Geodetic latitude", NORTH], 
    AXIS["Geodetic longitude", EAST], 
    AUTHORITY["EPSG","4326"]], 
  PROJECTION["Popular Visualisation Pseudo Mercator", AUTHORITY["EPSG","1024"]], 
  PARAMETER["semi_minor", 6378137.0], 
  PARAMETER["latitude_of_origin", 0.0], 
  PARAMETER["central_meridian", 0.0], 
  PARAMETER["scale_factor", 1.0], 
  PARAMETER["false_easting", 0.0], 
  PARAMETER["false_northing", 0.0], 
  UNIT["m", 1.0], 
  AXIS["Easting", EAST], 
  AXIS["Northing", NORTH], 
  AUTHORITY["EPSG","3857"]]
	Elevation = []
	Env = {}
	Exceptions = SE_XML
	FeatureId = null
	FeatureVersion = null
	Filter = null
	Format = image/png
	FormatOptions = {DPI=180}
	Get = true
	Height = 1664
	Interpolations = []
	Layers = [org.geoserver.wms.MapLayerInfo@e4804762]
	MaxFeatures = null
	Palette = null
	RawKvp = {FORMAT=image/png, CRS=EPSG:3857, STYLES=, WIDTH=1060, HEIGHT=1664, LAYERS=gis:buildings, TILED=true, REQUEST=GetMap, FORMAT_OPTIONS=dpi:180, BBOX=6246321.868643382,6686845.255469155,6999163.633613373,7868664.780856008, VERSION=1.3.0, SERVICE=WMS, TRANSPARENT=TRUE}
	RemoteOwsType = null
	RemoteOwsURL = null
	Request = GetMap
	RequestCharset = UTF-8
	ScaleMethod = null
	Sld = null
	SldBody = null
	SldVersion = null
	SortBy = null
	SortByArrays = null
	SRS = urn:ogc:def:crs:EPSG::3857
	StartIndex = null
	StyleBody = null
	StyleFormat = sld
	Styles = [StyleImpl[ name=polygon]]
	StyleUrl = null
	StyleVersion = null
	Tiled = true
	TilesOrigin = null
	Time = []
	Transparent = true
	ValidateSchema = false
	Version = 1.3.0
	ViewParams = null
	Width = 1060
20 Apr 19:58:03 INFO   [geoserver.wms] - 
Request: getMap
	Angle = 0.0
	BaseUrl = http://localhost:8080/geoserver/
	Bbox = SRSEnvelope[5880660.987678821 : 7164462.388022008, 6193954.424141584 : 8209280.396001078]
	BgColor = java.awt.Color[r=255,g=255,b=255]
	Buffer = 0
	Clip = null
	CQLFilter = null
	Crs = PROJCS["WGS 84 / Pseudo-Mercator", 
  GEOGCS["WGS 84", 
    DATUM["World Geodetic System 1984", 
      SPHEROID["WGS 84", 6378137.0, 298.257223563, AUTHORITY["EPSG","7030"]], 
      AUTHORITY["EPSG","6326"]], 
    PRIMEM["Greenwich", 0.0, AUTHORITY["EPSG","8901"]], 
    UNIT["degree", 0.017453292519943295], 
    AXIS["Geodetic latitude", NORTH], 
    AXIS["Geodetic longitude", EAST], 
    AUTHORITY["EPSG","4326"]], 
  PROJECTION["Popular Visualisation Pseudo Mercator", AUTHORITY["EPSG","1024"]], 
  PARAMETER["semi_minor", 6378137.0], 
  PARAMETER["latitude_of_origin", 0.0], 
  PARAMETER["central_meridian", 0.0], 
  PARAMETER["scale_factor", 1.0], 
  PARAMETER["false_easting", 0.0], 
  PARAMETER["false_northing", 0.0], 
  UNIT["m", 1.0], 
  AXIS["Easting", EAST], 
  AXIS["Northing", NORTH], 
  AUTHORITY["EPSG","3857"]]
	Elevation = []
	Env = {}
	Exceptions = SE_XML
	FeatureId = null
	FeatureVersion = null
	Filter = null
	Format = image/png
	FormatOptions = {DPI=180}
	Get = true
	Height = 1664
	Interpolations = []
	Layers = [org.geoserver.wms.MapLayerInfo@c8d248ce]
	MaxFeatures = null
	Palette = null
	RawKvp = {FORMAT=image/png, CRS=EPSG:3857, STYLES=, WIDTH=1060, HEIGHT=1664, LAYERS=gis:roads, TILED=true, REQUEST=GetMap, FORMAT_OPTIONS=dpi:180, BBOX=5880660.987678821,6193954.424141584,7164462.388022008,8209280.396001078, VERSION=1.3.0, SERVICE=WMS, TRANSPARENT=TRUE}
	RemoteOwsType = null
	RemoteOwsURL = null
	Request = GetMap
	RequestCharset = UTF-8
	ScaleMethod = null
	Sld = null
	SldBody = null
	SldVersion = null
	SortBy = null
	SortByArrays = null
	SRS = urn:ogc:def:crs:EPSG::3857
	StartIndex = null
	StyleBody = null
	StyleFormat = sld
	Styles = [StyleImpl[ name=line]]
	StyleUrl = null
	StyleVersion = null
	Tiled = true
	TilesOrigin = null
	Time = []
	Transparent = true
	ValidateSchema = false
	Version = 1.3.0
	ViewParams = null
	Width = 1060
20 Apr 19:58:03 INFO   [geoserver.wms] - 
Request: getMap
	Angle = 0.0
	BaseUrl = http://localhost:8080/geoserver/
	Bbox = SRSEnvelope[5880660.987678821 : 7164462.388022008, 6193954.424141584 : 8209280.396001078]
	BgColor = java.awt.Color[r=255,g=255,b=255]
	Buffer = 0
	Clip = null
	CQLFilter = null
	Crs = PROJCS["WGS 84 / Pseudo-Mercator", 
  GEOGCS["WGS 84", 
    DATUM["World Geodetic System 1984", 
      SPHEROID["WGS 84", 6378137.0, 298.257223563, AUTHORITY["EPSG","7030"]], 
      AUTHORITY["EPSG","6326"]], 
    PRIMEM["Greenwich", 0.0, AUTHORITY["EPSG","8901"]], 
    UNIT["degree", 0.017453292519943295], 
    AXIS["Geodetic latitude", NORTH], 
    AXIS["Geodetic longitude", EAST], 
    AUTHORITY["EPSG","4326"]], 
  PROJECTION["Popular Visualisation Pseudo Mercator", AUTHORITY["EPSG","1024"]], 
  PARAMETER["semi_minor", 6378137.0], 
  PARAMETER["latitude_of_origin", 0.0], 
  PARAMETER["central_meridian", 0.0], 
  PARAMETER["scale_factor", 1.0], 
  PARAMETER["false_easting", 0.0], 
  PARAMETER["false_northing", 0.0], 
  UNIT["m", 1.0], 
  AXIS["Easting", EAST], 
  AXIS["Northing", NORTH], 
  AUTHORITY["EPSG","3857"]]
	Elevation = []
	Env = {}
	Exceptions = SE_XML
	FeatureId = null
	FeatureVersion = null
	Filter = null
	Format = image/png
	FormatOptions = {DPI=180}
	Get = true
	Height = 1664
	Interpolations = []
	Layers = [org.geoserver.wms.MapLayerInfo@349ab7]
	MaxFeatures = null
	Palette = null
	RawKvp = {FORMAT=image/png, CRS=EPSG:3857, STYLES=, WIDTH=1060, HEIGHT=1664, LAYERS=gis:poi, TILED=true, REQUEST=GetMap, FORMAT_OPTIONS=dpi:180, BBOX=5880660.987678821,6193954.424141584,7164462.388022008,8209280.396001078, VERSION=1.3.0, SERVICE=WMS, TRANSPARENT=TRUE}
	RemoteOwsType = null
	RemoteOwsURL = null
	Request = GetMap
	RequestCharset = UTF-8
	ScaleMethod = null
	Sld = null
	SldBody = null
	SldVersion = null
	SortBy = null
	SortByArrays = null
	SRS = urn:ogc:def:crs:EPSG::3857
	StartIndex = null
	StyleBody = null
	StyleFormat = sld
	Styles = [StyleImpl[ name=point]]
	StyleUrl = null
	StyleVersion = null
	Tiled = true
	TilesOrigin = null
	Time = []
	Transparent = true
	ValidateSchema = false
	Version = 1.3.0
	ViewParams = null
	Width = 1060
20 Apr 19:58:03 INFO   [geoserver.wms] - 
Request: getMap
	Angle = 0.0
	BaseUrl = http://localhost:8080/geoserver/
	Bbox = SRSEnvelope[6246321.868643382 : 6999163.633613373, 6686845.255469155 : 7868664.780856008]
	BgColor = java.awt.Color[r=255,g=255,b=255]
	Buffer = 0
	Clip = null
	CQLFilter = null
	Crs = PROJCS["WGS 84 / Pseudo-Mercator", 
  GEOGCS["WGS 84", 
    DATUM["World Geodetic System 1984", 
      SPHEROID["WGS 84", 6378137.0, 298.257223563, AUTHORITY["EPSG","7030"]], 
      AUTHORITY["EPSG","6326"]], 
    PRIMEM["Greenwich", 0.0, AUTHORITY["EPSG","8901"]], 
    UNIT["degree", 0.017453292519943295], 
    AXIS["Geodetic latitude", NORTH], 
    AXIS["Geodetic longitude", EAST], 
    AUTHORITY["EPSG","4326"]], 
  PROJECTION["Popular Visualisation Pseudo Mercator", AUTHORITY["EPSG","1024"]], 
  PARAMETER["semi_minor", 6378137.0], 
  PARAMETER["latitude_of_origin", 0.0], 
  PARAMETER["central_meridian", 0.0], 
  PARAMETER["scale_factor", 1.0], 
  PARAMETER["false_easting", 0.0], 
  PARAMETER["false_northing", 0.0], 
  UNIT["m", 1.0], 
  AXIS["Easting", EAST], 
  AXIS["Northing", NORTH], 
  AUTHORITY["EPSG","3857"]]
	Elevation = []
	Env = {}
	Exceptions = SE_XML
	FeatureId = null
	FeatureVersion = null
	Filter = null
	Format = image/png
	FormatOptions = {DPI=180}
	Get = true
	Height = 1664
	Interpolations = []
	Layers = [org.geoserver.wms.MapLayerInfo@c8d248ce]
	MaxFeatures = null
	Palette = null
	RawKvp = {FORMAT=image/png, CRS=EPSG:3857, STYLES=, WIDTH=1060, HEIGHT=1664, LAYERS=gis:roads, TILED=true, REQUEST=GetMap, FORMAT_OPTIONS=dpi:180, BBOX=6246321.868643382,6686845.255469155,6999163.633613373,7868664.780856008, VERSION=1.3.0, SERVICE=WMS, TRANSPARENT=TRUE}
	RemoteOwsType = null
	RemoteOwsURL = null
	Request = GetMap
	RequestCharset = UTF-8
	ScaleMethod = null
	Sld = null
	SldBody = null
	SldVersion = null
	SortBy = null
	SortByArrays = null
	SRS = urn:ogc:def:crs:EPSG::3857
	StartIndex = null
	StyleBody = null
	StyleFormat = sld
	Styles = [StyleImpl[ name=line]]
	StyleUrl = null
	StyleVersion = null
	Tiled = true
	TilesOrigin = null
	Time = []
	Transparent = true
	ValidateSchema = false
	Version = 1.3.0
	ViewParams = null
	Width = 1060
20 Apr 19:58:03 INFO   [geoserver.flow] - releasing flow controllers for [WMS 1.3.0 GetMap]
20 Apr 19:58:03 INFO   [geoserver.flow] - Request completed, running requests: 5, blocked requests: 0
20 Apr 19:58:03 INFO   [geoserver.flow] - releasing flow controllers for [WMS 1.3.0 GetMap]
20 Apr 19:58:03 INFO   [geoserver.flow] - releasing flow controllers for [WMS 1.3.0 GetMap]
20 Apr 19:58:03 INFO   [geoserver.flow] - Request completed, running requests: 3, blocked requests: 0
20 Apr 19:58:03 INFO   [geoserver.flow] - Request completed, running requests: 3, blocked requests: 0
20 Apr 19:58:03 INFO   [geoserver.flow] - releasing flow controllers for [WMS 1.3.0 GetMap]
20 Apr 19:58:04 INFO   [geoserver.flow] - Request completed, running requests: 2, blocked requests: 0
20 Apr 19:58:04 INFO   [geoserver.wms] - 
Request: getServiceInfo
20 Apr 19:58:04 INFO   [geoserver.flow] - releasing flow controllers for [WMS 1.3.0 GetMap]
20 Apr 19:58:04 INFO   [geoserver.wms] - 
Request: getServiceInfo
20 Apr 19:58:04 INFO   [geoserver.flow] - Request completed, running requests: 1, blocked requests: 0
20 Apr 19:58:04 INFO   [geoserver.wms] - 
Request: getServiceInfo
20 Apr 19:58:04 INFO   [geoserver.flow] - Request [WMS 1.3.0 GetMap] starting, processing through flow controllers
20 Apr 19:58:04 INFO   [geoserver.wms] - 
Request: getServiceInfo
20 Apr 19:58:04 INFO   [geoserver.flow] - releasing flow controllers for [WMS 1.3.0 GetMap]
20 Apr 19:58:04 INFO   [geoserver.flow] - Request control-flow performed, running requests: 2, blocked requests: 0
20 Apr 19:58:04 INFO   [geoserver.flow] - Request [WMS 1.3.0 GetMap] starting, processing through flow controllers
20 Apr 19:58:04 INFO   [geoserver.flow] - Request control-flow performed, running requests: 2, blocked requests: 1
20 Apr 19:58:04 INFO   [geoserver.flow] - Request [WMS 1.3.0 GetMap] starting, processing through flow controllers
20 Apr 19:58:04 INFO   [geoserver.flow] - Request control-flow performed, running requests: 3, blocked requests: 1
20 Apr 19:58:04 INFO   [geoserver.wms] - 
Request: getServiceInfo
20 Apr 19:58:04 INFO   [geoserver.flow] - Request [WMS 1.3.0 GetMap] starting, processing through flow controllers
20 Apr 19:58:04 INFO   [geoserver.flow] - Request completed, running requests: 1, blocked requests: 2
20 Apr 19:58:04 INFO   [geoserver.flow] - Request control-flow performed, running requests: 4, blocked requests: 0
20 Apr 19:58:04 INFO   [geoserver.flow] - Request [WMS 1.3.0 GetMap] starting, processing through flow controllers
20 Apr 19:58:04 INFO   [geoserver.flow] - Request control-flow performed, running requests: 5, blocked requests: 0
20 Apr 19:58:04 INFO   [geoserver.wms] - 
Request: getServiceInfo
20 Apr 19:58:04 INFO   [geoserver.flow] - Request [WMS 1.3.0 GetMap] starting, processing through flow controllers
20 Apr 19:58:04 INFO   [geoserver.flow] - Request control-flow performed, running requests: 6, blocked requests: 0
20 Apr 19:58:04 INFO   [geoserver.wms] - 
Request: getMap
	Angle = 0.0
	BaseUrl = http://localhost:8080/geoserver/
	Bbox = SRSEnvelope[4770584.878674993 : 8059505.254055139, 4222108.528080905 : 9385092.966413511]
	BgColor = java.awt.Color[r=255,g=255,b=255]
	Buffer = 0
	Clip = null
	CQLFilter = null
	Crs = PROJCS["WGS 84 / Pseudo-Mercator", 
  GEOGCS["WGS 84", 
    DATUM["World Geodetic System 1984", 
      SPHEROID["WGS 84", 6378137.0, 298.257223563, AUTHORITY["EPSG","7030"]], 
      AUTHORITY["EPSG","6326"]], 
    PRIMEM["Greenwich", 0.0, AUTHORITY["EPSG","8901"]], 
    UNIT["degree", 0.017453292519943295], 
    AXIS["Geodetic latitude", NORTH], 
    AXIS["Geodetic longitude", EAST], 
    AUTHORITY["EPSG","4326"]], 
  PROJECTION["Popular Visualisation Pseudo Mercator", AUTHORITY["EPSG","1024"]], 
  PARAMETER["semi_minor", 6378137.0], 
  PARAMETER["latitude_of_origin", 0.0], 
  PARAMETER["central_meridian", 0.0], 
  PARAMETER["scale_factor", 1.0], 
  PARAMETER["false_easting", 0.0], 
  PARAMETER["false_northing", 0.0], 
  UNIT["m", 1.0], 
  AXIS["Easting", EAST], 
  AXIS["Northing", NORTH], 
  AUTHORITY["EPSG","3857"]]
	Elevation = []
	Env = {}
	Exceptions = SE_XML
	FeatureId = null
	FeatureVersion = null
	Filter = null
	Format = image/png
	FormatOptions = {DPI=180}
	Get = true
	Height = 1664
	Interpolations = []
	Layers = [org.geoserver.wms.MapLayerInfo@e4804762]
	MaxFeatures = null
	Palette = null
	RawKvp = {FORMAT=image/png, CRS=EPSG:3857, STYLES=, WIDTH=1060, HEIGHT=1664, LAYERS=gis:buildings, TILED=true, REQUEST=GetMap, FORMAT_OPTIONS=dpi:180, BBOX=4770584.878674993,4222108.528080905,8059505.254055139,9385092.966413511, VERSION=1.3.0, SERVICE=WMS, TRANSPARENT=TRUE}
	RemoteOwsType = null
	RemoteOwsURL = null
	Request = GetMap
	RequestCharset = UTF-8
	ScaleMethod = null
	Sld = null
	SldBody = null
	SldVersion = null
	SortBy = null
	SortByArrays = null
	SRS = urn:ogc:def:crs:EPSG::3857
	StartIndex = null
	StyleBody = null
	StyleFormat = sld
	Styles = [StyleImpl[ name=polygon]]
	StyleUrl = null
	StyleVersion = null
	Tiled = true
	TilesOrigin = null
	Time = []
	Transparent = true
	ValidateSchema = false
	Version = 1.3.0
	ViewParams = null
	Width = 1060
20 Apr 19:58:04 INFO   [geoserver.wms] - 
Request: getMap
	Angle = 0.0
	BaseUrl = http://localhost:8080/geoserver/
	Bbox = SRSEnvelope[4770584.878674993 : 8059505.254055139, 4222108.528080905 : 9385092.966413511]
	BgColor = java.awt.Color[r=255,g=255,b=255]
	Buffer = 0
	Clip = null
	CQLFilter = null
	Crs = PROJCS["WGS 84 / Pseudo-Mercator", 
  GEOGCS["WGS 84", 
    DATUM["World Geodetic System 1984", 
      SPHEROID["WGS 84", 6378137.0, 298.257223563, AUTHORITY["EPSG","7030"]], 
      AUTHORITY["EPSG","6326"]], 
    PRIMEM["Greenwich", 0.0, AUTHORITY["EPSG","8901"]], 
    UNIT["degree", 0.017453292519943295], 
    AXIS["Geodetic latitude", NORTH], 
    AXIS["Geodetic longitude", EAST], 
    AUTHORITY["EPSG","4326"]], 
  PROJECTION["Popular Visualisation Pseudo Mercator", AUTHORITY["EPSG","1024"]], 
  PARAMETER["semi_minor", 6378137.0], 
  PARAMETER["latitude_of_origin", 0.0], 
  PARAMETER["central_meridian", 0.0], 
  PARAMETER["scale_factor", 1.0], 
  PARAMETER["false_easting", 0.0], 
  PARAMETER["false_northing", 0.0], 
  UNIT["m", 1.0], 
  AXIS["Easting", EAST], 
  AXIS["Northing", NORTH], 
  AUTHORITY["EPSG","3857"]]
	Elevation = []
	Env = {}
	Exceptions = SE_XML
	FeatureId = null
	FeatureVersion = null
	Filter = null
	Format = image/png
	FormatOptions = {DPI=180}
	Get = true
	Height = 1664
	Interpolations = []
	Layers = [org.geoserver.wms.MapLayerInfo@c8d248ce]
	MaxFeatures = null
	Palette = null
	RawKvp = {FORMAT=image/png, CRS=EPSG:3857, STYLES=, WIDTH=1060, HEIGHT=1664, LAYERS=gis:roads, TILED=true, REQUEST=GetMap, FORMAT_OPTIONS=dpi:180, BBOX=4770584.878674993,4222108.528080905,8059505.254055139,9385092.966413511, VERSION=1.3.0, SERVICE=WMS, TRANSPARENT=TRUE}
	RemoteOwsType = null
	RemoteOwsURL = null
	Request = GetMap
	RequestCharset = UTF-8
	ScaleMethod = null
	Sld = null
	SldBody = null
	SldVersion = null
	SortBy = null
	SortByArrays = null
	SRS = urn:ogc:def:crs:EPSG::3857
	StartIndex = null
	StyleBody = null
	StyleFormat = sld
	Styles = [StyleImpl[ name=line]]
	StyleUrl = null
	StyleVersion = null
	Tiled = true
	TilesOrigin = null
	Time = []
	Transparent = true
	ValidateSchema = false
	Version = 1.3.0
	ViewParams = null
	Width = 1060
20 Apr 19:58:04 INFO   [geoserver.wms] - 
Request: getMap
	Angle = 0.0
	BaseUrl = http://localhost:8080/geoserver/
	Bbox = SRSEnvelope[5583436.97247684 : 7696843.300310222, 5231330.167808449 : 8548979.346595949]
	BgColor = java.awt.Color[r=255,g=255,b=255]
	Buffer = 0
	Clip = null
	CQLFilter = null
	Crs = PROJCS["WGS 84 / Pseudo-Mercator", 
  GEOGCS["WGS 84", 
    DATUM["World Geodetic System 1984", 
      SPHEROID["WGS 84", 6378137.0, 298.257223563, AUTHORITY["EPSG","7030"]], 
      AUTHORITY["EPSG","6326"]], 
    PRIMEM["Greenwich", 0.0, AUTHORITY["EPSG","8901"]], 
    UNIT["degree", 0.017453292519943295], 
    AXIS["Geodetic latitude", NORTH], 
    AXIS["Geodetic longitude", EAST], 
    AUTHORITY["EPSG","4326"]], 
  PROJECTION["Popular Visualisation Pseudo Mercator", AUTHORITY["EPSG","1024"]], 
  PARAMETER["semi_minor", 6378137.0], 
  PARAMETER["latitude_of_origin", 0.0], 
  PARAMETER["central_meridian", 0.0], 
  PARAMETER["scale_factor", 1.0], 
  PARAMETER["false_easting", 0.0], 
  PARAMETER["false_northing", 0.0], 
  UNIT["m", 1.0], 
  AXIS["Easting", EAST], 
  AXIS["Northing", NORTH], 
  AUTHORITY["EPSG","3857"]]
	Elevation = []
	Env = {}
	Exceptions = SE_XML
	FeatureId = null
	FeatureVersion = null
	Filter = null
	Format = image/png
	FormatOptions = {DPI=180}
	Get = true
	Height = 1664
	Interpolations = []
	Layers = [org.geoserver.wms.MapLayerInfo@c8d248ce]
	MaxFeatures = null
	Palette = null
	RawKvp = {FORMAT=image/png, CRS=EPSG:3857, STYLES=, WIDTH=1060, HEIGHT=1664, LAYERS=gis:roads, TILED=true, REQUEST=GetMap, FORMAT_OPTIONS=dpi:180, BBOX=5583436.97247684,5231330.167808449,7696843.300310222,8548979.346595949, VERSION=1.3.0, SERVICE=WMS, TRANSPARENT=TRUE}
	RemoteOwsType = null
	RemoteOwsURL = null
	Request = GetMap
	RequestCharset = UTF-8
	ScaleMethod = null
	Sld = null
	SldBody = null
	SldVersion = null
	SortBy = null
	SortByArrays = null
	SRS = urn:ogc:def:crs:EPSG::3857
	StartIndex = null
	StyleBody = null
	StyleFormat = sld
	Styles = [StyleImpl[ name=line]]
	StyleUrl = null
	StyleVersion = null
	Tiled = true
	TilesOrigin = null
	Time = []
	Transparent = true
	ValidateSchema = false
	Version = 1.3.0
	ViewParams = null
	Width = 1060
20 Apr 19:58:04 INFO   [geoserver.wms] - 
Request: getMap
	Angle = 0.0
	BaseUrl = http://localhost:8080/geoserver/
	Bbox = SRSEnvelope[5583436.97247684 : 7696843.300310222, 5231330.167808449 : 8548979.346595949]
	BgColor = java.awt.Color[r=255,g=255,b=255]
	Buffer = 0
	Clip = null
	CQLFilter = null
	Crs = PROJCS["WGS 84 / Pseudo-Mercator", 
  GEOGCS["WGS 84", 
    DATUM["World Geodetic System 1984", 
      SPHEROID["WGS 84", 6378137.0, 298.257223563, AUTHORITY["EPSG","7030"]], 
      AUTHORITY["EPSG","6326"]], 
    PRIMEM["Greenwich", 0.0, AUTHORITY["EPSG","8901"]], 
    UNIT["degree", 0.017453292519943295], 
    AXIS["Geodetic latitude", NORTH], 
    AXIS["Geodetic longitude", EAST], 
    AUTHORITY["EPSG","4326"]], 
  PROJECTION["Popular Visualisation Pseudo Mercator", AUTHORITY["EPSG","1024"]], 
  PARAMETER["semi_minor", 6378137.0], 
  PARAMETER["latitude_of_origin", 0.0], 
  PARAMETER["central_meridian", 0.0], 
  PARAMETER["scale_factor", 1.0], 
  PARAMETER["false_easting", 0.0], 
  PARAMETER["false_northing", 0.0], 
  UNIT["m", 1.0], 
  AXIS["Easting", EAST], 
  AXIS["Northing", NORTH], 
  AUTHORITY["EPSG","3857"]]
	Elevation = []
	Env = {}
	Exceptions = SE_XML
	FeatureId = null
	FeatureVersion = null
	Filter = null
	Format = image/png
	FormatOptions = {DPI=180}
	Get = true
	Height = 1664
	Interpolations = []
	Layers = [org.geoserver.wms.MapLayerInfo@e4804762]
	MaxFeatures = null
	Palette = null
	RawKvp = {FORMAT=image/png, CRS=EPSG:3857, STYLES=, WIDTH=1060, HEIGHT=1664, LAYERS=gis:buildings, TILED=true, REQUEST=GetMap, FORMAT_OPTIONS=dpi:180, BBOX=5583436.97247684,5231330.167808449,7696843.300310222,8548979.346595949, VERSION=1.3.0, SERVICE=WMS, TRANSPARENT=TRUE}
	RemoteOwsType = null
	RemoteOwsURL = null
	Request = GetMap
	RequestCharset = UTF-8
	ScaleMethod = null
	Sld = null
	SldBody = null
	SldVersion = null
	SortBy = null
	SortByArrays = null
	SRS = urn:ogc:def:crs:EPSG::3857
	StartIndex = null
	StyleBody = null
	StyleFormat = sld
	Styles = [StyleImpl[ name=polygon]]
	StyleUrl = null
	StyleVersion = null
	Tiled = true
	TilesOrigin = null
	Time = []
	Transparent = true
	ValidateSchema = false
	Version = 1.3.0
	ViewParams = null
	Width = 1060
20 Apr 19:58:04 INFO   [geoserver.flow] - releasing flow controllers for [WMS 1.3.0 GetMap]
20 Apr 19:58:04 INFO   [geoserver.flow] - Request completed, running requests: 5, blocked requests: 0
20 Apr 19:58:04 INFO   [geoserver.flow] - releasing flow controllers for [WMS 1.3.0 GetMap]
20 Apr 19:58:05 INFO   [geoserver.flow] - Request completed, running requests: 4, blocked requests: 0
20 Apr 19:58:05 INFO   [geoserver.flow] - releasing flow controllers for [WMS 1.3.0 GetMap]
20 Apr 19:58:05 INFO   [geoserver.flow] - Request completed, running requests: 3, blocked requests: 0
20 Apr 19:58:05 INFO   [geoserver.flow] - releasing flow controllers for [WMS 1.3.0 GetMap]
20 Apr 19:58:05 INFO   [geoserver.flow] - Request completed, running requests: 2, blocked requests: 0
20 Apr 19:58:05 INFO   [geoserver.wms] - 
Request: getServiceInfo
20 Apr 19:58:05 INFO   [geoserver.wms] - 
Request: getServiceInfo
20 Apr 19:58:05 INFO   [geoserver.wms] - 
Request: getServiceInfo
20 Apr 19:58:05 INFO   [geoserver.flow] - Request [WMS 1.3.0 GetMap] starting, processing through flow controllers
20 Apr 19:58:05 INFO   [geoserver.wms] - 
Request: getServiceInfo
20 Apr 19:58:05 INFO   [geoserver.flow] - Request control-flow performed, running requests: 3, blocked requests: 1
20 Apr 19:58:05 INFO   [geoserver.flow] - Request [WMS 1.3.0 GetMap] starting, processing through flow controllers
20 Apr 19:58:05 INFO   [geoserver.flow] - Request [WMS 1.3.0 GetMap] starting, processing through flow controllers
20 Apr 19:58:05 INFO   [geoserver.flow] - Request control-flow performed, running requests: 4, blocked requests: 1
20 Apr 19:58:05 INFO   [geoserver.flow] - Request [WMS 1.3.0 GetMap] starting, processing through flow controllers
20 Apr 19:58:05 INFO   [geoserver.wms] - 
Request: getMap
	Angle = 0.0
	BaseUrl = http://localhost:8080/geoserver/
	Bbox = SRSEnvelope[5583436.97247684 : 7696843.300310222, 5231330.167808449 : 8548979.346595949]
	BgColor = java.awt.Color[r=255,g=255,b=255]
	Buffer = 0
	Clip = null
	CQLFilter = null
	Crs = PROJCS["WGS 84 / Pseudo-Mercator", 
  GEOGCS["WGS 84", 
    DATUM["World Geodetic System 1984", 
      SPHEROID["WGS 84", 6378137.0, 298.257223563, AUTHORITY["EPSG","7030"]], 
      AUTHORITY["EPSG","6326"]], 
    PRIMEM["Greenwich", 0.0, AUTHORITY["EPSG","8901"]], 
    UNIT["degree", 0.017453292519943295], 
    AXIS["Geodetic latitude", NORTH], 
    AXIS["Geodetic longitude", EAST], 
    AUTHORITY["EPSG","4326"]], 
  PROJECTION["Popular Visualisation Pseudo Mercator", AUTHORITY["EPSG","1024"]], 
  PARAMETER["semi_minor", 6378137.0], 
  PARAMETER["latitude_of_origin", 0.0], 
  PARAMETER["central_meridian", 0.0], 
  PARAMETER["scale_factor", 1.0], 
  PARAMETER["false_easting", 0.0], 
  PARAMETER["false_northing", 0.0], 
  UNIT["m", 1.0], 
  AXIS["Easting", EAST], 
  AXIS["Northing", NORTH], 
  AUTHORITY["EPSG","3857"]]
	Elevation = []
	Env = {}
	Exceptions = SE_XML
	FeatureId = null
	FeatureVersion = null
	Filter = null
	Format = image/png
	FormatOptions = {DPI=180}
	Get = true
	Height = 1664
	Interpolations = []
	Layers = [org.geoserver.wms.MapLayerInfo@349ab7]
	MaxFeatures = null
	Palette = null
	RawKvp = {FORMAT=image/png, CRS=EPSG:3857, STYLES=, WIDTH=1060, HEIGHT=1664, LAYERS=gis:poi, TILED=true, REQUEST=GetMap, FORMAT_OPTIONS=dpi:180, BBOX=5583436.97247684,5231330.167808449,7696843.300310222,8548979.346595949, VERSION=1.3.0, SERVICE=WMS, TRANSPARENT=TRUE}
	RemoteOwsType = null
	RemoteOwsURL = null
	Request = GetMap
	RequestCharset = UTF-8
	ScaleMethod = null
	Sld = null
	SldBody = null
	SldVersion = null
	SortBy = null
	SortByArrays = null
	SRS = urn:ogc:def:crs:EPSG::3857
	StartIndex = null
	StyleBody = null
	StyleFormat = sld
	Styles = [StyleImpl[ name=point]]
	StyleUrl = null
	StyleVersion = null
	Tiled = true
	TilesOrigin = null
	Time = []
	Transparent = true
	ValidateSchema = false
	Version = 1.3.0
	ViewParams = null
	Width = 1060
20 Apr 19:58:05 INFO   [geoserver.flow] - Request control-flow performed, running requests: 5, blocked requests: 0
20 Apr 19:58:05 INFO   [geoserver.wms] - 
Request: getMap
	Angle = 0.0
	BaseUrl = http://localhost:8080/geoserver/
	Bbox = SRSEnvelope[4770584.878674993 : 8059505.254055139, 4222108.528080905 : 9385092.966413511]
	BgColor = java.awt.Color[r=255,g=255,b=255]
	Buffer = 0
	Clip = null
	CQLFilter = null
	Crs = PROJCS["WGS 84 / Pseudo-Mercator", 
  GEOGCS["WGS 84", 
    DATUM["World Geodetic System 1984", 
      SPHEROID["WGS 84", 6378137.0, 298.257223563, AUTHORITY["EPSG","7030"]], 
      AUTHORITY["EPSG","6326"]], 
    PRIMEM["Greenwich", 0.0, AUTHORITY["EPSG","8901"]], 
    UNIT["degree", 0.017453292519943295], 
    AXIS["Geodetic latitude", NORTH], 
    AXIS["Geodetic longitude", EAST], 
    AUTHORITY["EPSG","4326"]], 
  PROJECTION["Popular Visualisation Pseudo Mercator", AUTHORITY["EPSG","1024"]], 
  PARAMETER["semi_minor", 6378137.0], 
  PARAMETER["latitude_of_origin", 0.0], 
  PARAMETER["central_meridian", 0.0], 
  PARAMETER["scale_factor", 1.0], 
  PARAMETER["false_easting", 0.0], 
  PARAMETER["false_northing", 0.0], 
  UNIT["m", 1.0], 
  AXIS["Easting", EAST], 
  AXIS["Northing", NORTH], 
  AUTHORITY["EPSG","3857"]]
	Elevation = []
	Env = {}
	Exceptions = SE_XML
	FeatureId = null
	FeatureVersion = null
	Filter = null
	Format = image/png
	FormatOptions = {DPI=180}
	Get = true
	Height = 1664
	Interpolations = []
	Layers = [org.geoserver.wms.MapLayerInfo@349ab7]
	MaxFeatures = null
	Palette = null
	RawKvp = {FORMAT=image/png, CRS=EPSG:3857, STYLES=, WIDTH=1060, HEIGHT=1664, LAYERS=gis:poi, TILED=true, REQUEST=GetMap, FORMAT_OPTIONS=dpi:180, BBOX=4770584.878674993,4222108.528080905,8059505.254055139,9385092.966413511, VERSION=1.3.0, SERVICE=WMS, TRANSPARENT=TRUE}
	RemoteOwsType = null
	RemoteOwsURL = null
	Request = GetMap
	RequestCharset = UTF-8
	ScaleMethod = null
	Sld = null
	SldBody = null
	SldVersion = null
	SortBy = null
	SortByArrays = null
	SRS = urn:ogc:def:crs:EPSG::3857
	StartIndex = null
	StyleBody = null
	StyleFormat = sld
	Styles = [StyleImpl[ name=point]]
	StyleUrl = null
	StyleVersion = null
	Tiled = true
	TilesOrigin = null
	Time = []
	Transparent = true
	ValidateSchema = false
	Version = 1.3.0
	ViewParams = null
	Width = 1060
20 Apr 19:58:05 INFO   [geoserver.flow] - Request control-flow performed, running requests: 6, blocked requests: 0
20 Apr 19:58:05 INFO   [geoserver.wms] - 
Request: getMap
	Angle = 0.0
	BaseUrl = http://localhost:8080/geoserver/
	Bbox = SRSEnvelope[7314783.931085897 : 1.0603704306466043E7, 4217393.087345684 : 9380377.52567829]
	BgColor = java.awt.Color[r=255,g=255,b=255]
	Buffer = 0
	Clip = null
	CQLFilter = null
	Crs = PROJCS["WGS 84 / Pseudo-Mercator", 
  GEOGCS["WGS 84", 
    DATUM["World Geodetic System 1984", 
      SPHEROID["WGS 84", 6378137.0, 298.257223563, AUTHORITY["EPSG","7030"]], 
      AUTHORITY["EPSG","6326"]], 
    PRIMEM["Greenwich", 0.0, AUTHORITY["EPSG","8901"]], 
    UNIT["degree", 0.017453292519943295], 
    AXIS["Geodetic latitude", NORTH], 
    AXIS["Geodetic longitude", EAST], 
    AUTHORITY["EPSG","4326"]], 
  PROJECTION["Popular Visualisation Pseudo Mercator", AUTHORITY["EPSG","1024"]], 
  PARAMETER["semi_minor", 6378137.0], 
  PARAMETER["latitude_of_origin", 0.0], 
  PARAMETER["central_meridian", 0.0], 
  PARAMETER["scale_factor", 1.0], 
  PARAMETER["false_easting", 0.0], 
  PARAMETER["false_northing", 0.0], 
  UNIT["m", 1.0], 
  AXIS["Easting", EAST], 
  AXIS["Northing", NORTH], 
  AUTHORITY["EPSG","3857"]]
	Elevation = []
	Env = {}
	Exceptions = SE_XML
	FeatureId = null
	FeatureVersion = null
	Filter = null
	Format = image/png
	FormatOptions = {DPI=180}
	Get = true
	Height = 1664
	Interpolations = []
	Layers = [org.geoserver.wms.MapLayerInfo@e4804762]
	MaxFeatures = null
	Palette = null
	RawKvp = {FORMAT=image/png, CRS=EPSG:3857, STYLES=, WIDTH=1060, HEIGHT=1664, LAYERS=gis:buildings, TILED=true, REQUEST=GetMap, FORMAT_OPTIONS=dpi:180, BBOX=7314783.931085897,4217393.087345684,10603704.306466043,9380377.52567829, VERSION=1.3.0, SERVICE=WMS, TRANSPARENT=TRUE}
	RemoteOwsType = null
	RemoteOwsURL = null
	Request = GetMap
	RequestCharset = UTF-8
	ScaleMethod = null
	Sld = null
	SldBody = null
	SldVersion = null
	SortBy = null
	SortByArrays = null
	SRS = urn:ogc:def:crs:EPSG::3857
	StartIndex = null
	StyleBody = null
	StyleFormat = sld
	Styles = [StyleImpl[ name=polygon]]
	StyleUrl = null
	StyleVersion = null
	Tiled = true
	TilesOrigin = null
	Time = []
	Transparent = true
	ValidateSchema = false
	Version = 1.3.0
	ViewParams = null
	Width = 1060
20 Apr 19:58:05 INFO   [geoserver.wms] - 
Request: getMap
	Angle = 0.0
	BaseUrl = http://localhost:8080/geoserver/
	Bbox = SRSEnvelope[7314783.931085897 : 1.0603704306466043E7, 4217393.087345684 : 9380377.52567829]
	BgColor = java.awt.Color[r=255,g=255,b=255]
	Buffer = 0
	Clip = null
	CQLFilter = null
	Crs = PROJCS["WGS 84 / Pseudo-Mercator", 
  GEOGCS["WGS 84", 
    DATUM["World Geodetic System 1984", 
      SPHEROID["WGS 84", 6378137.0, 298.257223563, AUTHORITY["EPSG","7030"]], 
      AUTHORITY["EPSG","6326"]], 
    PRIMEM["Greenwich", 0.0, AUTHORITY["EPSG","8901"]], 
    UNIT["degree", 0.017453292519943295], 
    AXIS["Geodetic latitude", NORTH], 
    AXIS["Geodetic longitude", EAST], 
    AUTHORITY["EPSG","4326"]], 
  PROJECTION["Popular Visualisation Pseudo Mercator", AUTHORITY["EPSG","1024"]], 
  PARAMETER["semi_minor", 6378137.0], 
  PARAMETER["latitude_of_origin", 0.0], 
  PARAMETER["central_meridian", 0.0], 
  PARAMETER["scale_factor", 1.0], 
  PARAMETER["false_easting", 0.0], 
  PARAMETER["false_northing", 0.0], 
  UNIT["m", 1.0], 
  AXIS["Easting", EAST], 
  AXIS["Northing", NORTH], 
  AUTHORITY["EPSG","3857"]]
	Elevation = []
	Env = {}
	Exceptions = SE_XML
	FeatureId = null
	FeatureVersion = null
	Filter = null
	Format = image/png
	FormatOptions = {DPI=180}
	Get = true
	Height = 1664
	Interpolations = []
	Layers = [org.geoserver.wms.MapLayerInfo@c8d248ce]
	MaxFeatures = null
	Palette = null
	RawKvp = {FORMAT=image/png, CRS=EPSG:3857, STYLES=, WIDTH=1060, HEIGHT=1664, LAYERS=gis:roads, TILED=true, REQUEST=GetMap, FORMAT_OPTIONS=dpi:180, BBOX=7314783.931085897,4217393.087345684,10603704.306466043,9380377.52567829, VERSION=1.3.0, SERVICE=WMS, TRANSPARENT=TRUE}
	RemoteOwsType = null
	RemoteOwsURL = null
	Request = GetMap
	RequestCharset = UTF-8
	ScaleMethod = null
	Sld = null
	SldBody = null
	SldVersion = null
	SortBy = null
	SortByArrays = null
	SRS = urn:ogc:def:crs:EPSG::3857
	StartIndex = null
	StyleBody = null
	StyleFormat = sld
	Styles = [StyleImpl[ name=line]]
	StyleUrl = null
	StyleVersion = null
	Tiled = true
	TilesOrigin = null
	Time = []
	Transparent = true
	ValidateSchema = false
	Version = 1.3.0
	ViewParams = null
	Width = 1060
20 Apr 19:58:05 INFO   [geoserver.flow] - releasing flow controllers for [WMS 1.3.0 GetMap]
20 Apr 19:58:05 INFO   [geoserver.wms] - 
Request: getMap
	Angle = 0.0
	BaseUrl = http://localhost:8080/geoserver/
	Bbox = SRSEnvelope[7314783.931085897 : 1.0603704306466043E7, 4217393.087345684 : 9380377.52567829]
	BgColor = java.awt.Color[r=255,g=255,b=255]
	Buffer = 0
	Clip = null
	CQLFilter = null
	Crs = PROJCS["WGS 84 / Pseudo-Mercator", 
  GEOGCS["WGS 84", 
    DATUM["World Geodetic System 1984", 
      SPHEROID["WGS 84", 6378137.0, 298.257223563, AUTHORITY["EPSG","7030"]], 
      AUTHORITY["EPSG","6326"]], 
    PRIMEM["Greenwich", 0.0, AUTHORITY["EPSG","8901"]], 
    UNIT["degree", 0.017453292519943295], 
    AXIS["Geodetic latitude", NORTH], 
    AXIS["Geodetic longitude", EAST], 
    AUTHORITY["EPSG","4326"]], 
  PROJECTION["Popular Visualisation Pseudo Mercator", AUTHORITY["EPSG","1024"]], 
  PARAMETER["semi_minor", 6378137.0], 
  PARAMETER["latitude_of_origin", 0.0], 
  PARAMETER["central_meridian", 0.0], 
  PARAMETER["scale_factor", 1.0], 
  PARAMETER["false_easting", 0.0], 
  PARAMETER["false_northing", 0.0], 
  UNIT["m", 1.0], 
  AXIS["Easting", EAST], 
  AXIS["Northing", NORTH], 
  AUTHORITY["EPSG","3857"]]
	Elevation = []
	Env = {}
	Exceptions = SE_XML
	FeatureId = null
	FeatureVersion = null
	Filter = null
	Format = image/png
	FormatOptions = {DPI=180}
	Get = true
	Height = 1664
	Interpolations = []
	Layers = [org.geoserver.wms.MapLayerInfo@349ab7]
	MaxFeatures = null
	Palette = null
	RawKvp = {FORMAT=image/png, CRS=EPSG:3857, STYLES=, WIDTH=1060, HEIGHT=1664, LAYERS=gis:poi, TILED=true, REQUEST=GetMap, FORMAT_OPTIONS=dpi:180, BBOX=7314783.931085897,4217393.087345684,10603704.306466043,9380377.52567829, VERSION=1.3.0, SERVICE=WMS, TRANSPARENT=TRUE}
	RemoteOwsType = null
	RemoteOwsURL = null
	Request = GetMap
	RequestCharset = UTF-8
	ScaleMethod = null
	Sld = null
	SldBody = null
	SldVersion = null
	SortBy = null
	SortByArrays = null
	SRS = urn:ogc:def:crs:EPSG::3857
	StartIndex = null
	StyleBody = null
	StyleFormat = sld
	Styles = [StyleImpl[ name=point]]
	StyleUrl = null
	StyleVersion = null
	Tiled = true
	TilesOrigin = null
	Time = []
	Transparent = true
	ValidateSchema = false
	Version = 1.3.0
	ViewParams = null
	Width = 1060
20 Apr 19:58:05 INFO   [geoserver.flow] - Request completed, running requests: 5, blocked requests: 0
20 Apr 19:58:05 INFO   [geoserver.flow] - releasing flow controllers for [WMS 1.3.0 GetMap]
20 Apr 19:58:05 INFO   [geoserver.flow] - Request completed, running requests: 4, blocked requests: 0
20 Apr 19:58:05 INFO   [geoserver.wms] - 
Request: getServiceInfo
20 Apr 19:58:05 INFO   [geoserver.wms] - 
Request: getMap
	Angle = 0.0
	BaseUrl = http://localhost:8080/geoserver/
	Bbox = SRSEnvelope[7894864.546832495 : 1.1183784922212642E7, 4092923.08128969 : 9255907.519622296]
	BgColor = java.awt.Color[r=255,g=255,b=255]
	Buffer = 0
	Clip = null
	CQLFilter = null
	Crs = PROJCS["WGS 84 / Pseudo-Mercator", 
  GEOGCS["WGS 84", 
    DATUM["World Geodetic System 1984", 
      SPHEROID["WGS 84", 6378137.0, 298.257223563, AUTHORITY["EPSG","7030"]], 
      AUTHORITY["EPSG","6326"]], 
    PRIMEM["Greenwich", 0.0, AUTHORITY["EPSG","8901"]], 
    UNIT["degree", 0.017453292519943295], 
    AXIS["Geodetic latitude", NORTH], 
    AXIS["Geodetic longitude", EAST], 
    AUTHORITY["EPSG","4326"]], 
  PROJECTION["Popular Visualisation Pseudo Mercator", AUTHORITY["EPSG","1024"]], 
  PARAMETER["semi_minor", 6378137.0], 
  PARAMETER["latitude_of_origin", 0.0], 
  PARAMETER["central_meridian", 0.0], 
  PARAMETER["scale_factor", 1.0], 
  PARAMETER["false_easting", 0.0], 
  PARAMETER["false_northing", 0.0], 
  UNIT["m", 1.0], 
  AXIS["Easting", EAST], 
  AXIS["Northing", NORTH], 
  AUTHORITY["EPSG","3857"]]
	Elevation = []
	Env = {}
	Exceptions = SE_XML
	FeatureId = null
	FeatureVersion = null
	Filter = null
	Format = image/png
	FormatOptions = {DPI=180}
	Get = true
	Height = 1664
	Interpolations = []
	Layers = [org.geoserver.wms.MapLayerInfo@e4804762]
	MaxFeatures = null
	Palette = null
	RawKvp = {FORMAT=image/png, CRS=EPSG:3857, STYLES=, WIDTH=1060, HEIGHT=1664, LAYERS=gis:buildings, TILED=true, REQUEST=GetMap, FORMAT_OPTIONS=dpi:180, BBOX=7894864.546832495,4092923.08128969,11183784.922212642,9255907.519622296, VERSION=1.3.0, SERVICE=WMS, TRANSPARENT=TRUE}
	RemoteOwsType = null
	RemoteOwsURL = null
	Request = GetMap
	RequestCharset = UTF-8
	ScaleMethod = null
	Sld = null
	SldBody = null
	SldVersion = null
	SortBy = null
	SortByArrays = null
	SRS = urn:ogc:def:crs:EPSG::3857
	StartIndex = null
	StyleBody = null
	StyleFormat = sld
	Styles = [StyleImpl[ name=polygon]]
	StyleUrl = null
	StyleVersion = null
	Tiled = true
	TilesOrigin = null
	Time = []
	Transparent = true
	ValidateSchema = false
	Version = 1.3.0
	ViewParams = null
	Width = 1060
20 Apr 19:58:05 INFO   [geoserver.flow] - Request [WMS 1.3.0 GetMap] starting, processing through flow controllers
20 Apr 19:58:05 INFO   [geoserver.wms] - 
Request: getServiceInfo
20 Apr 19:58:05 INFO   [geoserver.flow] - Request control-flow performed, running requests: 5, blocked requests: 0
20 Apr 19:58:05 INFO   [geoserver.flow] - Request [WMS 1.3.0 GetMap] starting, processing through flow controllers
20 Apr 19:58:05 INFO   [geoserver.flow] - Request control-flow performed, running requests: 6, blocked requests: 0
20 Apr 19:58:05 INFO   [geoserver.flow] - releasing flow controllers for [WMS 1.3.0 GetMap]
20 Apr 19:58:05 INFO   [geoserver.flow] - Request completed, running requests: 5, blocked requests: 0
20 Apr 19:58:05 INFO   [geoserver.flow] - releasing flow controllers for [WMS 1.3.0 GetMap]
20 Apr 19:58:05 INFO   [geoserver.flow] - Request completed, running requests: 4, blocked requests: 0
20 Apr 19:58:05 INFO   [geoserver.wms] - 
Request: getServiceInfo
20 Apr 19:58:05 INFO   [geoserver.flow] - releasing flow controllers for [WMS 1.3.0 GetMap]
20 Apr 19:58:05 INFO   [geoserver.wms] - 
Request: getServiceInfo
20 Apr 19:58:05 INFO   [geoserver.flow] - Request completed, running requests: 3, blocked requests: 0
20 Apr 19:58:05 INFO   [geoserver.flow] - Request [WMS 1.3.0 GetMap] starting, processing through flow controllers
20 Apr 19:58:05 INFO   [geoserver.flow] - Request [WMS 1.3.0 GetMap] starting, processing through flow controllers
20 Apr 19:58:05 INFO   [geoserver.flow] - Request control-flow performed, running requests: 4, blocked requests: 1
20 Apr 19:58:05 INFO   [geoserver.flow] - releasing flow controllers for [WMS 1.3.0 GetMap]
20 Apr 19:58:05 INFO   [geoserver.flow] - Request completed, running requests: 4, blocked requests: 0
20 Apr 19:58:05 INFO   [geoserver.flow] - Request control-flow performed, running requests: 5, blocked requests: 0
20 Apr 19:58:05 INFO   [geoserver.wms] - 
Request: getMap
	Angle = 0.0
	BaseUrl = http://localhost:8080/geoserver/
	Bbox = SRSEnvelope[7894864.546832495 : 1.1183784922212642E7, 4092923.08128969 : 9255907.519622296]
	BgColor = java.awt.Color[r=255,g=255,b=255]
	Buffer = 0
	Clip = null
	CQLFilter = null
	Crs = PROJCS["WGS 84 / Pseudo-Mercator", 
  GEOGCS["WGS 84", 
    DATUM["World Geodetic System 1984", 
      SPHEROID["WGS 84", 6378137.0, 298.257223563, AUTHORITY["EPSG","7030"]], 
      AUTHORITY["EPSG","6326"]], 
    PRIMEM["Greenwich", 0.0, AUTHORITY["EPSG","8901"]], 
    UNIT["degree", 0.017453292519943295], 
    AXIS["Geodetic latitude", NORTH], 
    AXIS["Geodetic longitude", EAST], 
    AUTHORITY["EPSG","4326"]], 
  PROJECTION["Popular Visualisation Pseudo Mercator", AUTHORITY["EPSG","1024"]], 
  PARAMETER["semi_minor", 6378137.0], 
  PARAMETER["latitude_of_origin", 0.0], 
  PARAMETER["central_meridian", 0.0], 
  PARAMETER["scale_factor", 1.0], 
  PARAMETER["false_easting", 0.0], 
  PARAMETER["false_northing", 0.0], 
  UNIT["m", 1.0], 
  AXIS["Easting", EAST], 
  AXIS["Northing", NORTH], 
  AUTHORITY["EPSG","3857"]]
	Elevation = []
	Env = {}
	Exceptions = SE_XML
	FeatureId = null
	FeatureVersion = null
	Filter = null
	Format = image/png
	FormatOptions = {DPI=180}
	Get = true
	Height = 1664
	Interpolations = []
	Layers = [org.geoserver.wms.MapLayerInfo@c8d248ce]
	MaxFeatures = null
	Palette = null
	RawKvp = {FORMAT=image/png, CRS=EPSG:3857, STYLES=, WIDTH=1060, HEIGHT=1664, LAYERS=gis:roads, TILED=true, REQUEST=GetMap, FORMAT_OPTIONS=dpi:180, BBOX=7894864.546832495,4092923.08128969,11183784.922212642,9255907.519622296, VERSION=1.3.0, SERVICE=WMS, TRANSPARENT=TRUE}
	RemoteOwsType = null
	RemoteOwsURL = null
	Request = GetMap
	RequestCharset = UTF-8
	ScaleMethod = null
	Sld = null
	SldBody = null
	SldVersion = null
	SortBy = null
	SortByArrays = null
	SRS = urn:ogc:def:crs:EPSG::3857
	StartIndex = null
	StyleBody = null
	StyleFormat = sld
	Styles = [StyleImpl[ name=line]]
	StyleUrl = null
	StyleVersion = null
	Tiled = true
	TilesOrigin = null
	Time = []
	Transparent = true
	ValidateSchema = false
	Version = 1.3.0
	ViewParams = null
	Width = 1060
20 Apr 19:58:05 INFO   [geoserver.wms] - 
Request: getServiceInfo
20 Apr 19:58:05 INFO   [geoserver.wms] - 
Request: getServiceInfo
20 Apr 19:58:05 INFO   [geoserver.flow] - Request [WMS 1.3.0 GetMap] starting, processing through flow controllers
20 Apr 19:58:05 INFO   [geoserver.flow] - Request control-flow performed, running requests: 5, blocked requests: 0
20 Apr 19:58:05 INFO   [geoserver.flow] - Request [WMS 1.3.0 GetMap] starting, processing through flow controllers
20 Apr 19:58:05 INFO   [geoserver.flow] - Request control-flow performed, running requests: 6, blocked requests: 0
20 Apr 19:58:05 INFO   [geoserver.wms] - 
Request: getMap
	Angle = 0.0
	BaseUrl = http://localhost:8080/geoserver/
	Bbox = SRSEnvelope[7894864.546832495 : 1.1183784922212642E7, 4092923.08128969 : 9255907.519622296]
	BgColor = java.awt.Color[r=255,g=255,b=255]
	Buffer = 0
	Clip = null
	CQLFilter = null
	Crs = PROJCS["WGS 84 / Pseudo-Mercator", 
  GEOGCS["WGS 84", 
    DATUM["World Geodetic System 1984", 
      SPHEROID["WGS 84", 6378137.0, 298.257223563, AUTHORITY["EPSG","7030"]], 
      AUTHORITY["EPSG","6326"]], 
    PRIMEM["Greenwich", 0.0, AUTHORITY["EPSG","8901"]], 
    UNIT["degree", 0.017453292519943295], 
    AXIS["Geodetic latitude", NORTH], 
    AXIS["Geodetic longitude", EAST], 
    AUTHORITY["EPSG","4326"]], 
  PROJECTION["Popular Visualisation Pseudo Mercator", AUTHORITY["EPSG","1024"]], 
  PARAMETER["semi_minor", 6378137.0], 
  PARAMETER["latitude_of_origin", 0.0], 
  PARAMETER["central_meridian", 0.0], 
  PARAMETER["scale_factor", 1.0], 
  PARAMETER["false_easting", 0.0], 
  PARAMETER["false_northing", 0.0], 
  UNIT["m", 1.0], 
  AXIS["Easting", EAST], 
  AXIS["Northing", NORTH], 
  AUTHORITY["EPSG","3857"]]
	Elevation = []
	Env = {}
	Exceptions = SE_XML
	FeatureId = null
	FeatureVersion = null
	Filter = null
	Format = image/png
	FormatOptions = {DPI=180}
	Get = true
	Height = 1664
	Interpolations = []
	Layers = [org.geoserver.wms.MapLayerInfo@349ab7]
	MaxFeatures = null
	Palette = null
	RawKvp = {FORMAT=image/png, CRS=EPSG:3857, STYLES=, WIDTH=1060, HEIGHT=1664, LAYERS=gis:poi, TILED=true, REQUEST=GetMap, FORMAT_OPTIONS=dpi:180, BBOX=7894864.546832495,4092923.08128969,11183784.922212642,9255907.519622296, VERSION=1.3.0, SERVICE=WMS, TRANSPARENT=TRUE}
	RemoteOwsType = null
	RemoteOwsURL = null
	Request = GetMap
	RequestCharset = UTF-8
	ScaleMethod = null
	Sld = null
	SldBody = null
	SldVersion = null
	SortBy = null
	SortByArrays = null
	SRS = urn:ogc:def:crs:EPSG::3857
	StartIndex = null
	StyleBody = null
	StyleFormat = sld
	Styles = [StyleImpl[ name=point]]
	StyleUrl = null
	StyleVersion = null
	Tiled = true
	TilesOrigin = null
	Time = []
	Transparent = true
	ValidateSchema = false
	Version = 1.3.0
	ViewParams = null
	Width = 1060
20 Apr 19:58:05 INFO   [geoserver.wms] - 
Request: getMap
	Angle = 0.0
	BaseUrl = http://localhost:8080/geoserver/
	Bbox = SRSEnvelope[7925892.097543628 : 1.1214812472923774E7, 4501452.372734854 : 9664436.81106746]
	BgColor = java.awt.Color[r=255,g=255,b=255]
	Buffer = 0
	Clip = null
	CQLFilter = null
	Crs = PROJCS["WGS 84 / Pseudo-Mercator", 
  GEOGCS["WGS 84", 
    DATUM["World Geodetic System 1984", 
      SPHEROID["WGS 84", 6378137.0, 298.257223563, AUTHORITY["EPSG","7030"]], 
      AUTHORITY["EPSG","6326"]], 
    PRIMEM["Greenwich", 0.0, AUTHORITY["EPSG","8901"]], 
    UNIT["degree", 0.017453292519943295], 
    AXIS["Geodetic latitude", NORTH], 
    AXIS["Geodetic longitude", EAST], 
    AUTHORITY["EPSG","4326"]], 
  PROJECTION["Popular Visualisation Pseudo Mercator", AUTHORITY["EPSG","1024"]], 
  PARAMETER["semi_minor", 6378137.0], 
  PARAMETER["latitude_of_origin", 0.0], 
  PARAMETER["central_meridian", 0.0], 
  PARAMETER["scale_factor", 1.0], 
  PARAMETER["false_easting", 0.0], 
  PARAMETER["false_northing", 0.0], 
  UNIT["m", 1.0], 
  AXIS["Easting", EAST], 
  AXIS["Northing", NORTH], 
  AUTHORITY["EPSG","3857"]]
	Elevation = []
	Env = {}
	Exceptions = SE_XML
	FeatureId = null
	FeatureVersion = null
	Filter = null
	Format = image/png
	FormatOptions = {DPI=180}
	Get = true
	Height = 1664
	Interpolations = []
	Layers = [org.geoserver.wms.MapLayerInfo@c8d248ce]
	MaxFeatures = null
	Palette = null
	RawKvp = {FORMAT=image/png, CRS=EPSG:3857, STYLES=, WIDTH=1060, HEIGHT=1664, LAYERS=gis:roads, TILED=true, REQUEST=GetMap, FORMAT_OPTIONS=dpi:180, BBOX=7925892.097543628,4501452.372734854,11214812.472923774,9664436.81106746, VERSION=1.3.0, SERVICE=WMS, TRANSPARENT=TRUE}
	RemoteOwsType = null
	RemoteOwsURL = null
	Request = GetMap
	RequestCharset = UTF-8
	ScaleMethod = null
	Sld = null
	SldBody = null
	SldVersion = null
	SortBy = null
	SortByArrays = null
	SRS = urn:ogc:def:crs:EPSG::3857
	StartIndex = null
	StyleBody = null
	StyleFormat = sld
	Styles = [StyleImpl[ name=line]]
	StyleUrl = null
	StyleVersion = null
	Tiled = true
	TilesOrigin = null
	Time = []
	Transparent = true
	ValidateSchema = false
	Version = 1.3.0
	ViewParams = null
	Width = 1060
20 Apr 19:58:05 INFO   [geoserver.wms] - 
Request: getMap
	Angle = 0.0
	BaseUrl = http://localhost:8080/geoserver/
	Bbox = SRSEnvelope[7925892.097543628 : 1.1214812472923774E7, 4501452.372734854 : 9664436.81106746]
	BgColor = java.awt.Color[r=255,g=255,b=255]
	Buffer = 0
	Clip = null
	CQLFilter = null
	Crs = PROJCS["WGS 84 / Pseudo-Mercator", 
  GEOGCS["WGS 84", 
    DATUM["World Geodetic System 1984", 
      SPHEROID["WGS 84", 6378137.0, 298.257223563, AUTHORITY["EPSG","7030"]], 
      AUTHORITY["EPSG","6326"]], 
    PRIMEM["Greenwich", 0.0, AUTHORITY["EPSG","8901"]], 
    UNIT["degree", 0.017453292519943295], 
    AXIS["Geodetic latitude", NORTH], 
    AXIS["Geodetic longitude", EAST], 
    AUTHORITY["EPSG","4326"]], 
  PROJECTION["Popular Visualisation Pseudo Mercator", AUTHORITY["EPSG","1024"]], 
  PARAMETER["semi_minor", 6378137.0], 
  PARAMETER["latitude_of_origin", 0.0], 
  PARAMETER["central_meridian", 0.0], 
  PARAMETER["scale_factor", 1.0], 
  PARAMETER["false_easting", 0.0], 
  PARAMETER["false_northing", 0.0], 
  UNIT["m", 1.0], 
  AXIS["Easting", EAST], 
  AXIS["Northing", NORTH], 
  AUTHORITY["EPSG","3857"]]
	Elevation = []
	Env = {}
	Exceptions = SE_XML
	FeatureId = null
	FeatureVersion = null
	Filter = null
	Format = image/png
	FormatOptions = {DPI=180}
	Get = true
	Height = 1664
	Interpolations = []
	Layers = [org.geoserver.wms.MapLayerInfo@e4804762]
	MaxFeatures = null
	Palette = null
	RawKvp = {FORMAT=image/png, CRS=EPSG:3857, STYLES=, WIDTH=1060, HEIGHT=1664, LAYERS=gis:buildings, TILED=true, REQUEST=GetMap, FORMAT_OPTIONS=dpi:180, BBOX=7925892.097543628,4501452.372734854,11214812.472923774,9664436.81106746, VERSION=1.3.0, SERVICE=WMS, TRANSPARENT=TRUE}
	RemoteOwsType = null
	RemoteOwsURL = null
	Request = GetMap
	RequestCharset = UTF-8
	ScaleMethod = null
	Sld = null
	SldBody = null
	SldVersion = null
	SortBy = null
	SortByArrays = null
	SRS = urn:ogc:def:crs:EPSG::3857
	StartIndex = null
	StyleBody = null
	StyleFormat = sld
	Styles = [StyleImpl[ name=polygon]]
	StyleUrl = null
	StyleVersion = null
	Tiled = true
	TilesOrigin = null
	Time = []
	Transparent = true
	ValidateSchema = false
	Version = 1.3.0
	ViewParams = null
	Width = 1060
20 Apr 19:58:05 INFO   [geoserver.flow] - releasing flow controllers for [WMS 1.3.0 GetMap]
20 Apr 19:58:05 INFO   [geoserver.flow] - Request completed, running requests: 5, blocked requests: 0
20 Apr 19:58:05 INFO   [geoserver.wms] - 
Request: getMap
	Angle = 0.0
	BaseUrl = http://localhost:8080/geoserver/
	Bbox = SRSEnvelope[7925892.097543628 : 1.1214812472923774E7, 4501452.372734854 : 9664436.81106746]
	BgColor = java.awt.Color[r=255,g=255,b=255]
	Buffer = 0
	Clip = null
	CQLFilter = null
	Crs = PROJCS["WGS 84 / Pseudo-Mercator", 
  GEOGCS["WGS 84", 
    DATUM["World Geodetic System 1984", 
      SPHEROID["WGS 84", 6378137.0, 298.257223563, AUTHORITY["EPSG","7030"]], 
      AUTHORITY["EPSG","6326"]], 
    PRIMEM["Greenwich", 0.0, AUTHORITY["EPSG","8901"]], 
    UNIT["degree", 0.017453292519943295], 
    AXIS["Geodetic latitude", NORTH], 
    AXIS["Geodetic longitude", EAST], 
    AUTHORITY["EPSG","4326"]], 
  PROJECTION["Popular Visualisation Pseudo Mercator", AUTHORITY["EPSG","1024"]], 
  PARAMETER["semi_minor", 6378137.0], 
  PARAMETER["latitude_of_origin", 0.0], 
  PARAMETER["central_meridian", 0.0], 
  PARAMETER["scale_factor", 1.0], 
  PARAMETER["false_easting", 0.0], 
  PARAMETER["false_northing", 0.0], 
  UNIT["m", 1.0], 
  AXIS["Easting", EAST], 
  AXIS["Northing", NORTH], 
  AUTHORITY["EPSG","3857"]]
	Elevation = []
	Env = {}
	Exceptions = SE_XML
	FeatureId = null
	FeatureVersion = null
	Filter = null
	Format = image/png
	FormatOptions = {DPI=180}
	Get = true
	Height = 1664
	Interpolations = []
	Layers = [org.geoserver.wms.MapLayerInfo@349ab7]
	MaxFeatures = null
	Palette = null
	RawKvp = {FORMAT=image/png, CRS=EPSG:3857, STYLES=, WIDTH=1060, HEIGHT=1664, LAYERS=gis:poi, TILED=true, REQUEST=GetMap, FORMAT_OPTIONS=dpi:180, BBOX=7925892.097543628,4501452.372734854,11214812.472923774,9664436.81106746, VERSION=1.3.0, SERVICE=WMS, TRANSPARENT=TRUE}
	RemoteOwsType = null
	RemoteOwsURL = null
	Request = GetMap
	RequestCharset = UTF-8
	ScaleMethod = null
	Sld = null
	SldBody = null
	SldVersion = null
	SortBy = null
	SortByArrays = null
	SRS = urn:ogc:def:crs:EPSG::3857
	StartIndex = null
	StyleBody = null
	StyleFormat = sld
	Styles = [StyleImpl[ name=point]]
	StyleUrl = null
	StyleVersion = null
	Tiled = true
	TilesOrigin = null
	Time = []
	Transparent = true
	ValidateSchema = false
	Version = 1.3.0
	ViewParams = null
	Width = 1060
20 Apr 19:58:05 INFO   [geoserver.wms] - 
Request: getMap
	Angle = 0.0
	BaseUrl = http://localhost:8080/geoserver/
	Bbox = SRSEnvelope[6964338.496906965 : 1.025325887228711E7, 6080213.088440139 : 1.1243197526772745E7]
	BgColor = java.awt.Color[r=255,g=255,b=255]
	Buffer = 0
	Clip = null
	CQLFilter = null
	Crs = PROJCS["WGS 84 / Pseudo-Mercator", 
  GEOGCS["WGS 84", 
    DATUM["World Geodetic System 1984", 
      SPHEROID["WGS 84", 6378137.0, 298.257223563, AUTHORITY["EPSG","7030"]], 
      AUTHORITY["EPSG","6326"]], 
    PRIMEM["Greenwich", 0.0, AUTHORITY["EPSG","8901"]], 
    UNIT["degree", 0.017453292519943295], 
    AXIS["Geodetic latitude", NORTH], 
    AXIS["Geodetic longitude", EAST], 
    AUTHORITY["EPSG","4326"]], 
  PROJECTION["Popular Visualisation Pseudo Mercator", AUTHORITY["EPSG","1024"]], 
  PARAMETER["semi_minor", 6378137.0], 
  PARAMETER["latitude_of_origin", 0.0], 
  PARAMETER["central_meridian", 0.0], 
  PARAMETER["scale_factor", 1.0], 
  PARAMETER["false_easting", 0.0], 
  PARAMETER["false_northing", 0.0], 
  UNIT["m", 1.0], 
  AXIS["Easting", EAST], 
  AXIS["Northing", NORTH], 
  AUTHORITY["EPSG","3857"]]
	Elevation = []
	Env = {}
	Exceptions = SE_XML
	FeatureId = null
	FeatureVersion = null
	Filter = null
	Format = image/png
	FormatOptions = {DPI=180}
	Get = true
	Height = 1664
	Interpolations = []
	Layers = [org.geoserver.wms.MapLayerInfo@e4804762]
	MaxFeatures = null
	Palette = null
	RawKvp = {FORMAT=image/png, CRS=EPSG:3857, STYLES=, WIDTH=1060, HEIGHT=1664, LAYERS=gis:buildings, TILED=true, REQUEST=GetMap, FORMAT_OPTIONS=dpi:180, BBOX=6964338.496906965,6080213.088440139,10253258.87228711,11243197.526772745, VERSION=1.3.0, SERVICE=WMS, TRANSPARENT=TRUE}
	RemoteOwsType = null
	RemoteOwsURL = null
	Request = GetMap
	RequestCharset = UTF-8
	ScaleMethod = null
	Sld = null
	SldBody = null
	SldVersion = null
	SortBy = null
	SortByArrays = null
	SRS = urn:ogc:def:crs:EPSG::3857
	StartIndex = null
	StyleBody = null
	StyleFormat = sld
	Styles = [StyleImpl[ name=polygon]]
	StyleUrl = null
	StyleVersion = null
	Tiled = true
	TilesOrigin = null
	Time = []
	Transparent = true
	ValidateSchema = false
	Version = 1.3.0
	ViewParams = null
	Width = 1060
20 Apr 19:58:05 INFO   [geoserver.flow] - releasing flow controllers for [WMS 1.3.0 GetMap]
20 Apr 19:58:05 INFO   [geoserver.wms] - 
Request: getServiceInfo
20 Apr 19:58:05 INFO   [geoserver.flow] - Request completed, running requests: 4, blocked requests: 0
20 Apr 19:58:05 INFO   [geoserver.flow] - releasing flow controllers for [WMS 1.3.0 GetMap]
20 Apr 19:58:05 INFO   [geoserver.flow] - Request completed, running requests: 3, blocked requests: 0
20 Apr 19:58:05 INFO   [geoserver.flow] - Request [WMS 1.3.0 GetMap] starting, processing through flow controllers
20 Apr 19:58:05 INFO   [geoserver.flow] - Request control-flow performed, running requests: 4, blocked requests: 0
20 Apr 19:58:05 INFO   [geoserver.flow] - releasing flow controllers for [WMS 1.3.0 GetMap]
20 Apr 19:58:05 INFO   [geoserver.wms] - 
Request: getServiceInfo
20 Apr 19:58:05 INFO   [geoserver.flow] - Request [WMS 1.3.0 GetMap] starting, processing through flow controllers
20 Apr 19:58:05 INFO   [geoserver.flow] - Request completed, running requests: 3, blocked requests: 0
20 Apr 19:58:05 INFO   [geoserver.flow] - Request control-flow performed, running requests: 4, blocked requests: 0
20 Apr 19:58:05 INFO   [geoserver.wms] - 
Request: getServiceInfo
20 Apr 19:58:05 INFO   [geoserver.flow] - releasing flow controllers for [WMS 1.3.0 GetMap]
20 Apr 19:58:05 INFO   [geoserver.flow] - Request [WMS 1.3.0 GetMap] starting, processing through flow controllers
20 Apr 19:58:05 INFO   [geoserver.flow] - Request completed, running requests: 3, blocked requests: 1
20 Apr 19:58:05 INFO   [geoserver.flow] - releasing flow controllers for [WMS 1.3.0 GetMap]
20 Apr 19:58:05 INFO   [geoserver.flow] - Request control-flow performed, running requests: 4, blocked requests: 0
20 Apr 19:58:05 INFO   [geoserver.flow] - Request completed, running requests: 3, blocked requests: 0
20 Apr 19:58:06 INFO   [geoserver.wms] - 
Request: getServiceInfo
20 Apr 19:58:06 INFO   [geoserver.flow] - Request [WMS 1.3.0 GetMap] starting, processing through flow controllers
20 Apr 19:58:06 INFO   [geoserver.flow] - Request control-flow performed, running requests: 4, blocked requests: 0
20 Apr 19:58:06 INFO   [geoserver.wms] - 
Request: getMap
	Angle = 0.0
	BaseUrl = http://localhost:8080/geoserver/
	Bbox = SRSEnvelope[6964338.496906965 : 1.025325887228711E7, 6080213.088440139 : 1.1243197526772745E7]
	BgColor = java.awt.Color[r=255,g=255,b=255]
	Buffer = 0
	Clip = null
	CQLFilter = null
	Crs = PROJCS["WGS 84 / Pseudo-Mercator", 
  GEOGCS["WGS 84", 
    DATUM["World Geodetic System 1984", 
      SPHEROID["WGS 84", 6378137.0, 298.257223563, AUTHORITY["EPSG","7030"]], 
      AUTHORITY["EPSG","6326"]], 
    PRIMEM["Greenwich", 0.0, AUTHORITY["EPSG","8901"]], 
    UNIT["degree", 0.017453292519943295], 
    AXIS["Geodetic latitude", NORTH], 
    AXIS["Geodetic longitude", EAST], 
    AUTHORITY["EPSG","4326"]], 
  PROJECTION["Popular Visualisation Pseudo Mercator", AUTHORITY["EPSG","1024"]], 
  PARAMETER["semi_minor", 6378137.0], 
  PARAMETER["latitude_of_origin", 0.0], 
  PARAMETER["central_meridian", 0.0], 
  PARAMETER["scale_factor", 1.0], 
  PARAMETER["false_easting", 0.0], 
  PARAMETER["false_northing", 0.0], 
  UNIT["m", 1.0], 
  AXIS["Easting", EAST], 
  AXIS["Northing", NORTH], 
  AUTHORITY["EPSG","3857"]]
	Elevation = []
	Env = {}
	Exceptions = SE_XML
	FeatureId = null
	FeatureVersion = null
	Filter = null
	Format = image/png
	FormatOptions = {DPI=180}
	Get = true
	Height = 1664
	Interpolations = []
	Layers = [org.geoserver.wms.MapLayerInfo@c8d248ce]
	MaxFeatures = null
	Palette = null
	RawKvp = {FORMAT=image/png, CRS=EPSG:3857, STYLES=, WIDTH=1060, HEIGHT=1664, LAYERS=gis:roads, TILED=true, REQUEST=GetMap, FORMAT_OPTIONS=dpi:180, BBOX=6964338.496906965,6080213.088440139,10253258.87228711,11243197.526772745, VERSION=1.3.0, SERVICE=WMS, TRANSPARENT=TRUE}
	RemoteOwsType = null
	RemoteOwsURL = null
	Request = GetMap
	RequestCharset = UTF-8
	ScaleMethod = null
	Sld = null
	SldBody = null
	SldVersion = null
	SortBy = null
	SortByArrays = null
	SRS = urn:ogc:def:crs:EPSG::3857
	StartIndex = null
	StyleBody = null
	StyleFormat = sld
	Styles = [StyleImpl[ name=line]]
	StyleUrl = null
	StyleVersion = null
	Tiled = true
	TilesOrigin = null
	Time = []
	Transparent = true
	ValidateSchema = false
	Version = 1.3.0
	ViewParams = null
	Width = 1060
20 Apr 19:58:06 INFO   [geoserver.wms] - 
Request: getServiceInfo
20 Apr 19:58:06 INFO   [geoserver.flow] - Request [WMS 1.3.0 GetMap] starting, processing through flow controllers
20 Apr 19:58:06 INFO   [geoserver.flow] - Request control-flow performed, running requests: 5, blocked requests: 0
20 Apr 19:58:06 INFO   [geoserver.wms] - 
Request: getMap
	Angle = 0.0
	BaseUrl = http://localhost:8080/geoserver/
	Bbox = SRSEnvelope[6964338.496906965 : 1.025325887228711E7, 6080213.088440139 : 1.1243197526772745E7]
	BgColor = java.awt.Color[r=255,g=255,b=255]
	Buffer = 0
	Clip = null
	CQLFilter = null
	Crs = PROJCS["WGS 84 / Pseudo-Mercator", 
  GEOGCS["WGS 84", 
    DATUM["World Geodetic System 1984", 
      SPHEROID["WGS 84", 6378137.0, 298.257223563, AUTHORITY["EPSG","7030"]], 
      AUTHORITY["EPSG","6326"]], 
    PRIMEM["Greenwich", 0.0, AUTHORITY["EPSG","8901"]], 
    UNIT["degree", 0.017453292519943295], 
    AXIS["Geodetic latitude", NORTH], 
    AXIS["Geodetic longitude", EAST], 
    AUTHORITY["EPSG","4326"]], 
  PROJECTION["Popular Visualisation Pseudo Mercator", AUTHORITY["EPSG","1024"]], 
  PARAMETER["semi_minor", 6378137.0], 
  PARAMETER["latitude_of_origin", 0.0], 
  PARAMETER["central_meridian", 0.0], 
  PARAMETER["scale_factor", 1.0], 
  PARAMETER["false_easting", 0.0], 
  PARAMETER["false_northing", 0.0], 
  UNIT["m", 1.0], 
  AXIS["Easting", EAST], 
  AXIS["Northing", NORTH], 
  AUTHORITY["EPSG","3857"]]
	Elevation = []
	Env = {}
	Exceptions = SE_XML
	FeatureId = null
	FeatureVersion = null
	Filter = null
	Format = image/png
	FormatOptions = {DPI=180}
	Get = true
	Height = 1664
	Interpolations = []
	Layers = [org.geoserver.wms.MapLayerInfo@349ab7]
	MaxFeatures = null
	Palette = null
	RawKvp = {FORMAT=image/png, CRS=EPSG:3857, STYLES=, WIDTH=1060, HEIGHT=1664, LAYERS=gis:poi, TILED=true, REQUEST=GetMap, FORMAT_OPTIONS=dpi:180, BBOX=6964338.496906965,6080213.088440139,10253258.87228711,11243197.526772745, VERSION=1.3.0, SERVICE=WMS, TRANSPARENT=TRUE}
	RemoteOwsType = null
	RemoteOwsURL = null
	Request = GetMap
	RequestCharset = UTF-8
	ScaleMethod = null
	Sld = null
	SldBody = null
	SldVersion = null
	SortBy = null
	SortByArrays = null
	SRS = urn:ogc:def:crs:EPSG::3857
	StartIndex = null
	StyleBody = null
	StyleFormat = sld
	Styles = [StyleImpl[ name=point]]
	StyleUrl = null
	StyleVersion = null
	Tiled = true
	TilesOrigin = null
	Time = []
	Transparent = true
	ValidateSchema = false
	Version = 1.3.0
	ViewParams = null
	Width = 1060
20 Apr 19:58:06 INFO   [geoserver.wms] - 
Request: getMap
	Angle = 0.0
	BaseUrl = http://localhost:8080/geoserver/
	Bbox = SRSEnvelope[5211922.7332709255 : 8500843.108651072, 5156846.201091755 : 1.0319830639424361E7]
	BgColor = java.awt.Color[r=255,g=255,b=255]
	Buffer = 0
	Clip = null
	CQLFilter = null
	Crs = PROJCS["WGS 84 / Pseudo-Mercator", 
  GEOGCS["WGS 84", 
    DATUM["World Geodetic System 1984", 
      SPHEROID["WGS 84", 6378137.0, 298.257223563, AUTHORITY["EPSG","7030"]], 
      AUTHORITY["EPSG","6326"]], 
    PRIMEM["Greenwich", 0.0, AUTHORITY["EPSG","8901"]], 
    UNIT["degree", 0.017453292519943295], 
    AXIS["Geodetic latitude", NORTH], 
    AXIS["Geodetic longitude", EAST], 
    AUTHORITY["EPSG","4326"]], 
  PROJECTION["Popular Visualisation Pseudo Mercator", AUTHORITY["EPSG","1024"]], 
  PARAMETER["semi_minor", 6378137.0], 
  PARAMETER["latitude_of_origin", 0.0], 
  PARAMETER["central_meridian", 0.0], 
  PARAMETER["scale_factor", 1.0], 
  PARAMETER["false_easting", 0.0], 
  PARAMETER["false_northing", 0.0], 
  UNIT["m", 1.0], 
  AXIS["Easting", EAST], 
  AXIS["Northing", NORTH], 
  AUTHORITY["EPSG","3857"]]
	Elevation = []
	Env = {}
	Exceptions = SE_XML
	FeatureId = null
	FeatureVersion = null
	Filter = null
	Format = image/png
	FormatOptions = {DPI=180}
	Get = true
	Height = 1664
	Interpolations = []
	Layers = [org.geoserver.wms.MapLayerInfo@e4804762]
	MaxFeatures = null
	Palette = null
	RawKvp = {FORMAT=image/png, CRS=EPSG:3857, STYLES=, WIDTH=1060, HEIGHT=1664, LAYERS=gis:buildings, TILED=true, REQUEST=GetMap, FORMAT_OPTIONS=dpi:180, BBOX=5211922.7332709255,5156846.201091755,8500843.108651072,10319830.639424361, VERSION=1.3.0, SERVICE=WMS, TRANSPARENT=TRUE}
	RemoteOwsType = null
	RemoteOwsURL = null
	Request = GetMap
	RequestCharset = UTF-8
	ScaleMethod = null
	Sld = null
	SldBody = null
	SldVersion = null
	SortBy = null
	SortByArrays = null
	SRS = urn:ogc:def:crs:EPSG::3857
	StartIndex = null
	StyleBody = null
	StyleFormat = sld
	Styles = [StyleImpl[ name=polygon]]
	StyleUrl = null
	StyleVersion = null
	Tiled = true
	TilesOrigin = null
	Time = []
	Transparent = true
	ValidateSchema = false
	Version = 1.3.0
	ViewParams = null
	Width = 1060
20 Apr 19:58:06 INFO   [geoserver.flow] - releasing flow controllers for [WMS 1.3.0 GetMap]
20 Apr 19:58:06 INFO   [geoserver.flow] - Request completed, running requests: 4, blocked requests: 0
20 Apr 19:58:06 INFO   [geoserver.wms] - 
Request: getMap
	Angle = 0.0
	BaseUrl = http://localhost:8080/geoserver/
	Bbox = SRSEnvelope[5211922.7332709255 : 8500843.108651072, 5156846.201091755 : 1.0319830639424361E7]
	BgColor = java.awt.Color[r=255,g=255,b=255]
	Buffer = 0
	Clip = null
	CQLFilter = null
	Crs = PROJCS["WGS 84 / Pseudo-Mercator", 
  GEOGCS["WGS 84", 
    DATUM["World Geodetic System 1984", 
      SPHEROID["WGS 84", 6378137.0, 298.257223563, AUTHORITY["EPSG","7030"]], 
      AUTHORITY["EPSG","6326"]], 
    PRIMEM["Greenwich", 0.0, AUTHORITY["EPSG","8901"]], 
    UNIT["degree", 0.017453292519943295], 
    AXIS["Geodetic latitude", NORTH], 
    AXIS["Geodetic longitude", EAST], 
    AUTHORITY["EPSG","4326"]], 
  PROJECTION["Popular Visualisation Pseudo Mercator", AUTHORITY["EPSG","1024"]], 
  PARAMETER["semi_minor", 6378137.0], 
  PARAMETER["latitude_of_origin", 0.0], 
  PARAMETER["central_meridian", 0.0], 
  PARAMETER["scale_factor", 1.0], 
  PARAMETER["false_easting", 0.0], 
  PARAMETER["false_northing", 0.0], 
  UNIT["m", 1.0], 
  AXIS["Easting", EAST], 
  AXIS["Northing", NORTH], 
  AUTHORITY["EPSG","3857"]]
	Elevation = []
	Env = {}
	Exceptions = SE_XML
	FeatureId = null
	FeatureVersion = null
	Filter = null
	Format = image/png
	FormatOptions = {DPI=180}
	Get = true
	Height = 1664
	Interpolations = []
	Layers = [org.geoserver.wms.MapLayerInfo@c8d248ce]
	MaxFeatures = null
	Palette = null
	RawKvp = {FORMAT=image/png, CRS=EPSG:3857, STYLES=, WIDTH=1060, HEIGHT=1664, LAYERS=gis:roads, TILED=true, REQUEST=GetMap, FORMAT_OPTIONS=dpi:180, BBOX=5211922.7332709255,5156846.201091755,8500843.108651072,10319830.639424361, VERSION=1.3.0, SERVICE=WMS, TRANSPARENT=TRUE}
	RemoteOwsType = null
	RemoteOwsURL = null
	Request = GetMap
	RequestCharset = UTF-8
	ScaleMethod = null
	Sld = null
	SldBody = null
	SldVersion = null
	SortBy = null
	SortByArrays = null
	SRS = urn:ogc:def:crs:EPSG::3857
	StartIndex = null
	StyleBody = null
	StyleFormat = sld
	Styles = [StyleImpl[ name=line]]
	StyleUrl = null
	StyleVersion = null
	Tiled = true
	TilesOrigin = null
	Time = []
	Transparent = true
	ValidateSchema = false
	Version = 1.3.0
	ViewParams = null
	Width = 1060
20 Apr 19:58:06 INFO   [geoserver.wms] - 
Request: getMap
	Angle = 0.0
	BaseUrl = http://localhost:8080/geoserver/
	Bbox = SRSEnvelope[5211922.7332709255 : 8500843.108651072, 5156846.201091755 : 1.0319830639424361E7]
	BgColor = java.awt.Color[r=255,g=255,b=255]
	Buffer = 0
	Clip = null
	CQLFilter = null
	Crs = PROJCS["WGS 84 / Pseudo-Mercator", 
  GEOGCS["WGS 84", 
    DATUM["World Geodetic System 1984", 
      SPHEROID["WGS 84", 6378137.0, 298.257223563, AUTHORITY["EPSG","7030"]], 
      AUTHORITY["EPSG","6326"]], 
    PRIMEM["Greenwich", 0.0, AUTHORITY["EPSG","8901"]], 
    UNIT["degree", 0.017453292519943295], 
    AXIS["Geodetic latitude", NORTH], 
    AXIS["Geodetic longitude", EAST], 
    AUTHORITY["EPSG","4326"]], 
  PROJECTION["Popular Visualisation Pseudo Mercator", AUTHORITY["EPSG","1024"]], 
  PARAMETER["semi_minor", 6378137.0], 
  PARAMETER["latitude_of_origin", 0.0], 
  PARAMETER["central_meridian", 0.0], 
  PARAMETER["scale_factor", 1.0], 
  PARAMETER["false_easting", 0.0], 
  PARAMETER["false_northing", 0.0], 
  UNIT["m", 1.0], 
  AXIS["Easting", EAST], 
  AXIS["Northing", NORTH], 
  AUTHORITY["EPSG","3857"]]
	Elevation = []
	Env = {}
	Exceptions = SE_XML
	FeatureId = null
	FeatureVersion = null
	Filter = null
	Format = image/png
	FormatOptions = {DPI=180}
	Get = true
	Height = 1664
	Interpolations = []
	Layers = [org.geoserver.wms.MapLayerInfo@349ab7]
	MaxFeatures = null
	Palette = null
	RawKvp = {FORMAT=image/png, CRS=EPSG:3857, STYLES=, WIDTH=1060, HEIGHT=1664, LAYERS=gis:poi, TILED=true, REQUEST=GetMap, FORMAT_OPTIONS=dpi:180, BBOX=5211922.7332709255,5156846.201091755,8500843.108651072,10319830.639424361, VERSION=1.3.0, SERVICE=WMS, TRANSPARENT=TRUE}
	RemoteOwsType = null
	RemoteOwsURL = null
	Request = GetMap
	RequestCharset = UTF-8
	ScaleMethod = null
	Sld = null
	SldBody = null
	SldVersion = null
	SortBy = null
	SortByArrays = null
	SRS = urn:ogc:def:crs:EPSG::3857
	StartIndex = null
	StyleBody = null
	StyleFormat = sld
	Styles = [StyleImpl[ name=point]]
	StyleUrl = null
	StyleVersion = null
	Tiled = true
	TilesOrigin = null
	Time = []
	Transparent = true
	ValidateSchema = false
	Version = 1.3.0
	ViewParams = null
	Width = 1060
20 Apr 19:58:06 INFO   [geoserver.flow] - releasing flow controllers for [WMS 1.3.0 GetMap]
20 Apr 19:58:06 INFO   [geoserver.flow] - Request completed, running requests: 3, blocked requests: 0
20 Apr 19:58:06 INFO   [geoserver.flow] - releasing flow controllers for [WMS 1.3.0 GetMap]
20 Apr 19:58:06 INFO   [geoserver.flow] - Request completed, running requests: 2, blocked requests: 0
20 Apr 19:58:06 INFO   [geoserver.flow] - releasing flow controllers for [WMS 1.3.0 GetMap]
20 Apr 19:58:06 INFO   [geoserver.flow] - Request completed, running requests: 1, blocked requests: 0
20 Apr 19:58:06 INFO   [geoserver.flow] - releasing flow controllers for [WMS 1.3.0 GetMap]
20 Apr 19:58:06 INFO   [geoserver.flow] - Request completed, running requests: 0, blocked requests: 0
20 Apr 19:58:07 INFO   [geoserver.wms] - 
Request: getServiceInfo
20 Apr 19:58:07 INFO   [geoserver.wms] - 
Request: getServiceInfo
20 Apr 19:58:07 INFO   [geoserver.wms] - 
Request: getServiceInfo
20 Apr 19:58:07 INFO   [geoserver.flow] - Request [WMS 1.3.0 GetMap] starting, processing through flow controllers
20 Apr 19:58:07 INFO   [geoserver.flow] - Request control-flow performed, running requests: 1, blocked requests: 1
20 Apr 19:58:07 INFO   [geoserver.flow] - Request [WMS 1.3.0 GetMap] starting, processing through flow controllers
20 Apr 19:58:07 INFO   [geoserver.flow] - Request control-flow performed, running requests: 2, blocked requests: 0
20 Apr 19:58:07 INFO   [geoserver.flow] - Request [WMS 1.3.0 GetMap] starting, processing through flow controllers
20 Apr 19:58:07 INFO   [geoserver.flow] - Request control-flow performed, running requests: 3, blocked requests: 0
20 Apr 19:58:07 INFO   [geoserver.wms] - 
Request: getMap
	Angle = 0.0
	BaseUrl = http://localhost:8080/geoserver/
	Bbox = SRSEnvelope[5139524.9886935195 : 8428445.364073664, 5130989.97195819 : 1.0293974410290796E7]
	BgColor = java.awt.Color[r=255,g=255,b=255]
	Buffer = 0
	Clip = null
	CQLFilter = null
	Crs = PROJCS["WGS 84 / Pseudo-Mercator", 
  GEOGCS["WGS 84", 
    DATUM["World Geodetic System 1984", 
      SPHEROID["WGS 84", 6378137.0, 298.257223563, AUTHORITY["EPSG","7030"]], 
      AUTHORITY["EPSG","6326"]], 
    PRIMEM["Greenwich", 0.0, AUTHORITY["EPSG","8901"]], 
    UNIT["degree", 0.017453292519943295], 
    AXIS["Geodetic latitude", NORTH], 
    AXIS["Geodetic longitude", EAST], 
    AUTHORITY["EPSG","4326"]], 
  PROJECTION["Popular Visualisation Pseudo Mercator", AUTHORITY["EPSG","1024"]], 
  PARAMETER["semi_minor", 6378137.0], 
  PARAMETER["latitude_of_origin", 0.0], 
  PARAMETER["central_meridian", 0.0], 
  PARAMETER["scale_factor", 1.0], 
  PARAMETER["false_easting", 0.0], 
  PARAMETER["false_northing", 0.0], 
  UNIT["m", 1.0], 
  AXIS["Easting", EAST], 
  AXIS["Northing", NORTH], 
  AUTHORITY["EPSG","3857"]]
	Elevation = []
	Env = {}
	Exceptions = SE_XML
	FeatureId = null
	FeatureVersion = null
	Filter = null
	Format = image/png
	FormatOptions = {DPI=180}
	Get = true
	Height = 1664
	Interpolations = []
	Layers = [org.geoserver.wms.MapLayerInfo@c8d248ce]
	MaxFeatures = null
	Palette = null
	RawKvp = {FORMAT=image/png, CRS=EPSG:3857, STYLES=, WIDTH=1060, HEIGHT=1664, LAYERS=gis:roads, TILED=true, REQUEST=GetMap, FORMAT_OPTIONS=dpi:180, BBOX=5139524.9886935195,5130989.97195819,8428445.364073664,10293974.410290796, VERSION=1.3.0, SERVICE=WMS, TRANSPARENT=TRUE}
	RemoteOwsType = null
	RemoteOwsURL = null
	Request = GetMap
	RequestCharset = UTF-8
	ScaleMethod = null
	Sld = null
	SldBody = null
	SldVersion = null
	SortBy = null
	SortByArrays = null
	SRS = urn:ogc:def:crs:EPSG::3857
	StartIndex = null
	StyleBody = null
	StyleFormat = sld
	Styles = [StyleImpl[ name=line]]
	StyleUrl = null
	StyleVersion = null
	Tiled = true
	TilesOrigin = null
	Time = []
	Transparent = true
	ValidateSchema = false
	Version = 1.3.0
	ViewParams = null
	Width = 1060
20 Apr 19:58:07 INFO   [geoserver.wms] - 
Request: getMap
	Angle = 0.0
	BaseUrl = http://localhost:8080/geoserver/
	Bbox = SRSEnvelope[5139524.9886935195 : 8428445.364073664, 5130989.97195819 : 1.0293974410290796E7]
	BgColor = java.awt.Color[r=255,g=255,b=255]
	Buffer = 0
	Clip = null
	CQLFilter = null
	Crs = PROJCS["WGS 84 / Pseudo-Mercator", 
  GEOGCS["WGS 84", 
    DATUM["World Geodetic System 1984", 
      SPHEROID["WGS 84", 6378137.0, 298.257223563, AUTHORITY["EPSG","7030"]], 
      AUTHORITY["EPSG","6326"]], 
    PRIMEM["Greenwich", 0.0, AUTHORITY["EPSG","8901"]], 
    UNIT["degree", 0.017453292519943295], 
    AXIS["Geodetic latitude", NORTH], 
    AXIS["Geodetic longitude", EAST], 
    AUTHORITY["EPSG","4326"]], 
  PROJECTION["Popular Visualisation Pseudo Mercator", AUTHORITY["EPSG","1024"]], 
  PARAMETER["semi_minor", 6378137.0], 
  PARAMETER["latitude_of_origin", 0.0], 
  PARAMETER["central_meridian", 0.0], 
  PARAMETER["scale_factor", 1.0], 
  PARAMETER["false_easting", 0.0], 
  PARAMETER["false_northing", 0.0], 
  UNIT["m", 1.0], 
  AXIS["Easting", EAST], 
  AXIS["Northing", NORTH], 
  AUTHORITY["EPSG","3857"]]
	Elevation = []
	Env = {}
	Exceptions = SE_XML
	FeatureId = null
	FeatureVersion = null
	Filter = null
	Format = image/png
	FormatOptions = {DPI=180}
	Get = true
	Height = 1664
	Interpolations = []
	Layers = [org.geoserver.wms.MapLayerInfo@349ab7]
	MaxFeatures = null
	Palette = null
	RawKvp = {FORMAT=image/png, CRS=EPSG:3857, STYLES=, WIDTH=1060, HEIGHT=1664, LAYERS=gis:poi, TILED=true, REQUEST=GetMap, FORMAT_OPTIONS=dpi:180, BBOX=5139524.9886935195,5130989.97195819,8428445.364073664,10293974.410290796, VERSION=1.3.0, SERVICE=WMS, TRANSPARENT=TRUE}
	RemoteOwsType = null
	RemoteOwsURL = null
	Request = GetMap
	RequestCharset = UTF-8
	ScaleMethod = null
	Sld = null
	SldBody = null
	SldVersion = null
	SortBy = null
	SortByArrays = null
	SRS = urn:ogc:def:crs:EPSG::3857
	StartIndex = null
	StyleBody = null
	StyleFormat = sld
	Styles = [StyleImpl[ name=point]]
	StyleUrl = null
	StyleVersion = null
	Tiled = true
	TilesOrigin = null
	Time = []
	Transparent = true
	ValidateSchema = false
	Version = 1.3.0
	ViewParams = null
	Width = 1060
20 Apr 19:58:07 INFO   [geoserver.wms] - 
Request: getMap
	Angle = 0.0
	BaseUrl = http://localhost:8080/geoserver/
	Bbox = SRSEnvelope[5139524.9886935195 : 8428445.364073664, 5130989.97195819 : 1.0293974410290796E7]
	BgColor = java.awt.Color[r=255,g=255,b=255]
	Buffer = 0
	Clip = null
	CQLFilter = null
	Crs = PROJCS["WGS 84 / Pseudo-Mercator", 
  GEOGCS["WGS 84", 
    DATUM["World Geodetic System 1984", 
      SPHEROID["WGS 84", 6378137.0, 298.257223563, AUTHORITY["EPSG","7030"]], 
      AUTHORITY["EPSG","6326"]], 
    PRIMEM["Greenwich", 0.0, AUTHORITY["EPSG","8901"]], 
    UNIT["degree", 0.017453292519943295], 
    AXIS["Geodetic latitude", NORTH], 
    AXIS["Geodetic longitude", EAST], 
    AUTHORITY["EPSG","4326"]], 
  PROJECTION["Popular Visualisation Pseudo Mercator", AUTHORITY["EPSG","1024"]], 
  PARAMETER["semi_minor", 6378137.0], 
  PARAMETER["latitude_of_origin", 0.0], 
  PARAMETER["central_meridian", 0.0], 
  PARAMETER["scale_factor", 1.0], 
  PARAMETER["false_easting", 0.0], 
  PARAMETER["false_northing", 0.0], 
  UNIT["m", 1.0], 
  AXIS["Easting", EAST], 
  AXIS["Northing", NORTH], 
  AUTHORITY["EPSG","3857"]]
	Elevation = []
	Env = {}
	Exceptions = SE_XML
	FeatureId = null
	FeatureVersion = null
	Filter = null
	Format = image/png
	FormatOptions = {DPI=180}
	Get = true
	Height = 1664
	Interpolations = []
	Layers = [org.geoserver.wms.MapLayerInfo@e4804762]
	MaxFeatures = null
	Palette = null
	RawKvp = {FORMAT=image/png, CRS=EPSG:3857, STYLES=, WIDTH=1060, HEIGHT=1664, LAYERS=gis:buildings, TILED=true, REQUEST=GetMap, FORMAT_OPTIONS=dpi:180, BBOX=5139524.9886935195,5130989.97195819,8428445.364073664,10293974.410290796, VERSION=1.3.0, SERVICE=WMS, TRANSPARENT=TRUE}
	RemoteOwsType = null
	RemoteOwsURL = null
	Request = GetMap
	RequestCharset = UTF-8
	ScaleMethod = null
	Sld = null
	SldBody = null
	SldVersion = null
	SortBy = null
	SortByArrays = null
	SRS = urn:ogc:def:crs:EPSG::3857
	StartIndex = null
	StyleBody = null
	StyleFormat = sld
	Styles = [StyleImpl[ name=polygon]]
	StyleUrl = null
	StyleVersion = null
	Tiled = true
	TilesOrigin = null
	Time = []
	Transparent = true
	ValidateSchema = false
	Version = 1.3.0
	ViewParams = null
	Width = 1060
20 Apr 19:58:07 INFO   [geoserver.flow] - releasing flow controllers for [WMS 1.3.0 GetMap]
20 Apr 19:58:07 INFO   [geoserver.flow] - Request completed, running requests: 2, blocked requests: 0
20 Apr 19:58:07 INFO   [geoserver.flow] - releasing flow controllers for [WMS 1.3.0 GetMap]
20 Apr 19:58:07 INFO   [geoserver.flow] - Request completed, running requests: 1, blocked requests: 0
20 Apr 19:58:07 INFO   [geoserver.flow] - releasing flow controllers for [WMS 1.3.0 GetMap]
20 Apr 19:58:07 INFO   [geoserver.flow] - Request completed, running requests: 0, blocked requests: 0
20 Apr 19:58:08 INFO   [geoserver.wms] - 
Request: getServiceInfo
20 Apr 19:58:08 INFO   [geoserver.wms] - 
Request: getServiceInfo
20 Apr 19:58:08 INFO   [geoserver.wms] - 
Request: getServiceInfo
20 Apr 19:58:08 INFO   [geoserver.flow] - Request [WMS 1.3.0 GetMap] starting, processing through flow controllers
20 Apr 19:58:08 INFO   [geoserver.flow] - Request [WMS 1.3.0 GetMap] starting, processing through flow controllers
20 Apr 19:58:08 INFO   [geoserver.flow] - Request control-flow performed, running requests: 1, blocked requests: 2
20 Apr 19:58:08 INFO   [geoserver.flow] - Request control-flow performed, running requests: 2, blocked requests: 1
20 Apr 19:58:08 INFO   [geoserver.flow] - Request [WMS 1.3.0 GetMap] starting, processing through flow controllers
20 Apr 19:58:08 INFO   [geoserver.flow] - Request control-flow performed, running requests: 3, blocked requests: 0
20 Apr 19:58:08 INFO   [geoserver.wms] - 
Request: getMap
	Angle = 0.0
	BaseUrl = http://localhost:8080/geoserver/
	Bbox = SRSEnvelope[3702612.091299407 : 6991532.466679553, 5380296.80824009 : 1.0543281246572696E7]
	BgColor = java.awt.Color[r=255,g=255,b=255]
	Buffer = 0
	Clip = null
	CQLFilter = null
	Crs = PROJCS["WGS 84 / Pseudo-Mercator", 
  GEOGCS["WGS 84", 
    DATUM["World Geodetic System 1984", 
      SPHEROID["WGS 84", 6378137.0, 298.257223563, AUTHORITY["EPSG","7030"]], 
      AUTHORITY["EPSG","6326"]], 
    PRIMEM["Greenwich", 0.0, AUTHORITY["EPSG","8901"]], 
    UNIT["degree", 0.017453292519943295], 
    AXIS["Geodetic latitude", NORTH], 
    AXIS["Geodetic longitude", EAST], 
    AUTHORITY["EPSG","4326"]], 
  PROJECTION["Popular Visualisation Pseudo Mercator", AUTHORITY["EPSG","1024"]], 
  PARAMETER["semi_minor", 6378137.0], 
  PARAMETER["latitude_of_origin", 0.0], 
  PARAMETER["central_meridian", 0.0], 
  PARAMETER["scale_factor", 1.0], 
  PARAMETER["false_easting", 0.0], 
  PARAMETER["false_northing", 0.0], 
  UNIT["m", 1.0], 
  AXIS["Easting", EAST], 
  AXIS["Northing", NORTH], 
  AUTHORITY["EPSG","3857"]]
	Elevation = []
	Env = {}
	Exceptions = SE_XML
	FeatureId = null
	FeatureVersion = null
	Filter = null
	Format = image/png
	FormatOptions = {DPI=180}
	Get = true
	Height = 1664
	Interpolations = []
	Layers = [org.geoserver.wms.MapLayerInfo@e4804762]
	MaxFeatures = null
	Palette = null
	RawKvp = {FORMAT=image/png, CRS=EPSG:3857, STYLES=, WIDTH=1060, HEIGHT=1664, LAYERS=gis:buildings, TILED=true, REQUEST=GetMap, FORMAT_OPTIONS=dpi:180, BBOX=3702612.091299407,5380296.80824009,6991532.466679553,10543281.246572696, VERSION=1.3.0, SERVICE=WMS, TRANSPARENT=TRUE}
	RemoteOwsType = null
	RemoteOwsURL = null
	Request = GetMap
	RequestCharset = UTF-8
	ScaleMethod = null
	Sld = null
	SldBody = null
	SldVersion = null
	SortBy = null
	SortByArrays = null
	SRS = urn:ogc:def:crs:EPSG::3857
	StartIndex = null
	StyleBody = null
	StyleFormat = sld
	Styles = [StyleImpl[ name=polygon]]
	StyleUrl = null
	StyleVersion = null
	Tiled = true
	TilesOrigin = null
	Time = []
	Transparent = true
	ValidateSchema = false
	Version = 1.3.0
	ViewParams = null
	Width = 1060
20 Apr 19:58:08 INFO   [geoserver.wms] - 
Request: getMap
	Angle = 0.0
	BaseUrl = http://localhost:8080/geoserver/
	Bbox = SRSEnvelope[3702612.091299407 : 6991532.466679553, 5380296.80824009 : 1.0543281246572696E7]
	BgColor = java.awt.Color[r=255,g=255,b=255]
	Buffer = 0
	Clip = null
	CQLFilter = null
	Crs = PROJCS["WGS 84 / Pseudo-Mercator", 
  GEOGCS["WGS 84", 
    DATUM["World Geodetic System 1984", 
      SPHEROID["WGS 84", 6378137.0, 298.257223563, AUTHORITY["EPSG","7030"]], 
      AUTHORITY["EPSG","6326"]], 
    PRIMEM["Greenwich", 0.0, AUTHORITY["EPSG","8901"]], 
    UNIT["degree", 0.017453292519943295], 
    AXIS["Geodetic latitude", NORTH], 
    AXIS["Geodetic longitude", EAST], 
    AUTHORITY["EPSG","4326"]], 
  PROJECTION["Popular Visualisation Pseudo Mercator", AUTHORITY["EPSG","1024"]], 
  PARAMETER["semi_minor", 6378137.0], 
  PARAMETER["latitude_of_origin", 0.0], 
  PARAMETER["central_meridian", 0.0], 
  PARAMETER["scale_factor", 1.0], 
  PARAMETER["false_easting", 0.0], 
  PARAMETER["false_northing", 0.0], 
  UNIT["m", 1.0], 
  AXIS["Easting", EAST], 
  AXIS["Northing", NORTH], 
  AUTHORITY["EPSG","3857"]]
	Elevation = []
	Env = {}
	Exceptions = SE_XML
	FeatureId = null
	FeatureVersion = null
	Filter = null
	Format = image/png
	FormatOptions = {DPI=180}
	Get = true
	Height = 1664
	Interpolations = []
	Layers = [org.geoserver.wms.MapLayerInfo@c8d248ce]
	MaxFeatures = null
	Palette = null
	RawKvp = {FORMAT=image/png, CRS=EPSG:3857, STYLES=, WIDTH=1060, HEIGHT=1664, LAYERS=gis:roads, TILED=true, REQUEST=GetMap, FORMAT_OPTIONS=dpi:180, BBOX=3702612.091299407,5380296.80824009,6991532.466679553,10543281.246572696, VERSION=1.3.0, SERVICE=WMS, TRANSPARENT=TRUE}
	RemoteOwsType = null
	RemoteOwsURL = null
	Request = GetMap
	RequestCharset = UTF-8
	ScaleMethod = null
	Sld = null
	SldBody = null
	SldVersion = null
	SortBy = null
	SortByArrays = null
	SRS = urn:ogc:def:crs:EPSG::3857
	StartIndex = null
	StyleBody = null
	StyleFormat = sld
	Styles = [StyleImpl[ name=line]]
	StyleUrl = null
	StyleVersion = null
	Tiled = true
	TilesOrigin = null
	Time = []
	Transparent = true
	ValidateSchema = false
	Version = 1.3.0
	ViewParams = null
	Width = 1060
20 Apr 19:58:08 INFO   [geoserver.wms] - 
Request: getMap
	Angle = 0.0
	BaseUrl = http://localhost:8080/geoserver/
	Bbox = SRSEnvelope[3702612.091299407 : 6991532.466679553, 5380296.80824009 : 1.0543281246572696E7]
	BgColor = java.awt.Color[r=255,g=255,b=255]
	Buffer = 0
	Clip = null
	CQLFilter = null
	Crs = PROJCS["WGS 84 / Pseudo-Mercator", 
  GEOGCS["WGS 84", 
    DATUM["World Geodetic System 1984", 
      SPHEROID["WGS 84", 6378137.0, 298.257223563, AUTHORITY["EPSG","7030"]], 
      AUTHORITY["EPSG","6326"]], 
    PRIMEM["Greenwich", 0.0, AUTHORITY["EPSG","8901"]], 
    UNIT["degree", 0.017453292519943295], 
    AXIS["Geodetic latitude", NORTH], 
    AXIS["Geodetic longitude", EAST], 
    AUTHORITY["EPSG","4326"]], 
  PROJECTION["Popular Visualisation Pseudo Mercator", AUTHORITY["EPSG","1024"]], 
  PARAMETER["semi_minor", 6378137.0], 
  PARAMETER["latitude_of_origin", 0.0], 
  PARAMETER["central_meridian", 0.0], 
  PARAMETER["scale_factor", 1.0], 
  PARAMETER["false_easting", 0.0], 
  PARAMETER["false_northing", 0.0], 
  UNIT["m", 1.0], 
  AXIS["Easting", EAST], 
  AXIS["Northing", NORTH], 
  AUTHORITY["EPSG","3857"]]
	Elevation = []
	Env = {}
	Exceptions = SE_XML
	FeatureId = null
	FeatureVersion = null
	Filter = null
	Format = image/png
	FormatOptions = {DPI=180}
	Get = true
	Height = 1664
	Interpolations = []
	Layers = [org.geoserver.wms.MapLayerInfo@349ab7]
	MaxFeatures = null
	Palette = null
	RawKvp = {FORMAT=image/png, CRS=EPSG:3857, STYLES=, WIDTH=1060, HEIGHT=1664, LAYERS=gis:poi, TILED=true, REQUEST=GetMap, FORMAT_OPTIONS=dpi:180, BBOX=3702612.091299407,5380296.80824009,6991532.466679553,10543281.246572696, VERSION=1.3.0, SERVICE=WMS, TRANSPARENT=TRUE}
	RemoteOwsType = null
	RemoteOwsURL = null
	Request = GetMap
	RequestCharset = UTF-8
	ScaleMethod = null
	Sld = null
	SldBody = null
	SldVersion = null
	SortBy = null
	SortByArrays = null
	SRS = urn:ogc:def:crs:EPSG::3857
	StartIndex = null
	StyleBody = null
	StyleFormat = sld
	Styles = [StyleImpl[ name=point]]
	StyleUrl = null
	StyleVersion = null
	Tiled = true
	TilesOrigin = null
	Time = []
	Transparent = true
	ValidateSchema = false
	Version = 1.3.0
	ViewParams = null
	Width = 1060
20 Apr 19:58:08 INFO   [geoserver.flow] - releasing flow controllers for [WMS 1.3.0 GetMap]
20 Apr 19:58:08 INFO   [geoserver.flow] - Request completed, running requests: 2, blocked requests: 0
20 Apr 19:58:08 INFO   [geoserver.flow] - releasing flow controllers for [WMS 1.3.0 GetMap]
20 Apr 19:58:08 INFO   [geoserver.flow] - releasing flow controllers for [WMS 1.3.0 GetMap]
20 Apr 19:58:08 INFO   [geoserver.flow] - Request completed, running requests: 0, blocked requests: 0
20 Apr 19:58:08 INFO   [geoserver.flow] - Request completed, running requests: 0, blocked requests: 0
20 Apr 19:58:09 INFO   [geoserver.wms] - 
Request: getServiceInfo
20 Apr 19:58:09 INFO   [geoserver.wms] - 
Request: getServiceInfo
20 Apr 19:58:09 INFO   [geoserver.wms] - 
Request: getServiceInfo
20 Apr 19:58:09 INFO   [geoserver.flow] - Request [WMS 1.3.0 GetMap] starting, processing through flow controllers
20 Apr 19:58:09 INFO   [geoserver.flow] - Request control-flow performed, running requests: 1, blocked requests: 0
20 Apr 19:58:09 INFO   [geoserver.flow] - Request [WMS 1.3.0 GetMap] starting, processing through flow controllers
20 Apr 19:58:09 INFO   [geoserver.flow] - Request control-flow performed, running requests: 2, blocked requests: 0
20 Apr 19:58:09 INFO   [geoserver.flow] - Request [WMS 1.3.0 GetMap] starting, processing through flow controllers
20 Apr 19:58:09 INFO   [geoserver.flow] - Request control-flow performed, running requests: 3, blocked requests: 0
20 Apr 19:58:09 INFO   [geoserver.wms] - 
Request: getMap
	Angle = 0.0
	BaseUrl = http://localhost:8080/geoserver/
	Bbox = SRSEnvelope[4127946.4248061194 : 6365711.456495017, 5604458.413577996 : 9117327.293512266]
	BgColor = java.awt.Color[r=255,g=255,b=255]
	Buffer = 0
	Clip = null
	CQLFilter = null
	Crs = PROJCS["WGS 84 / Pseudo-Mercator", 
  GEOGCS["WGS 84", 
    DATUM["World Geodetic System 1984", 
      SPHEROID["WGS 84", 6378137.0, 298.257223563, AUTHORITY["EPSG","7030"]], 
      AUTHORITY["EPSG","6326"]], 
    PRIMEM["Greenwich", 0.0, AUTHORITY["EPSG","8901"]], 
    UNIT["degree", 0.017453292519943295], 
    AXIS["Geodetic latitude", NORTH], 
    AXIS["Geodetic longitude", EAST], 
    AUTHORITY["EPSG","4326"]], 
  PROJECTION["Popular Visualisation Pseudo Mercator", AUTHORITY["EPSG","1024"]], 
  PARAMETER["semi_minor", 6378137.0], 
  PARAMETER["latitude_of_origin", 0.0], 
  PARAMETER["central_meridian", 0.0], 
  PARAMETER["scale_factor", 1.0], 
  PARAMETER["false_easting", 0.0], 
  PARAMETER["false_northing", 0.0], 
  UNIT["m", 1.0], 
  AXIS["Easting", EAST], 
  AXIS["Northing", NORTH], 
  AUTHORITY["EPSG","3857"]]
	Elevation = []
	Env = {}
	Exceptions = SE_XML
	FeatureId = null
	FeatureVersion = null
	Filter = null
	Format = image/png
	FormatOptions = {DPI=180}
	Get = true
	Height = 1664
	Interpolations = []
	Layers = [org.geoserver.wms.MapLayerInfo@e4804762]
	MaxFeatures = null
	Palette = null
	RawKvp = {FORMAT=image/png, CRS=EPSG:3857, STYLES=, WIDTH=1060, HEIGHT=1664, LAYERS=gis:buildings, TILED=true, REQUEST=GetMap, FORMAT_OPTIONS=dpi:180, BBOX=4127946.4248061194,5604458.413577996,6365711.456495017,9117327.293512266, VERSION=1.3.0, SERVICE=WMS, TRANSPARENT=TRUE}
	RemoteOwsType = null
	RemoteOwsURL = null
	Request = GetMap
	RequestCharset = UTF-8
	ScaleMethod = null
	Sld = null
	SldBody = null
	SldVersion = null
	SortBy = null
	SortByArrays = null
	SRS = urn:ogc:def:crs:EPSG::3857
	StartIndex = null
	StyleBody = null
	StyleFormat = sld
	Styles = [StyleImpl[ name=polygon]]
	StyleUrl = null
	StyleVersion = null
	Tiled = true
	TilesOrigin = null
	Time = []
	Transparent = true
	ValidateSchema = false
	Version = 1.3.0
	ViewParams = null
	Width = 1060
20 Apr 19:58:09 INFO   [geoserver.wms] - 
Request: getMap
	Angle = 0.0
	BaseUrl = http://localhost:8080/geoserver/
	Bbox = SRSEnvelope[4127946.4248061194 : 6365711.456495017, 5604458.413577996 : 9117327.293512266]
	BgColor = java.awt.Color[r=255,g=255,b=255]
	Buffer = 0
	Clip = null
	CQLFilter = null
	Crs = PROJCS["WGS 84 / Pseudo-Mercator", 
  GEOGCS["WGS 84", 
    DATUM["World Geodetic System 1984", 
      SPHEROID["WGS 84", 6378137.0, 298.257223563, AUTHORITY["EPSG","7030"]], 
      AUTHORITY["EPSG","6326"]], 
    PRIMEM["Greenwich", 0.0, AUTHORITY["EPSG","8901"]], 
    UNIT["degree", 0.017453292519943295], 
    AXIS["Geodetic latitude", NORTH], 
    AXIS["Geodetic longitude", EAST], 
    AUTHORITY["EPSG","4326"]], 
  PROJECTION["Popular Visualisation Pseudo Mercator", AUTHORITY["EPSG","1024"]], 
  PARAMETER["semi_minor", 6378137.0], 
  PARAMETER["latitude_of_origin", 0.0], 
  PARAMETER["central_meridian", 0.0], 
  PARAMETER["scale_factor", 1.0], 
  PARAMETER["false_easting", 0.0], 
  PARAMETER["false_northing", 0.0], 
  UNIT["m", 1.0], 
  AXIS["Easting", EAST], 
  AXIS["Northing", NORTH], 
  AUTHORITY["EPSG","3857"]]
	Elevation = []
	Env = {}
	Exceptions = SE_XML
	FeatureId = null
	FeatureVersion = null
	Filter = null
	Format = image/png
	FormatOptions = {DPI=180}
	Get = true
	Height = 1664
	Interpolations = []
	Layers = [org.geoserver.wms.MapLayerInfo@349ab7]
	MaxFeatures = null
	Palette = null
	RawKvp = {FORMAT=image/png, CRS=EPSG:3857, STYLES=, WIDTH=1060, HEIGHT=1664, LAYERS=gis:poi, TILED=true, REQUEST=GetMap, FORMAT_OPTIONS=dpi:180, BBOX=4127946.4248061194,5604458.413577996,6365711.456495017,9117327.293512266, VERSION=1.3.0, SERVICE=WMS, TRANSPARENT=TRUE}
	RemoteOwsType = null
	RemoteOwsURL = null
	Request = GetMap
	RequestCharset = UTF-8
	ScaleMethod = null
	Sld = null
	SldBody = null
	SldVersion = null
	SortBy = null
	SortByArrays = null
	SRS = urn:ogc:def:crs:EPSG::3857
	StartIndex = null
	StyleBody = null
	StyleFormat = sld
	Styles = [StyleImpl[ name=point]]
	StyleUrl = null
	StyleVersion = null
	Tiled = true
	TilesOrigin = null
	Time = []
	Transparent = true
	ValidateSchema = false
	Version = 1.3.0
	ViewParams = null
	Width = 1060
20 Apr 19:58:09 INFO   [geoserver.wms] - 
Request: getMap
	Angle = 0.0
	BaseUrl = http://localhost:8080/geoserver/
	Bbox = SRSEnvelope[4127946.4248061194 : 6365711.456495017, 5604458.413577996 : 9117327.293512266]
	BgColor = java.awt.Color[r=255,g=255,b=255]
	Buffer = 0
	Clip = null
	CQLFilter = null
	Crs = PROJCS["WGS 84 / Pseudo-Mercator", 
  GEOGCS["WGS 84", 
    DATUM["World Geodetic System 1984", 
      SPHEROID["WGS 84", 6378137.0, 298.257223563, AUTHORITY["EPSG","7030"]], 
      AUTHORITY["EPSG","6326"]], 
    PRIMEM["Greenwich", 0.0, AUTHORITY["EPSG","8901"]], 
    UNIT["degree", 0.017453292519943295], 
    AXIS["Geodetic latitude", NORTH], 
    AXIS["Geodetic longitude", EAST], 
    AUTHORITY["EPSG","4326"]], 
  PROJECTION["Popular Visualisation Pseudo Mercator", AUTHORITY["EPSG","1024"]], 
  PARAMETER["semi_minor", 6378137.0], 
  PARAMETER["latitude_of_origin", 0.0], 
  PARAMETER["central_meridian", 0.0], 
  PARAMETER["scale_factor", 1.0], 
  PARAMETER["false_easting", 0.0], 
  PARAMETER["false_northing", 0.0], 
  UNIT["m", 1.0], 
  AXIS["Easting", EAST], 
  AXIS["Northing", NORTH], 
  AUTHORITY["EPSG","3857"]]
	Elevation = []
	Env = {}
	Exceptions = SE_XML
	FeatureId = null
	FeatureVersion = null
	Filter = null
	Format = image/png
	FormatOptions = {DPI=180}
	Get = true
	Height = 1664
	Interpolations = []
	Layers = [org.geoserver.wms.MapLayerInfo@c8d248ce]
	MaxFeatures = null
	Palette = null
	RawKvp = {FORMAT=image/png, CRS=EPSG:3857, STYLES=, WIDTH=1060, HEIGHT=1664, LAYERS=gis:roads, TILED=true, REQUEST=GetMap, FORMAT_OPTIONS=dpi:180, BBOX=4127946.4248061194,5604458.413577996,6365711.456495017,9117327.293512266, VERSION=1.3.0, SERVICE=WMS, TRANSPARENT=TRUE}
	RemoteOwsType = null
	RemoteOwsURL = null
	Request = GetMap
	RequestCharset = UTF-8
	ScaleMethod = null
	Sld = null
	SldBody = null
	SldVersion = null
	SortBy = null
	SortByArrays = null
	SRS = urn:ogc:def:crs:EPSG::3857
	StartIndex = null
	StyleBody = null
	StyleFormat = sld
	Styles = [StyleImpl[ name=line]]
	StyleUrl = null
	StyleVersion = null
	Tiled = true
	TilesOrigin = null
	Time = []
	Transparent = true
	ValidateSchema = false
	Version = 1.3.0
	ViewParams = null
	Width = 1060
20 Apr 19:58:09 INFO   [geoserver.flow] - releasing flow controllers for [WMS 1.3.0 GetMap]
20 Apr 19:58:09 INFO   [geoserver.flow] - Request completed, running requests: 2, blocked requests: 0
20 Apr 19:58:09 INFO   [geoserver.flow] - releasing flow controllers for [WMS 1.3.0 GetMap]
20 Apr 19:58:09 INFO   [geoserver.flow] - releasing flow controllers for [WMS 1.3.0 GetMap]
20 Apr 19:58:09 INFO   [geoserver.flow] - Request completed, running requests: 0, blocked requests: 0
20 Apr 19:58:09 INFO   [geoserver.flow] - Request completed, running requests: 0, blocked requests: 0
20 Apr 19:58:10 INFO   [geoserver.wms] - 
Request: getServiceInfo
20 Apr 19:58:10 INFO   [geoserver.wms] - 
Request: getServiceInfo
20 Apr 19:58:10 INFO   [geoserver.wms] - 
Request: getServiceInfo
20 Apr 19:58:10 INFO   [geoserver.flow] - Request [WMS 1.3.0 GetMap] starting, processing through flow controllers
20 Apr 19:58:10 INFO   [geoserver.flow] - Request control-flow performed, running requests: 1, blocked requests: 0
20 Apr 19:58:10 INFO   [geoserver.flow] - Request [WMS 1.3.0 GetMap] starting, processing through flow controllers
20 Apr 19:58:10 INFO   [geoserver.flow] - Request [WMS 1.3.0 GetMap] starting, processing through flow controllers
20 Apr 19:58:10 INFO   [geoserver.flow] - Request control-flow performed, running requests: 2, blocked requests: 1
20 Apr 19:58:10 INFO   [geoserver.flow] - Request control-flow performed, running requests: 3, blocked requests: 0
20 Apr 19:58:10 INFO   [geoserver.wms] - 
Request: getMap
	Angle = 0.0
	BaseUrl = http://localhost:8080/geoserver/
	Bbox = SRSEnvelope[5085960.644792055 : 5924972.132148874, 6587204.369659183 : 7904294.100755171]
	BgColor = java.awt.Color[r=255,g=255,b=255]
	Buffer = 0
	Clip = null
	CQLFilter = null
	Crs = PROJCS["WGS 84 / Pseudo-Mercator", 
  GEOGCS["WGS 84", 
    DATUM["World Geodetic System 1984", 
      SPHEROID["WGS 84", 6378137.0, 298.257223563, AUTHORITY["EPSG","7030"]], 
      AUTHORITY["EPSG","6326"]], 
    PRIMEM["Greenwich", 0.0, AUTHORITY["EPSG","8901"]], 
    UNIT["degree", 0.017453292519943295], 
    AXIS["Geodetic latitude", NORTH], 
    AXIS["Geodetic longitude", EAST], 
    AUTHORITY["EPSG","4326"]], 
  PROJECTION["Popular Visualisation Pseudo Mercator", AUTHORITY["EPSG","1024"]], 
  PARAMETER["semi_minor", 6378137.0], 
  PARAMETER["latitude_of_origin", 0.0], 
  PARAMETER["central_meridian", 0.0], 
  PARAMETER["scale_factor", 1.0], 
  PARAMETER["false_easting", 0.0], 
  PARAMETER["false_northing", 0.0], 
  UNIT["m", 1.0], 
  AXIS["Easting", EAST], 
  AXIS["Northing", NORTH], 
  AUTHORITY["EPSG","3857"]]
	Elevation = []
	Env = {}
	Exceptions = SE_XML
	FeatureId = null
	FeatureVersion = null
	Filter = null
	Format = image/png
	FormatOptions = {DPI=180}
	Get = true
	Height = 1664
	Interpolations = []
	Layers = [org.geoserver.wms.MapLayerInfo@e4804762]
	MaxFeatures = null
	Palette = null
	RawKvp = {FORMAT=image/png, CRS=EPSG:3857, STYLES=, WIDTH=1060, HEIGHT=1664, LAYERS=gis:buildings, TILED=true, REQUEST=GetMap, FORMAT_OPTIONS=dpi:180, BBOX=5085960.644792055,6587204.369659183,5924972.132148874,7904294.100755171, VERSION=1.3.0, SERVICE=WMS, TRANSPARENT=TRUE}
	RemoteOwsType = null
	RemoteOwsURL = null
	Request = GetMap
	RequestCharset = UTF-8
	ScaleMethod = null
	Sld = null
	SldBody = null
	SldVersion = null
	SortBy = null
	SortByArrays = null
	SRS = urn:ogc:def:crs:EPSG::3857
	StartIndex = null
	StyleBody = null
	StyleFormat = sld
	Styles = [StyleImpl[ name=polygon]]
	StyleUrl = null
	StyleVersion = null
	Tiled = true
	TilesOrigin = null
	Time = []
	Transparent = true
	ValidateSchema = false
	Version = 1.3.0
	ViewParams = null
	Width = 1060
20 Apr 19:58:10 INFO   [geoserver.wms] - 
Request: getMap
	Angle = 0.0
	BaseUrl = http://localhost:8080/geoserver/
	Bbox = SRSEnvelope[5085960.644792055 : 5924972.132148874, 6587204.369659183 : 7904294.100755171]
	BgColor = java.awt.Color[r=255,g=255,b=255]
	Buffer = 0
	Clip = null
	CQLFilter = null
	Crs = PROJCS["WGS 84 / Pseudo-Mercator", 
  GEOGCS["WGS 84", 
    DATUM["World Geodetic System 1984", 
      SPHEROID["WGS 84", 6378137.0, 298.257223563, AUTHORITY["EPSG","7030"]], 
      AUTHORITY["EPSG","6326"]], 
    PRIMEM["Greenwich", 0.0, AUTHORITY["EPSG","8901"]], 
    UNIT["degree", 0.017453292519943295], 
    AXIS["Geodetic latitude", NORTH], 
    AXIS["Geodetic longitude", EAST], 
    AUTHORITY["EPSG","4326"]], 
  PROJECTION["Popular Visualisation Pseudo Mercator", AUTHORITY["EPSG","1024"]], 
  PARAMETER["semi_minor", 6378137.0], 
  PARAMETER["latitude_of_origin", 0.0], 
  PARAMETER["central_meridian", 0.0], 
  PARAMETER["scale_factor", 1.0], 
  PARAMETER["false_easting", 0.0], 
  PARAMETER["false_northing", 0.0], 
  UNIT["m", 1.0], 
  AXIS["Easting", EAST], 
  AXIS["Northing", NORTH], 
  AUTHORITY["EPSG","3857"]]
	Elevation = []
	Env = {}
	Exceptions = SE_XML
	FeatureId = null
	FeatureVersion = null
	Filter = null
	Format = image/png
	FormatOptions = {DPI=180}
	Get = true
	Height = 1664
	Interpolations = []
	Layers = [org.geoserver.wms.MapLayerInfo@c8d248ce]
	MaxFeatures = null
	Palette = null
	RawKvp = {FORMAT=image/png, CRS=EPSG:3857, STYLES=, WIDTH=1060, HEIGHT=1664, LAYERS=gis:roads, TILED=true, REQUEST=GetMap, FORMAT_OPTIONS=dpi:180, BBOX=5085960.644792055,6587204.369659183,5924972.132148874,7904294.100755171, VERSION=1.3.0, SERVICE=WMS, TRANSPARENT=TRUE}
	RemoteOwsType = null
	RemoteOwsURL = null
	Request = GetMap
	RequestCharset = UTF-8
	ScaleMethod = null
	Sld = null
	SldBody = null
	SldVersion = null
	SortBy = null
	SortByArrays = null
	SRS = urn:ogc:def:crs:EPSG::3857
	StartIndex = null
	StyleBody = null
	StyleFormat = sld
	Styles = [StyleImpl[ name=line]]
	StyleUrl = null
	StyleVersion = null
	Tiled = true
	TilesOrigin = null
	Time = []
	Transparent = true
	ValidateSchema = false
	Version = 1.3.0
	ViewParams = null
	Width = 1060
20 Apr 19:58:10 INFO   [geoserver.wms] - 
Request: getMap
	Angle = 0.0
	BaseUrl = http://localhost:8080/geoserver/
	Bbox = SRSEnvelope[5085960.644792055 : 5924972.132148874, 6587204.369659183 : 7904294.100755171]
	BgColor = java.awt.Color[r=255,g=255,b=255]
	Buffer = 0
	Clip = null
	CQLFilter = null
	Crs = PROJCS["WGS 84 / Pseudo-Mercator", 
  GEOGCS["WGS 84", 
    DATUM["World Geodetic System 1984", 
      SPHEROID["WGS 84", 6378137.0, 298.257223563, AUTHORITY["EPSG","7030"]], 
      AUTHORITY["EPSG","6326"]], 
    PRIMEM["Greenwich", 0.0, AUTHORITY["EPSG","8901"]], 
    UNIT["degree", 0.017453292519943295], 
    AXIS["Geodetic latitude", NORTH], 
    AXIS["Geodetic longitude", EAST], 
    AUTHORITY["EPSG","4326"]], 
  PROJECTION["Popular Visualisation Pseudo Mercator", AUTHORITY["EPSG","1024"]], 
  PARAMETER["semi_minor", 6378137.0], 
  PARAMETER["latitude_of_origin", 0.0], 
  PARAMETER["central_meridian", 0.0], 
  PARAMETER["scale_factor", 1.0], 
  PARAMETER["false_easting", 0.0], 
  PARAMETER["false_northing", 0.0], 
  UNIT["m", 1.0], 
  AXIS["Easting", EAST], 
  AXIS["Northing", NORTH], 
  AUTHORITY["EPSG","3857"]]
	Elevation = []
	Env = {}
	Exceptions = SE_XML
	FeatureId = null
	FeatureVersion = null
	Filter = null
	Format = image/png
	FormatOptions = {DPI=180}
	Get = true
	Height = 1664
	Interpolations = []
	Layers = [org.geoserver.wms.MapLayerInfo@349ab7]
	MaxFeatures = null
	Palette = null
	RawKvp = {FORMAT=image/png, CRS=EPSG:3857, STYLES=, WIDTH=1060, HEIGHT=1664, LAYERS=gis:poi, TILED=true, REQUEST=GetMap, FORMAT_OPTIONS=dpi:180, BBOX=5085960.644792055,6587204.369659183,5924972.132148874,7904294.100755171, VERSION=1.3.0, SERVICE=WMS, TRANSPARENT=TRUE}
	RemoteOwsType = null
	RemoteOwsURL = null
	Request = GetMap
	RequestCharset = UTF-8
	ScaleMethod = null
	Sld = null
	SldBody = null
	SldVersion = null
	SortBy = null
	SortByArrays = null
	SRS = urn:ogc:def:crs:EPSG::3857
	StartIndex = null
	StyleBody = null
	StyleFormat = sld
	Styles = [StyleImpl[ name=point]]
	StyleUrl = null
	StyleVersion = null
	Tiled = true
	TilesOrigin = null
	Time = []
	Transparent = true
	ValidateSchema = false
	Version = 1.3.0
	ViewParams = null
	Width = 1060
20 Apr 19:58:10 INFO   [geoserver.flow] - releasing flow controllers for [WMS 1.3.0 GetMap]
20 Apr 19:58:10 INFO   [geoserver.flow] - Request completed, running requests: 2, blocked requests: 0
20 Apr 19:58:10 INFO   [geoserver.flow] - releasing flow controllers for [WMS 1.3.0 GetMap]
20 Apr 19:58:10 INFO   [geoserver.flow] - Request completed, running requests: 1, blocked requests: 0
20 Apr 19:58:10 INFO   [geoserver.flow] - releasing flow controllers for [WMS 1.3.0 GetMap]
20 Apr 19:58:10 INFO   [geoserver.flow] - Request completed, running requests: 0, blocked requests: 0
20 Apr 19:58:10 INFO   [geoserver.wms] - 
Request: getServiceInfo
20 Apr 19:58:10 INFO   [geoserver.wms] - 
Request: getServiceInfo
20 Apr 19:58:10 INFO   [geoserver.wms] - 
Request: getServiceInfo
20 Apr 19:58:10 INFO   [geoserver.flow] - Request [WMS 1.3.0 GetMap] starting, processing through flow controllers
20 Apr 19:58:10 INFO   [geoserver.flow] - Request control-flow performed, running requests: 1, blocked requests: 0
20 Apr 19:58:10 INFO   [geoserver.flow] - Request [WMS 1.3.0 GetMap] starting, processing through flow controllers
20 Apr 19:58:10 INFO   [geoserver.flow] - Request control-flow performed, running requests: 2, blocked requests: 0
20 Apr 19:58:10 INFO   [geoserver.flow] - Request [WMS 1.3.0 GetMap] starting, processing through flow controllers
20 Apr 19:58:10 INFO   [geoserver.flow] - Request control-flow performed, running requests: 3, blocked requests: 0
20 Apr 19:58:10 INFO   [geoserver.wms] - 
Request: getMap
	Angle = 0.0
	BaseUrl = http://localhost:8080/geoserver/
	Bbox = SRSEnvelope[5445955.342148031 : 5736933.906821891, 6976614.921309968 : 7433396.366231952]
	BgColor = java.awt.Color[r=255,g=255,b=255]
	Buffer = 0
	Clip = null
	CQLFilter = null
	Crs = PROJCS["WGS 84 / Pseudo-Mercator", 
  GEOGCS["WGS 84", 
    DATUM["World Geodetic System 1984", 
      SPHEROID["WGS 84", 6378137.0, 298.257223563, AUTHORITY["EPSG","7030"]], 
      AUTHORITY["EPSG","6326"]], 
    PRIMEM["Greenwich", 0.0, AUTHORITY["EPSG","8901"]], 
    UNIT["degree", 0.017453292519943295], 
    AXIS["Geodetic latitude", NORTH], 
    AXIS["Geodetic longitude", EAST], 
    AUTHORITY["EPSG","4326"]], 
  PROJECTION["Popular Visualisation Pseudo Mercator", AUTHORITY["EPSG","1024"]], 
  PARAMETER["semi_minor", 6378137.0], 
  PARAMETER["latitude_of_origin", 0.0], 
  PARAMETER["central_meridian", 0.0], 
  PARAMETER["scale_factor", 1.0], 
  PARAMETER["false_easting", 0.0], 
  PARAMETER["false_northing", 0.0], 
  UNIT["m", 1.0], 
  AXIS["Easting", EAST], 
  AXIS["Northing", NORTH], 
  AUTHORITY["EPSG","3857"]]
	Elevation = []
	Env = {}
	Exceptions = SE_XML
	FeatureId = null
	FeatureVersion = null
	Filter = null
	Format = image/png
	FormatOptions = {DPI=180}
	Get = true
	Height = 1664
	Interpolations = []
	Layers = [org.geoserver.wms.MapLayerInfo@e4804762]
	MaxFeatures = null
	Palette = null
	RawKvp = {FORMAT=image/png, CRS=EPSG:3857, STYLES=, WIDTH=1060, HEIGHT=1664, LAYERS=gis:buildings, TILED=true, REQUEST=GetMap, FORMAT_OPTIONS=dpi:180, BBOX=5445955.342148031,6976614.921309968,5736933.906821891,7433396.366231952, VERSION=1.3.0, SERVICE=WMS, TRANSPARENT=TRUE}
	RemoteOwsType = null
	RemoteOwsURL = null
	Request = GetMap
	RequestCharset = UTF-8
	ScaleMethod = null
	Sld = null
	SldBody = null
	SldVersion = null
	SortBy = null
	SortByArrays = null
	SRS = urn:ogc:def:crs:EPSG::3857
	StartIndex = null
	StyleBody = null
	StyleFormat = sld
	Styles = [StyleImpl[ name=polygon]]
	StyleUrl = null
	StyleVersion = null
	Tiled = true
	TilesOrigin = null
	Time = []
	Transparent = true
	ValidateSchema = false
	Version = 1.3.0
	ViewParams = null
	Width = 1060
20 Apr 19:58:10 INFO   [geoserver.wms] - 
Request: getMap
	Angle = 0.0
	BaseUrl = http://localhost:8080/geoserver/
	Bbox = SRSEnvelope[5445955.342148031 : 5736933.906821891, 6976614.921309968 : 7433396.366231952]
	BgColor = java.awt.Color[r=255,g=255,b=255]
	Buffer = 0
	Clip = null
	CQLFilter = null
	Crs = PROJCS["WGS 84 / Pseudo-Mercator", 
  GEOGCS["WGS 84", 
    DATUM["World Geodetic System 1984", 
      SPHEROID["WGS 84", 6378137.0, 298.257223563, AUTHORITY["EPSG","7030"]], 
      AUTHORITY["EPSG","6326"]], 
    PRIMEM["Greenwich", 0.0, AUTHORITY["EPSG","8901"]], 
    UNIT["degree", 0.017453292519943295], 
    AXIS["Geodetic latitude", NORTH], 
    AXIS["Geodetic longitude", EAST], 
    AUTHORITY["EPSG","4326"]], 
  PROJECTION["Popular Visualisation Pseudo Mercator", AUTHORITY["EPSG","1024"]], 
  PARAMETER["semi_minor", 6378137.0], 
  PARAMETER["latitude_of_origin", 0.0], 
  PARAMETER["central_meridian", 0.0], 
  PARAMETER["scale_factor", 1.0], 
  PARAMETER["false_easting", 0.0], 
  PARAMETER["false_northing", 0.0], 
  UNIT["m", 1.0], 
  AXIS["Easting", EAST], 
  AXIS["Northing", NORTH], 
  AUTHORITY["EPSG","3857"]]
	Elevation = []
	Env = {}
	Exceptions = SE_XML
	FeatureId = null
	FeatureVersion = null
	Filter = null
	Format = image/png
	FormatOptions = {DPI=180}
	Get = true
	Height = 1664
	Interpolations = []
	Layers = [org.geoserver.wms.MapLayerInfo@c8d248ce]
	MaxFeatures = null
	Palette = null
	RawKvp = {FORMAT=image/png, CRS=EPSG:3857, STYLES=, WIDTH=1060, HEIGHT=1664, LAYERS=gis:roads, TILED=true, REQUEST=GetMap, FORMAT_OPTIONS=dpi:180, BBOX=5445955.342148031,6976614.921309968,5736933.906821891,7433396.366231952, VERSION=1.3.0, SERVICE=WMS, TRANSPARENT=TRUE}
	RemoteOwsType = null
	RemoteOwsURL = null
	Request = GetMap
	RequestCharset = UTF-8
	ScaleMethod = null
	Sld = null
	SldBody = null
	SldVersion = null
	SortBy = null
	SortByArrays = null
	SRS = urn:ogc:def:crs:EPSG::3857
	StartIndex = null
	StyleBody = null
	StyleFormat = sld
	Styles = [StyleImpl[ name=line]]
	StyleUrl = null
	StyleVersion = null
	Tiled = true
	TilesOrigin = null
	Time = []
	Transparent = true
	ValidateSchema = false
	Version = 1.3.0
	ViewParams = null
	Width = 1060
20 Apr 19:58:10 INFO   [geoserver.wms] - 
Request: getMap
	Angle = 0.0
	BaseUrl = http://localhost:8080/geoserver/
	Bbox = SRSEnvelope[5445955.342148031 : 5736933.906821891, 6976614.921309968 : 7433396.366231952]
	BgColor = java.awt.Color[r=255,g=255,b=255]
	Buffer = 0
	Clip = null
	CQLFilter = null
	Crs = PROJCS["WGS 84 / Pseudo-Mercator", 
  GEOGCS["WGS 84", 
    DATUM["World Geodetic System 1984", 
      SPHEROID["WGS 84", 6378137.0, 298.257223563, AUTHORITY["EPSG","7030"]], 
      AUTHORITY["EPSG","6326"]], 
    PRIMEM["Greenwich", 0.0, AUTHORITY["EPSG","8901"]], 
    UNIT["degree", 0.017453292519943295], 
    AXIS["Geodetic latitude", NORTH], 
    AXIS["Geodetic longitude", EAST], 
    AUTHORITY["EPSG","4326"]], 
  PROJECTION["Popular Visualisation Pseudo Mercator", AUTHORITY["EPSG","1024"]], 
  PARAMETER["semi_minor", 6378137.0], 
  PARAMETER["latitude_of_origin", 0.0], 
  PARAMETER["central_meridian", 0.0], 
  PARAMETER["scale_factor", 1.0], 
  PARAMETER["false_easting", 0.0], 
  PARAMETER["false_northing", 0.0], 
  UNIT["m", 1.0], 
  AXIS["Easting", EAST], 
  AXIS["Northing", NORTH], 
  AUTHORITY["EPSG","3857"]]
	Elevation = []
	Env = {}
	Exceptions = SE_XML
	FeatureId = null
	FeatureVersion = null
	Filter = null
	Format = image/png
	FormatOptions = {DPI=180}
	Get = true
	Height = 1664
	Interpolations = []
	Layers = [org.geoserver.wms.MapLayerInfo@349ab7]
	MaxFeatures = null
	Palette = null
	RawKvp = {FORMAT=image/png, CRS=EPSG:3857, STYLES=, WIDTH=1060, HEIGHT=1664, LAYERS=gis:poi, TILED=true, REQUEST=GetMap, FORMAT_OPTIONS=dpi:180, BBOX=5445955.342148031,6976614.921309968,5736933.906821891,7433396.366231952, VERSION=1.3.0, SERVICE=WMS, TRANSPARENT=TRUE}
	RemoteOwsType = null
	RemoteOwsURL = null
	Request = GetMap
	RequestCharset = UTF-8
	ScaleMethod = null
	Sld = null
	SldBody = null
	SldVersion = null
	SortBy = null
	SortByArrays = null
	SRS = urn:ogc:def:crs:EPSG::3857
	StartIndex = null
	StyleBody = null
	StyleFormat = sld
	Styles = [StyleImpl[ name=point]]
	StyleUrl = null
	StyleVersion = null
	Tiled = true
	TilesOrigin = null
	Time = []
	Transparent = true
	ValidateSchema = false
	Version = 1.3.0
	ViewParams = null
	Width = 1060
20 Apr 19:58:10 INFO   [geoserver.flow] - releasing flow controllers for [WMS 1.3.0 GetMap]
20 Apr 19:58:10 INFO   [geoserver.flow] - Request completed, running requests: 2, blocked requests: 0
20 Apr 19:58:10 INFO   [geoserver.flow] - releasing flow controllers for [WMS 1.3.0 GetMap]
20 Apr 19:58:10 INFO   [geoserver.flow] - Request completed, running requests: 1, blocked requests: 0
20 Apr 19:58:10 INFO   [geoserver.flow] - releasing flow controllers for [WMS 1.3.0 GetMap]
20 Apr 19:58:10 INFO   [geoserver.flow] - Request completed, running requests: 0, blocked requests: 0
20 Apr 19:58:11 INFO   [geoserver.wms] - 
Request: getServiceInfo
20 Apr 19:58:11 INFO   [geoserver.wms] - 
Request: getServiceInfo
20 Apr 19:58:11 INFO   [geoserver.wms] - 
Request: getServiceInfo
20 Apr 19:58:11 INFO   [geoserver.flow] - Request [WMS 1.3.0 GetMap] starting, processing through flow controllers
20 Apr 19:58:11 INFO   [geoserver.flow] - Request [WMS 1.3.0 GetMap] starting, processing through flow controllers
20 Apr 19:58:11 INFO   [geoserver.flow] - Request control-flow performed, running requests: 1, blocked requests: 2
20 Apr 19:58:11 INFO   [geoserver.flow] - Request control-flow performed, running requests: 2, blocked requests: 1
20 Apr 19:58:11 INFO   [geoserver.flow] - Request [WMS 1.3.0 GetMap] starting, processing through flow controllers
20 Apr 19:58:11 INFO   [geoserver.flow] - Request control-flow performed, running requests: 3, blocked requests: 0
20 Apr 19:58:11 INFO   [geoserver.wms] - 
Request: getMap
	Angle = 0.0
	BaseUrl = http://localhost:8080/geoserver/
	Bbox = SRSEnvelope[5473167.025631579 : 5713183.780247912, 7015653.590901206 : 7392434.609468733]
	BgColor = java.awt.Color[r=255,g=255,b=255]
	Buffer = 0
	Clip = null
	CQLFilter = null
	Crs = PROJCS["WGS 84 / Pseudo-Mercator", 
  GEOGCS["WGS 84", 
    DATUM["World Geodetic System 1984", 
      SPHEROID["WGS 84", 6378137.0, 298.257223563, AUTHORITY["EPSG","7030"]], 
      AUTHORITY["EPSG","6326"]], 
    PRIMEM["Greenwich", 0.0, AUTHORITY["EPSG","8901"]], 
    UNIT["degree", 0.017453292519943295], 
    AXIS["Geodetic latitude", NORTH], 
    AXIS["Geodetic longitude", EAST], 
    AUTHORITY["EPSG","4326"]], 
  PROJECTION["Popular Visualisation Pseudo Mercator", AUTHORITY["EPSG","1024"]], 
  PARAMETER["semi_minor", 6378137.0], 
  PARAMETER["latitude_of_origin", 0.0], 
  PARAMETER["central_meridian", 0.0], 
  PARAMETER["scale_factor", 1.0], 
  PARAMETER["false_easting", 0.0], 
  PARAMETER["false_northing", 0.0], 
  UNIT["m", 1.0], 
  AXIS["Easting", EAST], 
  AXIS["Northing", NORTH], 
  AUTHORITY["EPSG","3857"]]
	Elevation = []
	Env = {}
	Exceptions = SE_XML
	FeatureId = null
	FeatureVersion = null
	Filter = null
	Format = image/png
	FormatOptions = {DPI=180}
	Get = true
	Height = 1664
	Interpolations = []
	Layers = [org.geoserver.wms.MapLayerInfo@349ab7]
	MaxFeatures = null
	Palette = null
	RawKvp = {FORMAT=image/png, CRS=EPSG:3857, STYLES=, WIDTH=1060, HEIGHT=1664, LAYERS=gis:poi, TILED=true, REQUEST=GetMap, FORMAT_OPTIONS=dpi:180, BBOX=5473167.025631579,7015653.590901206,5713183.780247912,7392434.609468733, VERSION=1.3.0, SERVICE=WMS, TRANSPARENT=TRUE}
	RemoteOwsType = null
	RemoteOwsURL = null
	Request = GetMap
	RequestCharset = UTF-8
	ScaleMethod = null
	Sld = null
	SldBody = null
	SldVersion = null
	SortBy = null
	SortByArrays = null
	SRS = urn:ogc:def:crs:EPSG::3857
	StartIndex = null
	StyleBody = null
	StyleFormat = sld
	Styles = [StyleImpl[ name=point]]
	StyleUrl = null
	StyleVersion = null
	Tiled = true
	TilesOrigin = null
	Time = []
	Transparent = true
	ValidateSchema = false
	Version = 1.3.0
	ViewParams = null
	Width = 1060
20 Apr 19:58:11 INFO   [geoserver.wms] - 
Request: getMap
	Angle = 0.0
	BaseUrl = http://localhost:8080/geoserver/
	Bbox = SRSEnvelope[5473167.025631579 : 5713183.780247912, 7015653.590901206 : 7392434.609468733]
	BgColor = java.awt.Color[r=255,g=255,b=255]
	Buffer = 0
	Clip = null
	CQLFilter = null
	Crs = PROJCS["WGS 84 / Pseudo-Mercator", 
  GEOGCS["WGS 84", 
    DATUM["World Geodetic System 1984", 
      SPHEROID["WGS 84", 6378137.0, 298.257223563, AUTHORITY["EPSG","7030"]], 
      AUTHORITY["EPSG","6326"]], 
    PRIMEM["Greenwich", 0.0, AUTHORITY["EPSG","8901"]], 
    UNIT["degree", 0.017453292519943295], 
    AXIS["Geodetic latitude", NORTH], 
    AXIS["Geodetic longitude", EAST], 
    AUTHORITY["EPSG","4326"]], 
  PROJECTION["Popular Visualisation Pseudo Mercator", AUTHORITY["EPSG","1024"]], 
  PARAMETER["semi_minor", 6378137.0], 
  PARAMETER["latitude_of_origin", 0.0], 
  PARAMETER["central_meridian", 0.0], 
  PARAMETER["scale_factor", 1.0], 
  PARAMETER["false_easting", 0.0], 
  PARAMETER["false_northing", 0.0], 
  UNIT["m", 1.0], 
  AXIS["Easting", EAST], 
  AXIS["Northing", NORTH], 
  AUTHORITY["EPSG","3857"]]
	Elevation = []
	Env = {}
	Exceptions = SE_XML
	FeatureId = null
	FeatureVersion = null
	Filter = null
	Format = image/png
	FormatOptions = {DPI=180}
	Get = true
	Height = 1664
	Interpolations = []
	Layers = [org.geoserver.wms.MapLayerInfo@c8d248ce]
	MaxFeatures = null
	Palette = null
	RawKvp = {FORMAT=image/png, CRS=EPSG:3857, STYLES=, WIDTH=1060, HEIGHT=1664, LAYERS=gis:roads, TILED=true, REQUEST=GetMap, FORMAT_OPTIONS=dpi:180, BBOX=5473167.025631579,7015653.590901206,5713183.780247912,7392434.609468733, VERSION=1.3.0, SERVICE=WMS, TRANSPARENT=TRUE}
	RemoteOwsType = null
	RemoteOwsURL = null
	Request = GetMap
	RequestCharset = UTF-8
	ScaleMethod = null
	Sld = null
	SldBody = null
	SldVersion = null
	SortBy = null
	SortByArrays = null
	SRS = urn:ogc:def:crs:EPSG::3857
	StartIndex = null
	StyleBody = null
	StyleFormat = sld
	Styles = [StyleImpl[ name=line]]
	StyleUrl = null
	StyleVersion = null
	Tiled = true
	TilesOrigin = null
	Time = []
	Transparent = true
	ValidateSchema = false
	Version = 1.3.0
	ViewParams = null
	Width = 1060
20 Apr 19:58:11 INFO   [geoserver.wms] - 
Request: getMap
	Angle = 0.0
	BaseUrl = http://localhost:8080/geoserver/
	Bbox = SRSEnvelope[5473167.025631579 : 5713183.780247912, 7015653.590901206 : 7392434.609468733]
	BgColor = java.awt.Color[r=255,g=255,b=255]
	Buffer = 0
	Clip = null
	CQLFilter = null
	Crs = PROJCS["WGS 84 / Pseudo-Mercator", 
  GEOGCS["WGS 84", 
    DATUM["World Geodetic System 1984", 
      SPHEROID["WGS 84", 6378137.0, 298.257223563, AUTHORITY["EPSG","7030"]], 
      AUTHORITY["EPSG","6326"]], 
    PRIMEM["Greenwich", 0.0, AUTHORITY["EPSG","8901"]], 
    UNIT["degree", 0.017453292519943295], 
    AXIS["Geodetic latitude", NORTH], 
    AXIS["Geodetic longitude", EAST], 
    AUTHORITY["EPSG","4326"]], 
  PROJECTION["Popular Visualisation Pseudo Mercator", AUTHORITY["EPSG","1024"]], 
  PARAMETER["semi_minor", 6378137.0], 
  PARAMETER["latitude_of_origin", 0.0], 
  PARAMETER["central_meridian", 0.0], 
  PARAMETER["scale_factor", 1.0], 
  PARAMETER["false_easting", 0.0], 
  PARAMETER["false_northing", 0.0], 
  UNIT["m", 1.0], 
  AXIS["Easting", EAST], 
  AXIS["Northing", NORTH], 
  AUTHORITY["EPSG","3857"]]
	Elevation = []
	Env = {}
	Exceptions = SE_XML
	FeatureId = null
	FeatureVersion = null
	Filter = null
	Format = image/png
	FormatOptions = {DPI=180}
	Get = true
	Height = 1664
	Interpolations = []
	Layers = [org.geoserver.wms.MapLayerInfo@e4804762]
	MaxFeatures = null
	Palette = null
	RawKvp = {FORMAT=image/png, CRS=EPSG:3857, STYLES=, WIDTH=1060, HEIGHT=1664, LAYERS=gis:buildings, TILED=true, REQUEST=GetMap, FORMAT_OPTIONS=dpi:180, BBOX=5473167.025631579,7015653.590901206,5713183.780247912,7392434.609468733, VERSION=1.3.0, SERVICE=WMS, TRANSPARENT=TRUE}
	RemoteOwsType = null
	RemoteOwsURL = null
	Request = GetMap
	RequestCharset = UTF-8
	ScaleMethod = null
	Sld = null
	SldBody = null
	SldVersion = null
	SortBy = null
	SortByArrays = null
	SRS = urn:ogc:def:crs:EPSG::3857
	StartIndex = null
	StyleBody = null
	StyleFormat = sld
	Styles = [StyleImpl[ name=polygon]]
	StyleUrl = null
	StyleVersion = null
	Tiled = true
	TilesOrigin = null
	Time = []
	Transparent = true
	ValidateSchema = false
	Version = 1.3.0
	ViewParams = null
	Width = 1060
20 Apr 19:58:11 INFO   [geoserver.flow] - releasing flow controllers for [WMS 1.3.0 GetMap]
20 Apr 19:58:11 INFO   [geoserver.flow] - Request completed, running requests: 2, blocked requests: 0
20 Apr 19:58:11 INFO   [geoserver.flow] - releasing flow controllers for [WMS 1.3.0 GetMap]
20 Apr 19:58:11 INFO   [geoserver.flow] - Request completed, running requests: 1, blocked requests: 0
20 Apr 19:58:11 INFO   [geoserver.flow] - releasing flow controllers for [WMS 1.3.0 GetMap]
20 Apr 19:58:11 INFO   [geoserver.flow] - Request completed, running requests: 0, blocked requests: 0
20 Apr 19:58:11 INFO   [geoserver.wms] - 
Request: getServiceInfo
20 Apr 19:58:11 INFO   [geoserver.wms] - 
Request: getServiceInfo
20 Apr 19:58:11 INFO   [geoserver.wms] - 
Request: getServiceInfo
20 Apr 19:58:11 INFO   [geoserver.flow] - Request [WMS 1.3.0 GetMap] starting, processing through flow controllers
20 Apr 19:58:11 INFO   [geoserver.flow] - Request [WMS 1.3.0 GetMap] starting, processing through flow controllers
20 Apr 19:58:11 INFO   [geoserver.flow] - Request control-flow performed, running requests: 1, blocked requests: 1
20 Apr 19:58:11 INFO   [geoserver.flow] - Request control-flow performed, running requests: 2, blocked requests: 0
20 Apr 19:58:11 INFO   [geoserver.flow] - Request [WMS 1.3.0 GetMap] starting, processing through flow controllers
20 Apr 19:58:11 INFO   [geoserver.flow] - Request control-flow performed, running requests: 3, blocked requests: 0
20 Apr 19:58:12 INFO   [geoserver.wms] - 
Request: getMap
	Angle = 0.0
	BaseUrl = http://localhost:8080/geoserver/
	Bbox = SRSEnvelope[5495216.301594888 : 5693196.666784764, 7048092.9933076585 : 7358884.811869881]
	BgColor = java.awt.Color[r=255,g=255,b=255]
	Buffer = 0
	Clip = null
	CQLFilter = null
	Crs = PROJCS["WGS 84 / Pseudo-Mercator", 
  GEOGCS["WGS 84", 
    DATUM["World Geodetic System 1984", 
      SPHEROID["WGS 84", 6378137.0, 298.257223563, AUTHORITY["EPSG","7030"]], 
      AUTHORITY["EPSG","6326"]], 
    PRIMEM["Greenwich", 0.0, AUTHORITY["EPSG","8901"]], 
    UNIT["degree", 0.017453292519943295], 
    AXIS["Geodetic latitude", NORTH], 
    AXIS["Geodetic longitude", EAST], 
    AUTHORITY["EPSG","4326"]], 
  PROJECTION["Popular Visualisation Pseudo Mercator", AUTHORITY["EPSG","1024"]], 
  PARAMETER["semi_minor", 6378137.0], 
  PARAMETER["latitude_of_origin", 0.0], 
  PARAMETER["central_meridian", 0.0], 
  PARAMETER["scale_factor", 1.0], 
  PARAMETER["false_easting", 0.0], 
  PARAMETER["false_northing", 0.0], 
  UNIT["m", 1.0], 
  AXIS["Easting", EAST], 
  AXIS["Northing", NORTH], 
  AUTHORITY["EPSG","3857"]]
	Elevation = []
	Env = {}
	Exceptions = SE_XML
	FeatureId = null
	FeatureVersion = null
	Filter = null
	Format = image/png
	FormatOptions = {DPI=180}
	Get = true
	Height = 1664
	Interpolations = []
	Layers = [org.geoserver.wms.MapLayerInfo@c8d248ce]
	MaxFeatures = null
	Palette = null
	RawKvp = {FORMAT=image/png, CRS=EPSG:3857, STYLES=, WIDTH=1060, HEIGHT=1664, LAYERS=gis:roads, TILED=true, REQUEST=GetMap, FORMAT_OPTIONS=dpi:180, BBOX=5495216.301594888,7048092.9933076585,5693196.666784764,7358884.811869881, VERSION=1.3.0, SERVICE=WMS, TRANSPARENT=TRUE}
	RemoteOwsType = null
	RemoteOwsURL = null
	Request = GetMap
	RequestCharset = UTF-8
	ScaleMethod = null
	Sld = null
	SldBody = null
	SldVersion = null
	SortBy = null
	SortByArrays = null
	SRS = urn:ogc:def:crs:EPSG::3857
	StartIndex = null
	StyleBody = null
	StyleFormat = sld
	Styles = [StyleImpl[ name=line]]
	StyleUrl = null
	StyleVersion = null
	Tiled = true
	TilesOrigin = null
	Time = []
	Transparent = true
	ValidateSchema = false
	Version = 1.3.0
	ViewParams = null
	Width = 1060
20 Apr 19:58:12 INFO   [geoserver.wms] - 
Request: getMap
	Angle = 0.0
	BaseUrl = http://localhost:8080/geoserver/
	Bbox = SRSEnvelope[5495216.301594888 : 5693196.666784764, 7048092.9933076585 : 7358884.811869881]
	BgColor = java.awt.Color[r=255,g=255,b=255]
	Buffer = 0
	Clip = null
	CQLFilter = null
	Crs = PROJCS["WGS 84 / Pseudo-Mercator", 
  GEOGCS["WGS 84", 
    DATUM["World Geodetic System 1984", 
      SPHEROID["WGS 84", 6378137.0, 298.257223563, AUTHORITY["EPSG","7030"]], 
      AUTHORITY["EPSG","6326"]], 
    PRIMEM["Greenwich", 0.0, AUTHORITY["EPSG","8901"]], 
    UNIT["degree", 0.017453292519943295], 
    AXIS["Geodetic latitude", NORTH], 
    AXIS["Geodetic longitude", EAST], 
    AUTHORITY["EPSG","4326"]], 
  PROJECTION["Popular Visualisation Pseudo Mercator", AUTHORITY["EPSG","1024"]], 
  PARAMETER["semi_minor", 6378137.0], 
  PARAMETER["latitude_of_origin", 0.0], 
  PARAMETER["central_meridian", 0.0], 
  PARAMETER["scale_factor", 1.0], 
  PARAMETER["false_easting", 0.0], 
  PARAMETER["false_northing", 0.0], 
  UNIT["m", 1.0], 
  AXIS["Easting", EAST], 
  AXIS["Northing", NORTH], 
  AUTHORITY["EPSG","3857"]]
	Elevation = []
	Env = {}
	Exceptions = SE_XML
	FeatureId = null
	FeatureVersion = null
	Filter = null
	Format = image/png
	FormatOptions = {DPI=180}
	Get = true
	Height = 1664
	Interpolations = []
	Layers = [org.geoserver.wms.MapLayerInfo@349ab7]
	MaxFeatures = null
	Palette = null
	RawKvp = {FORMAT=image/png, CRS=EPSG:3857, STYLES=, WIDTH=1060, HEIGHT=1664, LAYERS=gis:poi, TILED=true, REQUEST=GetMap, FORMAT_OPTIONS=dpi:180, BBOX=5495216.301594888,7048092.9933076585,5693196.666784764,7358884.811869881, VERSION=1.3.0, SERVICE=WMS, TRANSPARENT=TRUE}
	RemoteOwsType = null
	RemoteOwsURL = null
	Request = GetMap
	RequestCharset = UTF-8
	ScaleMethod = null
	Sld = null
	SldBody = null
	SldVersion = null
	SortBy = null
	SortByArrays = null
	SRS = urn:ogc:def:crs:EPSG::3857
	StartIndex = null
	StyleBody = null
	StyleFormat = sld
	Styles = [StyleImpl[ name=point]]
	StyleUrl = null
	StyleVersion = null
	Tiled = true
	TilesOrigin = null
	Time = []
	Transparent = true
	ValidateSchema = false
	Version = 1.3.0
	ViewParams = null
	Width = 1060
20 Apr 19:58:12 INFO   [geoserver.wms] - 
Request: getMap
	Angle = 0.0
	BaseUrl = http://localhost:8080/geoserver/
	Bbox = SRSEnvelope[5495216.301594888 : 5693196.666784764, 7048092.9933076585 : 7358884.811869881]
	BgColor = java.awt.Color[r=255,g=255,b=255]
	Buffer = 0
	Clip = null
	CQLFilter = null
	Crs = PROJCS["WGS 84 / Pseudo-Mercator", 
  GEOGCS["WGS 84", 
    DATUM["World Geodetic System 1984", 
      SPHEROID["WGS 84", 6378137.0, 298.257223563, AUTHORITY["EPSG","7030"]], 
      AUTHORITY["EPSG","6326"]], 
    PRIMEM["Greenwich", 0.0, AUTHORITY["EPSG","8901"]], 
    UNIT["degree", 0.017453292519943295], 
    AXIS["Geodetic latitude", NORTH], 
    AXIS["Geodetic longitude", EAST], 
    AUTHORITY["EPSG","4326"]], 
  PROJECTION["Popular Visualisation Pseudo Mercator", AUTHORITY["EPSG","1024"]], 
  PARAMETER["semi_minor", 6378137.0], 
  PARAMETER["latitude_of_origin", 0.0], 
  PARAMETER["central_meridian", 0.0], 
  PARAMETER["scale_factor", 1.0], 
  PARAMETER["false_easting", 0.0], 
  PARAMETER["false_northing", 0.0], 
  UNIT["m", 1.0], 
  AXIS["Easting", EAST], 
  AXIS["Northing", NORTH], 
  AUTHORITY["EPSG","3857"]]
	Elevation = []
	Env = {}
	Exceptions = SE_XML
	FeatureId = null
	FeatureVersion = null
	Filter = null
	Format = image/png
	FormatOptions = {DPI=180}
	Get = true
	Height = 1664
	Interpolations = []
	Layers = [org.geoserver.wms.MapLayerInfo@e4804762]
	MaxFeatures = null
	Palette = null
	RawKvp = {FORMAT=image/png, CRS=EPSG:3857, STYLES=, WIDTH=1060, HEIGHT=1664, LAYERS=gis:buildings, TILED=true, REQUEST=GetMap, FORMAT_OPTIONS=dpi:180, BBOX=5495216.301594888,7048092.9933076585,5693196.666784764,7358884.811869881, VERSION=1.3.0, SERVICE=WMS, TRANSPARENT=TRUE}
	RemoteOwsType = null
	RemoteOwsURL = null
	Request = GetMap
	RequestCharset = UTF-8
	ScaleMethod = null
	Sld = null
	SldBody = null
	SldVersion = null
	SortBy = null
	SortByArrays = null
	SRS = urn:ogc:def:crs:EPSG::3857
	StartIndex = null
	StyleBody = null
	StyleFormat = sld
	Styles = [StyleImpl[ name=polygon]]
	StyleUrl = null
	StyleVersion = null
	Tiled = true
	TilesOrigin = null
	Time = []
	Transparent = true
	ValidateSchema = false
	Version = 1.3.0
	ViewParams = null
	Width = 1060
20 Apr 19:58:12 INFO   [geoserver.flow] - releasing flow controllers for [WMS 1.3.0 GetMap]
20 Apr 19:58:12 INFO   [geoserver.flow] - Request completed, running requests: 2, blocked requests: 0
20 Apr 19:58:12 INFO   [geoserver.flow] - releasing flow controllers for [WMS 1.3.0 GetMap]
20 Apr 19:58:12 INFO   [geoserver.flow] - Request completed, running requests: 1, blocked requests: 0
20 Apr 19:58:12 INFO   [geoserver.flow] - releasing flow controllers for [WMS 1.3.0 GetMap]
20 Apr 19:58:12 INFO   [geoserver.flow] - Request completed, running requests: 0, blocked requests: 0
20 Apr 19:58:14 INFO   [geoserver.wms] - 
Request: getServiceInfo
20 Apr 19:58:14 INFO   [geoserver.wms] - 
Request: getServiceInfo
20 Apr 19:58:14 INFO   [geoserver.flow] - Request [WMS 1.3.0 GetMap] starting, processing through flow controllers
20 Apr 19:58:14 INFO   [geoserver.flow] - Request control-flow performed, running requests: 1, blocked requests: 0
20 Apr 19:58:14 INFO   [geoserver.wms] - 
Request: getServiceInfo
20 Apr 19:58:14 INFO   [geoserver.flow] - Request [WMS 1.3.0 GetMap] starting, processing through flow controllers
20 Apr 19:58:14 INFO   [geoserver.flow] - Request control-flow performed, running requests: 2, blocked requests: 0
20 Apr 19:58:14 INFO   [geoserver.flow] - Request [WMS 1.3.0 GetMap] starting, processing through flow controllers
20 Apr 19:58:14 INFO   [geoserver.flow] - Request control-flow performed, running requests: 3, blocked requests: 0
20 Apr 19:58:14 INFO   [geoserver.wms] - 
Request: getMap
	Angle = 0.0
	BaseUrl = http://localhost:8080/geoserver/
	Bbox = SRSEnvelope[5611481.8586807465 : 5623297.604599177, 7214909.072014524 : 7233457.563720437]
	BgColor = java.awt.Color[r=255,g=255,b=255]
	Buffer = 0
	Clip = null
	CQLFilter = null
	Crs = PROJCS["WGS 84 / Pseudo-Mercator", 
  GEOGCS["WGS 84", 
    DATUM["World Geodetic System 1984", 
      SPHEROID["WGS 84", 6378137.0, 298.257223563, AUTHORITY["EPSG","7030"]], 
      AUTHORITY["EPSG","6326"]], 
    PRIMEM["Greenwich", 0.0, AUTHORITY["EPSG","8901"]], 
    UNIT["degree", 0.017453292519943295], 
    AXIS["Geodetic latitude", NORTH], 
    AXIS["Geodetic longitude", EAST], 
    AUTHORITY["EPSG","4326"]], 
  PROJECTION["Popular Visualisation Pseudo Mercator", AUTHORITY["EPSG","1024"]], 
  PARAMETER["semi_minor", 6378137.0], 
  PARAMETER["latitude_of_origin", 0.0], 
  PARAMETER["central_meridian", 0.0], 
  PARAMETER["scale_factor", 1.0], 
  PARAMETER["false_easting", 0.0], 
  PARAMETER["false_northing", 0.0], 
  UNIT["m", 1.0], 
  AXIS["Easting", EAST], 
  AXIS["Northing", NORTH], 
  AUTHORITY["EPSG","3857"]]
	Elevation = []
	Env = {}
	Exceptions = SE_XML
	FeatureId = null
	FeatureVersion = null
	Filter = null
	Format = image/png
	FormatOptions = {DPI=180}
	Get = true
	Height = 1664
	Interpolations = []
	Layers = [org.geoserver.wms.MapLayerInfo@e4804762]
	MaxFeatures = null
	Palette = null
	RawKvp = {FORMAT=image/png, CRS=EPSG:3857, STYLES=, WIDTH=1060, HEIGHT=1664, LAYERS=gis:buildings, TILED=true, REQUEST=GetMap, FORMAT_OPTIONS=dpi:180, BBOX=5611481.8586807465,7214909.072014524,5623297.604599177,7233457.563720437, VERSION=1.3.0, SERVICE=WMS, TRANSPARENT=TRUE}
	RemoteOwsType = null
	RemoteOwsURL = null
	Request = GetMap
	RequestCharset = UTF-8
	ScaleMethod = null
	Sld = null
	SldBody = null
	SldVersion = null
	SortBy = null
	SortByArrays = null
	SRS = urn:ogc:def:crs:EPSG::3857
	StartIndex = null
	StyleBody = null
	StyleFormat = sld
	Styles = [StyleImpl[ name=polygon]]
	StyleUrl = null
	StyleVersion = null
	Tiled = true
	TilesOrigin = null
	Time = []
	Transparent = true
	ValidateSchema = false
	Version = 1.3.0
	ViewParams = null
	Width = 1060
20 Apr 19:58:14 INFO   [geoserver.wms] - 
Request: getMap
	Angle = 0.0
	BaseUrl = http://localhost:8080/geoserver/
	Bbox = SRSEnvelope[5611481.8586807465 : 5623297.604599177, 7214909.072014524 : 7233457.563720437]
	BgColor = java.awt.Color[r=255,g=255,b=255]
	Buffer = 0
	Clip = null
	CQLFilter = null
	Crs = PROJCS["WGS 84 / Pseudo-Mercator", 
  GEOGCS["WGS 84", 
    DATUM["World Geodetic System 1984", 
      SPHEROID["WGS 84", 6378137.0, 298.257223563, AUTHORITY["EPSG","7030"]], 
      AUTHORITY["EPSG","6326"]], 
    PRIMEM["Greenwich", 0.0, AUTHORITY["EPSG","8901"]], 
    UNIT["degree", 0.017453292519943295], 
    AXIS["Geodetic latitude", NORTH], 
    AXIS["Geodetic longitude", EAST], 
    AUTHORITY["EPSG","4326"]], 
  PROJECTION["Popular Visualisation Pseudo Mercator", AUTHORITY["EPSG","1024"]], 
  PARAMETER["semi_minor", 6378137.0], 
  PARAMETER["latitude_of_origin", 0.0], 
  PARAMETER["central_meridian", 0.0], 
  PARAMETER["scale_factor", 1.0], 
  PARAMETER["false_easting", 0.0], 
  PARAMETER["false_northing", 0.0], 
  UNIT["m", 1.0], 
  AXIS["Easting", EAST], 
  AXIS["Northing", NORTH], 
  AUTHORITY["EPSG","3857"]]
	Elevation = []
	Env = {}
	Exceptions = SE_XML
	FeatureId = null
	FeatureVersion = null
	Filter = null
	Format = image/png
	FormatOptions = {DPI=180}
	Get = true
	Height = 1664
	Interpolations = []
	Layers = [org.geoserver.wms.MapLayerInfo@349ab7]
	MaxFeatures = null
	Palette = null
	RawKvp = {FORMAT=image/png, CRS=EPSG:3857, STYLES=, WIDTH=1060, HEIGHT=1664, LAYERS=gis:poi, TILED=true, REQUEST=GetMap, FORMAT_OPTIONS=dpi:180, BBOX=5611481.8586807465,7214909.072014524,5623297.604599177,7233457.563720437, VERSION=1.3.0, SERVICE=WMS, TRANSPARENT=TRUE}
	RemoteOwsType = null
	RemoteOwsURL = null
	Request = GetMap
	RequestCharset = UTF-8
	ScaleMethod = null
	Sld = null
	SldBody = null
	SldVersion = null
	SortBy = null
	SortByArrays = null
	SRS = urn:ogc:def:crs:EPSG::3857
	StartIndex = null
	StyleBody = null
	StyleFormat = sld
	Styles = [StyleImpl[ name=point]]
	StyleUrl = null
	StyleVersion = null
	Tiled = true
	TilesOrigin = null
	Time = []
	Transparent = true
	ValidateSchema = false
	Version = 1.3.0
	ViewParams = null
	Width = 1060
20 Apr 19:58:14 INFO   [geoserver.flow] - releasing flow controllers for [WMS 1.3.0 GetMap]
20 Apr 19:58:14 INFO   [geoserver.flow] - Request completed, running requests: 2, blocked requests: 0
20 Apr 19:58:14 INFO   [geoserver.flow] - releasing flow controllers for [WMS 1.3.0 GetMap]
20 Apr 19:58:14 INFO   [geoserver.flow] - Request completed, running requests: 1, blocked requests: 0
20 Apr 19:58:15 INFO   [geoserver.wms] - 
Request: getMap
	Angle = 0.0
	BaseUrl = http://localhost:8080/geoserver/
	Bbox = SRSEnvelope[5611481.8586807465 : 5623297.604599177, 7214909.072014524 : 7233457.563720437]
	BgColor = java.awt.Color[r=255,g=255,b=255]
	Buffer = 0
	Clip = null
	CQLFilter = null
	Crs = PROJCS["WGS 84 / Pseudo-Mercator", 
  GEOGCS["WGS 84", 
    DATUM["World Geodetic System 1984", 
      SPHEROID["WGS 84", 6378137.0, 298.257223563, AUTHORITY["EPSG","7030"]], 
      AUTHORITY["EPSG","6326"]], 
    PRIMEM["Greenwich", 0.0, AUTHORITY["EPSG","8901"]], 
    UNIT["degree", 0.017453292519943295], 
    AXIS["Geodetic latitude", NORTH], 
    AXIS["Geodetic longitude", EAST], 
    AUTHORITY["EPSG","4326"]], 
  PROJECTION["Popular Visualisation Pseudo Mercator", AUTHORITY["EPSG","1024"]], 
  PARAMETER["semi_minor", 6378137.0], 
  PARAMETER["latitude_of_origin", 0.0], 
  PARAMETER["central_meridian", 0.0], 
  PARAMETER["scale_factor", 1.0], 
  PARAMETER["false_easting", 0.0], 
  PARAMETER["false_northing", 0.0], 
  UNIT["m", 1.0], 
  AXIS["Easting", EAST], 
  AXIS["Northing", NORTH], 
  AUTHORITY["EPSG","3857"]]
	Elevation = []
	Env = {}
	Exceptions = SE_XML
	FeatureId = null
	FeatureVersion = null
	Filter = null
	Format = image/png
	FormatOptions = {DPI=180}
	Get = true
	Height = 1664
	Interpolations = []
	Layers = [org.geoserver.wms.MapLayerInfo@c8d248ce]
	MaxFeatures = null
	Palette = null
	RawKvp = {FORMAT=image/png, CRS=EPSG:3857, STYLES=, WIDTH=1060, HEIGHT=1664, LAYERS=gis:roads, TILED=true, REQUEST=GetMap, FORMAT_OPTIONS=dpi:180, BBOX=5611481.8586807465,7214909.072014524,5623297.604599177,7233457.563720437, VERSION=1.3.0, SERVICE=WMS, TRANSPARENT=TRUE}
	RemoteOwsType = null
	RemoteOwsURL = null
	Request = GetMap
	RequestCharset = UTF-8
	ScaleMethod = null
	Sld = null
	SldBody = null
	SldVersion = null
	SortBy = null
	SortByArrays = null
	SRS = urn:ogc:def:crs:EPSG::3857
	StartIndex = null
	StyleBody = null
	StyleFormat = sld
	Styles = [StyleImpl[ name=line]]
	StyleUrl = null
	StyleVersion = null
	Tiled = true
	TilesOrigin = null
	Time = []
	Transparent = true
	ValidateSchema = false
	Version = 1.3.0
	ViewParams = null
	Width = 1060
20 Apr 19:58:15 INFO   [geoserver.flow] - releasing flow controllers for [WMS 1.3.0 GetMap]
20 Apr 19:58:15 INFO   [geoserver.flow] - Request completed, running requests: 0, blocked requests: 0
20 Apr 19:58:16 INFO   [geoserver.wms] - 
Request: getServiceInfo
20 Apr 19:58:16 INFO   [geoserver.wms] - 
Request: getServiceInfo
20 Apr 19:58:16 INFO   [geoserver.wms] - 
Request: getServiceInfo
20 Apr 19:58:16 INFO   [geoserver.flow] - Request [WMS 1.3.0 GetMap] starting, processing through flow controllers
20 Apr 19:58:16 INFO   [geoserver.flow] - Request control-flow performed, running requests: 1, blocked requests: 1
20 Apr 19:58:16 INFO   [geoserver.flow] - Request [WMS 1.3.0 GetMap] starting, processing through flow controllers
20 Apr 19:58:16 INFO   [geoserver.flow] - Request control-flow performed, running requests: 2, blocked requests: 0
20 Apr 19:58:16 INFO   [geoserver.flow] - Request [WMS 1.3.0 GetMap] starting, processing through flow controllers
20 Apr 19:58:16 INFO   [geoserver.flow] - Request control-flow performed, running requests: 3, blocked requests: 0
20 Apr 19:58:16 INFO   [geoserver.wms] - 
Request: getMap
	Angle = 0.0
	BaseUrl = http://localhost:8080/geoserver/
	Bbox = SRSEnvelope[5614761.542648358 : 5622083.489648363, 7219189.905605819 : 7230683.980896391]
	BgColor = java.awt.Color[r=255,g=255,b=255]
	Buffer = 0
	Clip = null
	CQLFilter = null
	Crs = PROJCS["WGS 84 / Pseudo-Mercator", 
  GEOGCS["WGS 84", 
    DATUM["World Geodetic System 1984", 
      SPHEROID["WGS 84", 6378137.0, 298.257223563, AUTHORITY["EPSG","7030"]], 
      AUTHORITY["EPSG","6326"]], 
    PRIMEM["Greenwich", 0.0, AUTHORITY["EPSG","8901"]], 
    UNIT["degree", 0.017453292519943295], 
    AXIS["Geodetic latitude", NORTH], 
    AXIS["Geodetic longitude", EAST], 
    AUTHORITY["EPSG","4326"]], 
  PROJECTION["Popular Visualisation Pseudo Mercator", AUTHORITY["EPSG","1024"]], 
  PARAMETER["semi_minor", 6378137.0], 
  PARAMETER["latitude_of_origin", 0.0], 
  PARAMETER["central_meridian", 0.0], 
  PARAMETER["scale_factor", 1.0], 
  PARAMETER["false_easting", 0.0], 
  PARAMETER["false_northing", 0.0], 
  UNIT["m", 1.0], 
  AXIS["Easting", EAST], 
  AXIS["Northing", NORTH], 
  AUTHORITY["EPSG","3857"]]
	Elevation = []
	Env = {}
	Exceptions = SE_XML
	FeatureId = null
	FeatureVersion = null
	Filter = null
	Format = image/png
	FormatOptions = {DPI=180}
	Get = true
	Height = 1664
	Interpolations = []
	Layers = [org.geoserver.wms.MapLayerInfo@e4804762]
	MaxFeatures = null
	Palette = null
	RawKvp = {FORMAT=image/png, CRS=EPSG:3857, STYLES=, WIDTH=1060, HEIGHT=1664, LAYERS=gis:buildings, TILED=true, REQUEST=GetMap, FORMAT_OPTIONS=dpi:180, BBOX=5614761.542648358,7219189.905605819,5622083.489648363,7230683.980896391, VERSION=1.3.0, SERVICE=WMS, TRANSPARENT=TRUE}
	RemoteOwsType = null
	RemoteOwsURL = null
	Request = GetMap
	RequestCharset = UTF-8
	ScaleMethod = null
	Sld = null
	SldBody = null
	SldVersion = null
	SortBy = null
	SortByArrays = null
	SRS = urn:ogc:def:crs:EPSG::3857
	StartIndex = null
	StyleBody = null
	StyleFormat = sld
	Styles = [StyleImpl[ name=polygon]]
	StyleUrl = null
	StyleVersion = null
	Tiled = true
	TilesOrigin = null
	Time = []
	Transparent = true
	ValidateSchema = false
	Version = 1.3.0
	ViewParams = null
	Width = 1060
20 Apr 19:58:16 INFO   [geoserver.wms] - 
Request: getMap
	Angle = 0.0
	BaseUrl = http://localhost:8080/geoserver/
	Bbox = SRSEnvelope[5614761.542648358 : 5622083.489648363, 7219189.905605819 : 7230683.980896391]
	BgColor = java.awt.Color[r=255,g=255,b=255]
	Buffer = 0
	Clip = null
	CQLFilter = null
	Crs = PROJCS["WGS 84 / Pseudo-Mercator", 
  GEOGCS["WGS 84", 
    DATUM["World Geodetic System 1984", 
      SPHEROID["WGS 84", 6378137.0, 298.257223563, AUTHORITY["EPSG","7030"]], 
      AUTHORITY["EPSG","6326"]], 
    PRIMEM["Greenwich", 0.0, AUTHORITY["EPSG","8901"]], 
    UNIT["degree", 0.017453292519943295], 
    AXIS["Geodetic latitude", NORTH], 
    AXIS["Geodetic longitude", EAST], 
    AUTHORITY["EPSG","4326"]], 
  PROJECTION["Popular Visualisation Pseudo Mercator", AUTHORITY["EPSG","1024"]], 
  PARAMETER["semi_minor", 6378137.0], 
  PARAMETER["latitude_of_origin", 0.0], 
  PARAMETER["central_meridian", 0.0], 
  PARAMETER["scale_factor", 1.0], 
  PARAMETER["false_easting", 0.0], 
  PARAMETER["false_northing", 0.0], 
  UNIT["m", 1.0], 
  AXIS["Easting", EAST], 
  AXIS["Northing", NORTH], 
  AUTHORITY["EPSG","3857"]]
	Elevation = []
	Env = {}
	Exceptions = SE_XML
	FeatureId = null
	FeatureVersion = null
	Filter = null
	Format = image/png
	FormatOptions = {DPI=180}
	Get = true
	Height = 1664
	Interpolations = []
	Layers = [org.geoserver.wms.MapLayerInfo@349ab7]
	MaxFeatures = null
	Palette = null
	RawKvp = {FORMAT=image/png, CRS=EPSG:3857, STYLES=, WIDTH=1060, HEIGHT=1664, LAYERS=gis:poi, TILED=true, REQUEST=GetMap, FORMAT_OPTIONS=dpi:180, BBOX=5614761.542648358,7219189.905605819,5622083.489648363,7230683.980896391, VERSION=1.3.0, SERVICE=WMS, TRANSPARENT=TRUE}
	RemoteOwsType = null
	RemoteOwsURL = null
	Request = GetMap
	RequestCharset = UTF-8
	ScaleMethod = null
	Sld = null
	SldBody = null
	SldVersion = null
	SortBy = null
	SortByArrays = null
	SRS = urn:ogc:def:crs:EPSG::3857
	StartIndex = null
	StyleBody = null
	StyleFormat = sld
	Styles = [StyleImpl[ name=point]]
	StyleUrl = null
	StyleVersion = null
	Tiled = true
	TilesOrigin = null
	Time = []
	Transparent = true
	ValidateSchema = false
	Version = 1.3.0
	ViewParams = null
	Width = 1060
20 Apr 19:58:16 INFO   [geoserver.wms] - 
Request: getMap
	Angle = 0.0
	BaseUrl = http://localhost:8080/geoserver/
	Bbox = SRSEnvelope[5614761.542648358 : 5622083.489648363, 7219189.905605819 : 7230683.980896391]
	BgColor = java.awt.Color[r=255,g=255,b=255]
	Buffer = 0
	Clip = null
	CQLFilter = null
	Crs = PROJCS["WGS 84 / Pseudo-Mercator", 
  GEOGCS["WGS 84", 
    DATUM["World Geodetic System 1984", 
      SPHEROID["WGS 84", 6378137.0, 298.257223563, AUTHORITY["EPSG","7030"]], 
      AUTHORITY["EPSG","6326"]], 
    PRIMEM["Greenwich", 0.0, AUTHORITY["EPSG","8901"]], 
    UNIT["degree", 0.017453292519943295], 
    AXIS["Geodetic latitude", NORTH], 
    AXIS["Geodetic longitude", EAST], 
    AUTHORITY["EPSG","4326"]], 
  PROJECTION["Popular Visualisation Pseudo Mercator", AUTHORITY["EPSG","1024"]], 
  PARAMETER["semi_minor", 6378137.0], 
  PARAMETER["latitude_of_origin", 0.0], 
  PARAMETER["central_meridian", 0.0], 
  PARAMETER["scale_factor", 1.0], 
  PARAMETER["false_easting", 0.0], 
  PARAMETER["false_northing", 0.0], 
  UNIT["m", 1.0], 
  AXIS["Easting", EAST], 
  AXIS["Northing", NORTH], 
  AUTHORITY["EPSG","3857"]]
	Elevation = []
	Env = {}
	Exceptions = SE_XML
	FeatureId = null
	FeatureVersion = null
	Filter = null
	Format = image/png
	FormatOptions = {DPI=180}
	Get = true
	Height = 1664
	Interpolations = []
	Layers = [org.geoserver.wms.MapLayerInfo@c8d248ce]
	MaxFeatures = null
	Palette = null
	RawKvp = {FORMAT=image/png, CRS=EPSG:3857, STYLES=, WIDTH=1060, HEIGHT=1664, LAYERS=gis:roads, TILED=true, REQUEST=GetMap, FORMAT_OPTIONS=dpi:180, BBOX=5614761.542648358,7219189.905605819,5622083.489648363,7230683.980896391, VERSION=1.3.0, SERVICE=WMS, TRANSPARENT=TRUE}
	RemoteOwsType = null
	RemoteOwsURL = null
	Request = GetMap
	RequestCharset = UTF-8
	ScaleMethod = null
	Sld = null
	SldBody = null
	SldVersion = null
	SortBy = null
	SortByArrays = null
	SRS = urn:ogc:def:crs:EPSG::3857
	StartIndex = null
	StyleBody = null
	StyleFormat = sld
	Styles = [StyleImpl[ name=line]]
	StyleUrl = null
	StyleVersion = null
	Tiled = true
	TilesOrigin = null
	Time = []
	Transparent = true
	ValidateSchema = false
	Version = 1.3.0
	ViewParams = null
	Width = 1060
20 Apr 19:58:16 INFO   [geoserver.flow] - releasing flow controllers for [WMS 1.3.0 GetMap]
20 Apr 19:58:16 INFO   [geoserver.flow] - Request completed, running requests: 2, blocked requests: 0
20 Apr 19:58:16 INFO   [geoserver.flow] - releasing flow controllers for [WMS 1.3.0 GetMap]
20 Apr 19:58:16 INFO   [geoserver.flow] - Request completed, running requests: 1, blocked requests: 0
20 Apr 19:58:16 INFO   [geoserver.flow] - releasing flow controllers for [WMS 1.3.0 GetMap]
20 Apr 19:58:16 INFO   [geoserver.flow] - Request completed, running requests: 0, blocked requests: 0
20 Apr 19:58:16 INFO   [geoserver.wms] - 
Request: getServiceInfo
20 Apr 19:58:16 INFO   [geoserver.wms] - 
Request: getServiceInfo
20 Apr 19:58:16 INFO   [geoserver.wms] - 
Request: getServiceInfo
20 Apr 19:58:16 INFO   [geoserver.flow] - Request [WMS 1.3.0 GetMap] starting, processing through flow controllers
20 Apr 19:58:16 INFO   [geoserver.flow] - Request [WMS 1.3.0 GetMap] starting, processing through flow controllers
20 Apr 19:58:16 INFO   [geoserver.flow] - Request control-flow performed, running requests: 1, blocked requests: 1
20 Apr 19:58:16 INFO   [geoserver.flow] - Request control-flow performed, running requests: 2, blocked requests: 0
20 Apr 19:58:16 INFO   [geoserver.flow] - Request [WMS 1.3.0 GetMap] starting, processing through flow controllers
20 Apr 19:58:16 INFO   [geoserver.flow] - Request control-flow performed, running requests: 3, blocked requests: 0
20 Apr 19:58:16 INFO   [geoserver.wms] - 
Request: getMap
	Angle = 0.0
	BaseUrl = http://localhost:8080/geoserver/
	Bbox = SRSEnvelope[5617750.301109918 : 5620553.045180733, 7222788.214353211 : 7227187.993724754]
	BgColor = java.awt.Color[r=255,g=255,b=255]
	Buffer = 0
	Clip = null
	CQLFilter = null
	Crs = PROJCS["WGS 84 / Pseudo-Mercator", 
  GEOGCS["WGS 84", 
    DATUM["World Geodetic System 1984", 
      SPHEROID["WGS 84", 6378137.0, 298.257223563, AUTHORITY["EPSG","7030"]], 
      AUTHORITY["EPSG","6326"]], 
    PRIMEM["Greenwich", 0.0, AUTHORITY["EPSG","8901"]], 
    UNIT["degree", 0.017453292519943295], 
    AXIS["Geodetic latitude", NORTH], 
    AXIS["Geodetic longitude", EAST], 
    AUTHORITY["EPSG","4326"]], 
  PROJECTION["Popular Visualisation Pseudo Mercator", AUTHORITY["EPSG","1024"]], 
  PARAMETER["semi_minor", 6378137.0], 
  PARAMETER["latitude_of_origin", 0.0], 
  PARAMETER["central_meridian", 0.0], 
  PARAMETER["scale_factor", 1.0], 
  PARAMETER["false_easting", 0.0], 
  PARAMETER["false_northing", 0.0], 
  UNIT["m", 1.0], 
  AXIS["Easting", EAST], 
  AXIS["Northing", NORTH], 
  AUTHORITY["EPSG","3857"]]
	Elevation = []
	Env = {}
	Exceptions = SE_XML
	FeatureId = null
	FeatureVersion = null
	Filter = null
	Format = image/png
	FormatOptions = {DPI=180}
	Get = true
	Height = 1664
	Interpolations = []
	Layers = [org.geoserver.wms.MapLayerInfo@349ab7]
	MaxFeatures = null
	Palette = null
	RawKvp = {FORMAT=image/png, CRS=EPSG:3857, STYLES=, WIDTH=1060, HEIGHT=1664, LAYERS=gis:poi, TILED=true, REQUEST=GetMap, FORMAT_OPTIONS=dpi:180, BBOX=5617750.301109918,7222788.214353211,5620553.045180733,7227187.993724754, VERSION=1.3.0, SERVICE=WMS, TRANSPARENT=TRUE}
	RemoteOwsType = null
	RemoteOwsURL = null
	Request = GetMap
	RequestCharset = UTF-8
	ScaleMethod = null
	Sld = null
	SldBody = null
	SldVersion = null
	SortBy = null
	SortByArrays = null
	SRS = urn:ogc:def:crs:EPSG::3857
	StartIndex = null
	StyleBody = null
	StyleFormat = sld
	Styles = [StyleImpl[ name=point]]
	StyleUrl = null
	StyleVersion = null
	Tiled = true
	TilesOrigin = null
	Time = []
	Transparent = true
	ValidateSchema = false
	Version = 1.3.0
	ViewParams = null
	Width = 1060
20 Apr 19:58:16 INFO   [geoserver.wms] - 
Request: getMap
	Angle = 0.0
	BaseUrl = http://localhost:8080/geoserver/
	Bbox = SRSEnvelope[5617750.301109918 : 5620553.045180733, 7222788.214353211 : 7227187.993724754]
	BgColor = java.awt.Color[r=255,g=255,b=255]
	Buffer = 0
	Clip = null
	CQLFilter = null
	Crs = PROJCS["WGS 84 / Pseudo-Mercator", 
  GEOGCS["WGS 84", 
    DATUM["World Geodetic System 1984", 
      SPHEROID["WGS 84", 6378137.0, 298.257223563, AUTHORITY["EPSG","7030"]], 
      AUTHORITY["EPSG","6326"]], 
    PRIMEM["Greenwich", 0.0, AUTHORITY["EPSG","8901"]], 
    UNIT["degree", 0.017453292519943295], 
    AXIS["Geodetic latitude", NORTH], 
    AXIS["Geodetic longitude", EAST], 
    AUTHORITY["EPSG","4326"]], 
  PROJECTION["Popular Visualisation Pseudo Mercator", AUTHORITY["EPSG","1024"]], 
  PARAMETER["semi_minor", 6378137.0], 
  PARAMETER["latitude_of_origin", 0.0], 
  PARAMETER["central_meridian", 0.0], 
  PARAMETER["scale_factor", 1.0], 
  PARAMETER["false_easting", 0.0], 
  PARAMETER["false_northing", 0.0], 
  UNIT["m", 1.0], 
  AXIS["Easting", EAST], 
  AXIS["Northing", NORTH], 
  AUTHORITY["EPSG","3857"]]
	Elevation = []
	Env = {}
	Exceptions = SE_XML
	FeatureId = null
	FeatureVersion = null
	Filter = null
	Format = image/png
	FormatOptions = {DPI=180}
	Get = true
	Height = 1664
	Interpolations = []
	Layers = [org.geoserver.wms.MapLayerInfo@c8d248ce]
	MaxFeatures = null
	Palette = null
	RawKvp = {FORMAT=image/png, CRS=EPSG:3857, STYLES=, WIDTH=1060, HEIGHT=1664, LAYERS=gis:roads, TILED=true, REQUEST=GetMap, FORMAT_OPTIONS=dpi:180, BBOX=5617750.301109918,7222788.214353211,5620553.045180733,7227187.993724754, VERSION=1.3.0, SERVICE=WMS, TRANSPARENT=TRUE}
	RemoteOwsType = null
	RemoteOwsURL = null
	Request = GetMap
	RequestCharset = UTF-8
	ScaleMethod = null
	Sld = null
	SldBody = null
	SldVersion = null
	SortBy = null
	SortByArrays = null
	SRS = urn:ogc:def:crs:EPSG::3857
	StartIndex = null
	StyleBody = null
	StyleFormat = sld
	Styles = [StyleImpl[ name=line]]
	StyleUrl = null
	StyleVersion = null
	Tiled = true
	TilesOrigin = null
	Time = []
	Transparent = true
	ValidateSchema = false
	Version = 1.3.0
	ViewParams = null
	Width = 1060
20 Apr 19:58:16 INFO   [geoserver.wms] - 
Request: getMap
	Angle = 0.0
	BaseUrl = http://localhost:8080/geoserver/
	Bbox = SRSEnvelope[5617750.301109918 : 5620553.045180733, 7222788.214353211 : 7227187.993724754]
	BgColor = java.awt.Color[r=255,g=255,b=255]
	Buffer = 0
	Clip = null
	CQLFilter = null
	Crs = PROJCS["WGS 84 / Pseudo-Mercator", 
  GEOGCS["WGS 84", 
    DATUM["World Geodetic System 1984", 
      SPHEROID["WGS 84", 6378137.0, 298.257223563, AUTHORITY["EPSG","7030"]], 
      AUTHORITY["EPSG","6326"]], 
    PRIMEM["Greenwich", 0.0, AUTHORITY["EPSG","8901"]], 
    UNIT["degree", 0.017453292519943295], 
    AXIS["Geodetic latitude", NORTH], 
    AXIS["Geodetic longitude", EAST], 
    AUTHORITY["EPSG","4326"]], 
  PROJECTION["Popular Visualisation Pseudo Mercator", AUTHORITY["EPSG","1024"]], 
  PARAMETER["semi_minor", 6378137.0], 
  PARAMETER["latitude_of_origin", 0.0], 
  PARAMETER["central_meridian", 0.0], 
  PARAMETER["scale_factor", 1.0], 
  PARAMETER["false_easting", 0.0], 
  PARAMETER["false_northing", 0.0], 
  UNIT["m", 1.0], 
  AXIS["Easting", EAST], 
  AXIS["Northing", NORTH], 
  AUTHORITY["EPSG","3857"]]
	Elevation = []
	Env = {}
	Exceptions = SE_XML
	FeatureId = null
	FeatureVersion = null
	Filter = null
	Format = image/png
	FormatOptions = {DPI=180}
	Get = true
	Height = 1664
	Interpolations = []
	Layers = [org.geoserver.wms.MapLayerInfo@e4804762]
	MaxFeatures = null
	Palette = null
	RawKvp = {FORMAT=image/png, CRS=EPSG:3857, STYLES=, WIDTH=1060, HEIGHT=1664, LAYERS=gis:buildings, TILED=true, REQUEST=GetMap, FORMAT_OPTIONS=dpi:180, BBOX=5617750.301109918,7222788.214353211,5620553.045180733,7227187.993724754, VERSION=1.3.0, SERVICE=WMS, TRANSPARENT=TRUE}
	RemoteOwsType = null
	RemoteOwsURL = null
	Request = GetMap
	RequestCharset = UTF-8
	ScaleMethod = null
	Sld = null
	SldBody = null
	SldVersion = null
	SortBy = null
	SortByArrays = null
	SRS = urn:ogc:def:crs:EPSG::3857
	StartIndex = null
	StyleBody = null
	StyleFormat = sld
	Styles = [StyleImpl[ name=polygon]]
	StyleUrl = null
	StyleVersion = null
	Tiled = true
	TilesOrigin = null
	Time = []
	Transparent = true
	ValidateSchema = false
	Version = 1.3.0
	ViewParams = null
	Width = 1060
20 Apr 19:58:16 INFO   [geoserver.flow] - releasing flow controllers for [WMS 1.3.0 GetMap]
20 Apr 19:58:16 INFO   [geoserver.flow] - Request completed, running requests: 2, blocked requests: 0
20 Apr 19:58:16 INFO   [geoserver.flow] - releasing flow controllers for [WMS 1.3.0 GetMap]
20 Apr 19:58:16 INFO   [geoserver.flow] - Request completed, running requests: 1, blocked requests: 0
20 Apr 19:58:16 INFO   [geoserver.flow] - releasing flow controllers for [WMS 1.3.0 GetMap]
20 Apr 19:58:16 INFO   [geoserver.flow] - Request completed, running requests: 0, blocked requests: 0
20 Apr 19:58:18 INFO   [geoserver.wms] - 
Request: getServiceInfo
20 Apr 19:58:18 INFO   [geoserver.wms] - 
Request: getServiceInfo
20 Apr 19:58:18 INFO   [geoserver.wms] - 
Request: getServiceInfo
20 Apr 19:58:18 INFO   [geoserver.flow] - Request [WMS 1.3.0 GetMap] starting, processing through flow controllers
20 Apr 19:58:18 INFO   [geoserver.flow] - Request [WMS 1.3.0 GetMap] starting, processing through flow controllers
20 Apr 19:58:18 INFO   [geoserver.flow] - Request control-flow performed, running requests: 1, blocked requests: 2
20 Apr 19:58:18 INFO   [geoserver.flow] - Request control-flow performed, running requests: 2, blocked requests: 1
20 Apr 19:58:18 INFO   [geoserver.flow] - Request [WMS 1.3.0 GetMap] starting, processing through flow controllers
20 Apr 19:58:18 INFO   [geoserver.flow] - Request control-flow performed, running requests: 3, blocked requests: 0
20 Apr 19:58:18 INFO   [geoserver.wms] - 
Request: getMap
	Angle = 0.0
	BaseUrl = http://localhost:8080/geoserver/
	Bbox = SRSEnvelope[5617712.262722774 : 5620515.006793589, 7222934.338152955 : 7227334.117524498]
	BgColor = java.awt.Color[r=255,g=255,b=255]
	Buffer = 0
	Clip = null
	CQLFilter = null
	Crs = PROJCS["WGS 84 / Pseudo-Mercator", 
  GEOGCS["WGS 84", 
    DATUM["World Geodetic System 1984", 
      SPHEROID["WGS 84", 6378137.0, 298.257223563, AUTHORITY["EPSG","7030"]], 
      AUTHORITY["EPSG","6326"]], 
    PRIMEM["Greenwich", 0.0, AUTHORITY["EPSG","8901"]], 
    UNIT["degree", 0.017453292519943295], 
    AXIS["Geodetic latitude", NORTH], 
    AXIS["Geodetic longitude", EAST], 
    AUTHORITY["EPSG","4326"]], 
  PROJECTION["Popular Visualisation Pseudo Mercator", AUTHORITY["EPSG","1024"]], 
  PARAMETER["semi_minor", 6378137.0], 
  PARAMETER["latitude_of_origin", 0.0], 
  PARAMETER["central_meridian", 0.0], 
  PARAMETER["scale_factor", 1.0], 
  PARAMETER["false_easting", 0.0], 
  PARAMETER["false_northing", 0.0], 
  UNIT["m", 1.0], 
  AXIS["Easting", EAST], 
  AXIS["Northing", NORTH], 
  AUTHORITY["EPSG","3857"]]
	Elevation = []
	Env = {}
	Exceptions = SE_XML
	FeatureId = null
	FeatureVersion = null
	Filter = null
	Format = image/png
	FormatOptions = {DPI=180}
	Get = true
	Height = 1664
	Interpolations = []
	Layers = [org.geoserver.wms.MapLayerInfo@e4804762]
	MaxFeatures = null
	Palette = null
	RawKvp = {FORMAT=image/png, CRS=EPSG:3857, STYLES=, WIDTH=1060, HEIGHT=1664, LAYERS=gis:buildings, TILED=true, REQUEST=GetMap, FORMAT_OPTIONS=dpi:180, BBOX=5617712.262722774,7222934.338152955,5620515.006793589,7227334.117524498, VERSION=1.3.0, SERVICE=WMS, TRANSPARENT=TRUE}
	RemoteOwsType = null
	RemoteOwsURL = null
	Request = GetMap
	RequestCharset = UTF-8
	ScaleMethod = null
	Sld = null
	SldBody = null
	SldVersion = null
	SortBy = null
	SortByArrays = null
	SRS = urn:ogc:def:crs:EPSG::3857
	StartIndex = null
	StyleBody = null
	StyleFormat = sld
	Styles = [StyleImpl[ name=polygon]]
	StyleUrl = null
	StyleVersion = null
	Tiled = true
	TilesOrigin = null
	Time = []
	Transparent = true
	ValidateSchema = false
	Version = 1.3.0
	ViewParams = null
	Width = 1060
20 Apr 19:58:18 INFO   [geoserver.wms] - 
Request: getMap
	Angle = 0.0
	BaseUrl = http://localhost:8080/geoserver/
	Bbox = SRSEnvelope[5617712.262722774 : 5620515.006793589, 7222934.338152955 : 7227334.117524498]
	BgColor = java.awt.Color[r=255,g=255,b=255]
	Buffer = 0
	Clip = null
	CQLFilter = null
	Crs = PROJCS["WGS 84 / Pseudo-Mercator", 
  GEOGCS["WGS 84", 
    DATUM["World Geodetic System 1984", 
      SPHEROID["WGS 84", 6378137.0, 298.257223563, AUTHORITY["EPSG","7030"]], 
      AUTHORITY["EPSG","6326"]], 
    PRIMEM["Greenwich", 0.0, AUTHORITY["EPSG","8901"]], 
    UNIT["degree", 0.017453292519943295], 
    AXIS["Geodetic latitude", NORTH], 
    AXIS["Geodetic longitude", EAST], 
    AUTHORITY["EPSG","4326"]], 
  PROJECTION["Popular Visualisation Pseudo Mercator", AUTHORITY["EPSG","1024"]], 
  PARAMETER["semi_minor", 6378137.0], 
  PARAMETER["latitude_of_origin", 0.0], 
  PARAMETER["central_meridian", 0.0], 
  PARAMETER["scale_factor", 1.0], 
  PARAMETER["false_easting", 0.0], 
  PARAMETER["false_northing", 0.0], 
  UNIT["m", 1.0], 
  AXIS["Easting", EAST], 
  AXIS["Northing", NORTH], 
  AUTHORITY["EPSG","3857"]]
	Elevation = []
	Env = {}
	Exceptions = SE_XML
	FeatureId = null
	FeatureVersion = null
	Filter = null
	Format = image/png
	FormatOptions = {DPI=180}
	Get = true
	Height = 1664
	Interpolations = []
	Layers = [org.geoserver.wms.MapLayerInfo@c8d248ce]
	MaxFeatures = null
	Palette = null
	RawKvp = {FORMAT=image/png, CRS=EPSG:3857, STYLES=, WIDTH=1060, HEIGHT=1664, LAYERS=gis:roads, TILED=true, REQUEST=GetMap, FORMAT_OPTIONS=dpi:180, BBOX=5617712.262722774,7222934.338152955,5620515.006793589,7227334.117524498, VERSION=1.3.0, SERVICE=WMS, TRANSPARENT=TRUE}
	RemoteOwsType = null
	RemoteOwsURL = null
	Request = GetMap
	RequestCharset = UTF-8
	ScaleMethod = null
	Sld = null
	SldBody = null
	SldVersion = null
	SortBy = null
	SortByArrays = null
	SRS = urn:ogc:def:crs:EPSG::3857
	StartIndex = null
	StyleBody = null
	StyleFormat = sld
	Styles = [StyleImpl[ name=line]]
	StyleUrl = null
	StyleVersion = null
	Tiled = true
	TilesOrigin = null
	Time = []
	Transparent = true
	ValidateSchema = false
	Version = 1.3.0
	ViewParams = null
	Width = 1060
20 Apr 19:58:18 INFO   [geoserver.wms] - 
Request: getMap
	Angle = 0.0
	BaseUrl = http://localhost:8080/geoserver/
	Bbox = SRSEnvelope[5617712.262722774 : 5620515.006793589, 7222934.338152955 : 7227334.117524498]
	BgColor = java.awt.Color[r=255,g=255,b=255]
	Buffer = 0
	Clip = null
	CQLFilter = null
	Crs = PROJCS["WGS 84 / Pseudo-Mercator", 
  GEOGCS["WGS 84", 
    DATUM["World Geodetic System 1984", 
      SPHEROID["WGS 84", 6378137.0, 298.257223563, AUTHORITY["EPSG","7030"]], 
      AUTHORITY["EPSG","6326"]], 
    PRIMEM["Greenwich", 0.0, AUTHORITY["EPSG","8901"]], 
    UNIT["degree", 0.017453292519943295], 
    AXIS["Geodetic latitude", NORTH], 
    AXIS["Geodetic longitude", EAST], 
    AUTHORITY["EPSG","4326"]], 
  PROJECTION["Popular Visualisation Pseudo Mercator", AUTHORITY["EPSG","1024"]], 
  PARAMETER["semi_minor", 6378137.0], 
  PARAMETER["latitude_of_origin", 0.0], 
  PARAMETER["central_meridian", 0.0], 
  PARAMETER["scale_factor", 1.0], 
  PARAMETER["false_easting", 0.0], 
  PARAMETER["false_northing", 0.0], 
  UNIT["m", 1.0], 
  AXIS["Easting", EAST], 
  AXIS["Northing", NORTH], 
  AUTHORITY["EPSG","3857"]]
	Elevation = []
	Env = {}
	Exceptions = SE_XML
	FeatureId = null
	FeatureVersion = null
	Filter = null
	Format = image/png
	FormatOptions = {DPI=180}
	Get = true
	Height = 1664
	Interpolations = []
	Layers = [org.geoserver.wms.MapLayerInfo@349ab7]
	MaxFeatures = null
	Palette = null
	RawKvp = {FORMAT=image/png, CRS=EPSG:3857, STYLES=, WIDTH=1060, HEIGHT=1664, LAYERS=gis:poi, TILED=true, REQUEST=GetMap, FORMAT_OPTIONS=dpi:180, BBOX=5617712.262722774,7222934.338152955,5620515.006793589,7227334.117524498, VERSION=1.3.0, SERVICE=WMS, TRANSPARENT=TRUE}
	RemoteOwsType = null
	RemoteOwsURL = null
	Request = GetMap
	RequestCharset = UTF-8
	ScaleMethod = null
	Sld = null
	SldBody = null
	SldVersion = null
	SortBy = null
	SortByArrays = null
	SRS = urn:ogc:def:crs:EPSG::3857
	StartIndex = null
	StyleBody = null
	StyleFormat = sld
	Styles = [StyleImpl[ name=point]]
	StyleUrl = null
	StyleVersion = null
	Tiled = true
	TilesOrigin = null
	Time = []
	Transparent = true
	ValidateSchema = false
	Version = 1.3.0
	ViewParams = null
	Width = 1060
20 Apr 19:58:18 INFO   [geoserver.flow] - releasing flow controllers for [WMS 1.3.0 GetMap]
20 Apr 19:58:18 INFO   [geoserver.flow] - Request completed, running requests: 2, blocked requests: 0
20 Apr 19:58:18 INFO   [geoserver.flow] - releasing flow controllers for [WMS 1.3.0 GetMap]
20 Apr 19:58:18 INFO   [geoserver.flow] - Request completed, running requests: 1, blocked requests: 0
20 Apr 19:58:18 INFO   [geoserver.flow] - releasing flow controllers for [WMS 1.3.0 GetMap]
20 Apr 19:58:18 INFO   [geoserver.flow] - Request completed, running requests: 0, blocked requests: 0
20 Apr 19:59:01 INFO   [geoserver.wms] - 
Request: getServiceInfo
20 Apr 19:59:01 INFO   [geoserver.wms] - 
Request: getServiceInfo
20 Apr 19:59:01 INFO   [geoserver.wms] - 
Request: getServiceInfo
20 Apr 19:59:01 INFO   [geoserver.flow] - Request [WMS 1.3.0 GetMap] starting, processing through flow controllers
20 Apr 19:59:01 INFO   [geoserver.flow] - Request control-flow performed, running requests: 1, blocked requests: 0
20 Apr 19:59:01 INFO   [geoserver.flow] - Request [WMS 1.3.0 GetMap] starting, processing through flow controllers
20 Apr 19:59:01 INFO   [geoserver.flow] - Request control-flow performed, running requests: 2, blocked requests: 0
20 Apr 19:59:01 INFO   [geoserver.flow] - Request [WMS 1.3.0 GetMap] starting, processing through flow controllers
20 Apr 19:59:01 INFO   [geoserver.flow] - Request control-flow performed, running requests: 3, blocked requests: 0
20 Apr 19:59:01 INFO   [geoserver.wms] - 
Request: getMap
	Angle = 0.0
	BaseUrl = http://localhost:8080/geoserver/
	Bbox = SRSEnvelope[5617857.688122677 : 5620660.432193492, 7222929.931430244 : 7227329.710801787]
	BgColor = java.awt.Color[r=255,g=255,b=255]
	Buffer = 0
	Clip = null
	CQLFilter = null
	Crs = PROJCS["WGS 84 / Pseudo-Mercator", 
  GEOGCS["WGS 84", 
    DATUM["World Geodetic System 1984", 
      SPHEROID["WGS 84", 6378137.0, 298.257223563, AUTHORITY["EPSG","7030"]], 
      AUTHORITY["EPSG","6326"]], 
    PRIMEM["Greenwich", 0.0, AUTHORITY["EPSG","8901"]], 
    UNIT["degree", 0.017453292519943295], 
    AXIS["Geodetic latitude", NORTH], 
    AXIS["Geodetic longitude", EAST], 
    AUTHORITY["EPSG","4326"]], 
  PROJECTION["Popular Visualisation Pseudo Mercator", AUTHORITY["EPSG","1024"]], 
  PARAMETER["semi_minor", 6378137.0], 
  PARAMETER["latitude_of_origin", 0.0], 
  PARAMETER["central_meridian", 0.0], 
  PARAMETER["scale_factor", 1.0], 
  PARAMETER["false_easting", 0.0], 
  PARAMETER["false_northing", 0.0], 
  UNIT["m", 1.0], 
  AXIS["Easting", EAST], 
  AXIS["Northing", NORTH], 
  AUTHORITY["EPSG","3857"]]
	Elevation = []
	Env = {}
	Exceptions = SE_XML
	FeatureId = null
	FeatureVersion = null
	Filter = null
	Format = image/png
	FormatOptions = {DPI=180}
	Get = true
	Height = 1664
	Interpolations = []
	Layers = [org.geoserver.wms.MapLayerInfo@e4804762]
	MaxFeatures = null
	Palette = null
	RawKvp = {FORMAT=image/png, CRS=EPSG:3857, STYLES=, WIDTH=1060, HEIGHT=1664, LAYERS=gis:buildings, TILED=true, REQUEST=GetMap, FORMAT_OPTIONS=dpi:180, BBOX=5617857.688122677,7222929.931430244,5620660.432193492,7227329.710801787, VERSION=1.3.0, SERVICE=WMS, TRANSPARENT=TRUE}
	RemoteOwsType = null
	RemoteOwsURL = null
	Request = GetMap
	RequestCharset = UTF-8
	ScaleMethod = null
	Sld = null
	SldBody = null
	SldVersion = null
	SortBy = null
	SortByArrays = null
	SRS = urn:ogc:def:crs:EPSG::3857
	StartIndex = null
	StyleBody = null
	StyleFormat = sld
	Styles = [StyleImpl[ name=polygon]]
	StyleUrl = null
	StyleVersion = null
	Tiled = true
	TilesOrigin = null
	Time = []
	Transparent = true
	ValidateSchema = false
	Version = 1.3.0
	ViewParams = null
	Width = 1060
20 Apr 19:59:01 INFO   [geoserver.wms] - 
Request: getMap
	Angle = 0.0
	BaseUrl = http://localhost:8080/geoserver/
	Bbox = SRSEnvelope[5617857.688122677 : 5620660.432193492, 7222929.931430244 : 7227329.710801787]
	BgColor = java.awt.Color[r=255,g=255,b=255]
	Buffer = 0
	Clip = null
	CQLFilter = null
	Crs = PROJCS["WGS 84 / Pseudo-Mercator", 
  GEOGCS["WGS 84", 
    DATUM["World Geodetic System 1984", 
      SPHEROID["WGS 84", 6378137.0, 298.257223563, AUTHORITY["EPSG","7030"]], 
      AUTHORITY["EPSG","6326"]], 
    PRIMEM["Greenwich", 0.0, AUTHORITY["EPSG","8901"]], 
    UNIT["degree", 0.017453292519943295], 
    AXIS["Geodetic latitude", NORTH], 
    AXIS["Geodetic longitude", EAST], 
    AUTHORITY["EPSG","4326"]], 
  PROJECTION["Popular Visualisation Pseudo Mercator", AUTHORITY["EPSG","1024"]], 
  PARAMETER["semi_minor", 6378137.0], 
  PARAMETER["latitude_of_origin", 0.0], 
  PARAMETER["central_meridian", 0.0], 
  PARAMETER["scale_factor", 1.0], 
  PARAMETER["false_easting", 0.0], 
  PARAMETER["false_northing", 0.0], 
  UNIT["m", 1.0], 
  AXIS["Easting", EAST], 
  AXIS["Northing", NORTH], 
  AUTHORITY["EPSG","3857"]]
	Elevation = []
	Env = {}
	Exceptions = SE_XML
	FeatureId = null
	FeatureVersion = null
	Filter = null
	Format = image/png
	FormatOptions = {DPI=180}
	Get = true
	Height = 1664
	Interpolations = []
	Layers = [org.geoserver.wms.MapLayerInfo@349ab7]
	MaxFeatures = null
	Palette = null
	RawKvp = {FORMAT=image/png, CRS=EPSG:3857, STYLES=, WIDTH=1060, HEIGHT=1664, LAYERS=gis:poi, TILED=true, REQUEST=GetMap, FORMAT_OPTIONS=dpi:180, BBOX=5617857.688122677,7222929.931430244,5620660.432193492,7227329.710801787, VERSION=1.3.0, SERVICE=WMS, TRANSPARENT=TRUE}
	RemoteOwsType = null
	RemoteOwsURL = null
	Request = GetMap
	RequestCharset = UTF-8
	ScaleMethod = null
	Sld = null
	SldBody = null
	SldVersion = null
	SortBy = null
	SortByArrays = null
	SRS = urn:ogc:def:crs:EPSG::3857
	StartIndex = null
	StyleBody = null
	StyleFormat = sld
	Styles = [StyleImpl[ name=point]]
	StyleUrl = null
	StyleVersion = null
	Tiled = true
	TilesOrigin = null
	Time = []
	Transparent = true
	ValidateSchema = false
	Version = 1.3.0
	ViewParams = null
	Width = 1060
20 Apr 19:59:01 INFO   [geoserver.wms] - 
Request: getMap
	Angle = 0.0
	BaseUrl = http://localhost:8080/geoserver/
	Bbox = SRSEnvelope[5617857.688122677 : 5620660.432193492, 7222929.931430244 : 7227329.710801787]
	BgColor = java.awt.Color[r=255,g=255,b=255]
	Buffer = 0
	Clip = null
	CQLFilter = null
	Crs = PROJCS["WGS 84 / Pseudo-Mercator", 
  GEOGCS["WGS 84", 
    DATUM["World Geodetic System 1984", 
      SPHEROID["WGS 84", 6378137.0, 298.257223563, AUTHORITY["EPSG","7030"]], 
      AUTHORITY["EPSG","6326"]], 
    PRIMEM["Greenwich", 0.0, AUTHORITY["EPSG","8901"]], 
    UNIT["degree", 0.017453292519943295], 
    AXIS["Geodetic latitude", NORTH], 
    AXIS["Geodetic longitude", EAST], 
    AUTHORITY["EPSG","4326"]], 
  PROJECTION["Popular Visualisation Pseudo Mercator", AUTHORITY["EPSG","1024"]], 
  PARAMETER["semi_minor", 6378137.0], 
  PARAMETER["latitude_of_origin", 0.0], 
  PARAMETER["central_meridian", 0.0], 
  PARAMETER["scale_factor", 1.0], 
  PARAMETER["false_easting", 0.0], 
  PARAMETER["false_northing", 0.0], 
  UNIT["m", 1.0], 
  AXIS["Easting", EAST], 
  AXIS["Northing", NORTH], 
  AUTHORITY["EPSG","3857"]]
	Elevation = []
	Env = {}
	Exceptions = SE_XML
	FeatureId = null
	FeatureVersion = null
	Filter = null
	Format = image/png
	FormatOptions = {DPI=180}
	Get = true
	Height = 1664
	Interpolations = []
	Layers = [org.geoserver.wms.MapLayerInfo@c8d248ce]
	MaxFeatures = null
	Palette = null
	RawKvp = {FORMAT=image/png, CRS=EPSG:3857, STYLES=, WIDTH=1060, HEIGHT=1664, LAYERS=gis:roads, TILED=true, REQUEST=GetMap, FORMAT_OPTIONS=dpi:180, BBOX=5617857.688122677,7222929.931430244,5620660.432193492,7227329.710801787, VERSION=1.3.0, SERVICE=WMS, TRANSPARENT=TRUE}
	RemoteOwsType = null
	RemoteOwsURL = null
	Request = GetMap
	RequestCharset = UTF-8
	ScaleMethod = null
	Sld = null
	SldBody = null
	SldVersion = null
	SortBy = null
	SortByArrays = null
	SRS = urn:ogc:def:crs:EPSG::3857
	StartIndex = null
	StyleBody = null
	StyleFormat = sld
	Styles = [StyleImpl[ name=line]]
	StyleUrl = null
	StyleVersion = null
	Tiled = true
	TilesOrigin = null
	Time = []
	Transparent = true
	ValidateSchema = false
	Version = 1.3.0
	ViewParams = null
	Width = 1060
20 Apr 19:59:01 INFO   [geoserver.flow] - releasing flow controllers for [WMS 1.3.0 GetMap]
20 Apr 19:59:01 INFO   [geoserver.flow] - Request completed, running requests: 2, blocked requests: 0
20 Apr 19:59:01 INFO   [geoserver.flow] - releasing flow controllers for [WMS 1.3.0 GetMap]
20 Apr 19:59:01 INFO   [geoserver.flow] - Request completed, running requests: 1, blocked requests: 0
20 Apr 19:59:01 INFO   [geoserver.flow] - releasing flow controllers for [WMS 1.3.0 GetMap]
20 Apr 19:59:01 INFO   [geoserver.flow] - Request completed, running requests: 0, blocked requests: 0
20 Apr 19:59:03 INFO   [geoserver.wms] - 
Request: getServiceInfo
20 Apr 19:59:03 INFO   [geoserver.wms] - 
Request: getServiceInfo
20 Apr 19:59:03 INFO   [geoserver.flow] - Request [WMS 1.3.0 GetMap] starting, processing through flow controllers
20 Apr 19:59:03 INFO   [geoserver.wms] - 
Request: getServiceInfo
20 Apr 19:59:03 INFO   [geoserver.flow] - Request control-flow performed, running requests: 1, blocked requests: 1
20 Apr 19:59:03 INFO   [geoserver.flow] - Request [WMS 1.3.0 GetMap] starting, processing through flow controllers
20 Apr 19:59:03 INFO   [geoserver.flow] - Request control-flow performed, running requests: 2, blocked requests: 0
20 Apr 19:59:03 INFO   [geoserver.flow] - Request [WMS 1.3.0 GetMap] starting, processing through flow controllers
20 Apr 19:59:03 INFO   [geoserver.flow] - Request control-flow performed, running requests: 3, blocked requests: 0
20 Apr 19:59:03 INFO   [geoserver.wms] - 
Request: getMap
	Angle = 0.0
	BaseUrl = http://localhost:8080/geoserver/
	Bbox = SRSEnvelope[5618386.505916414 : 5620316.124034955, 7223714.097379834 : 7226743.233747053]
	BgColor = java.awt.Color[r=255,g=255,b=255]
	Buffer = 0
	Clip = null
	CQLFilter = null
	Crs = PROJCS["WGS 84 / Pseudo-Mercator", 
  GEOGCS["WGS 84", 
    DATUM["World Geodetic System 1984", 
      SPHEROID["WGS 84", 6378137.0, 298.257223563, AUTHORITY["EPSG","7030"]], 
      AUTHORITY["EPSG","6326"]], 
    PRIMEM["Greenwich", 0.0, AUTHORITY["EPSG","8901"]], 
    UNIT["degree", 0.017453292519943295], 
    AXIS["Geodetic latitude", NORTH], 
    AXIS["Geodetic longitude", EAST], 
    AUTHORITY["EPSG","4326"]], 
  PROJECTION["Popular Visualisation Pseudo Mercator", AUTHORITY["EPSG","1024"]], 
  PARAMETER["semi_minor", 6378137.0], 
  PARAMETER["latitude_of_origin", 0.0], 
  PARAMETER["central_meridian", 0.0], 
  PARAMETER["scale_factor", 1.0], 
  PARAMETER["false_easting", 0.0], 
  PARAMETER["false_northing", 0.0], 
  UNIT["m", 1.0], 
  AXIS["Easting", EAST], 
  AXIS["Northing", NORTH], 
  AUTHORITY["EPSG","3857"]]
	Elevation = []
	Env = {}
	Exceptions = SE_XML
	FeatureId = null
	FeatureVersion = null
	Filter = null
	Format = image/png
	FormatOptions = {DPI=180}
	Get = true
	Height = 1664
	Interpolations = []
	Layers = [org.geoserver.wms.MapLayerInfo@e4804762]
	MaxFeatures = null
	Palette = null
	RawKvp = {FORMAT=image/png, CRS=EPSG:3857, STYLES=, WIDTH=1060, HEIGHT=1664, LAYERS=gis:buildings, TILED=true, REQUEST=GetMap, FORMAT_OPTIONS=dpi:180, BBOX=5618386.505916414,7223714.097379834,5620316.124034955,7226743.233747053, VERSION=1.3.0, SERVICE=WMS, TRANSPARENT=TRUE}
	RemoteOwsType = null
	RemoteOwsURL = null
	Request = GetMap
	RequestCharset = UTF-8
	ScaleMethod = null
	Sld = null
	SldBody = null
	SldVersion = null
	SortBy = null
	SortByArrays = null
	SRS = urn:ogc:def:crs:EPSG::3857
	StartIndex = null
	StyleBody = null
	StyleFormat = sld
	Styles = [StyleImpl[ name=polygon]]
	StyleUrl = null
	StyleVersion = null
	Tiled = true
	TilesOrigin = null
	Time = []
	Transparent = true
	ValidateSchema = false
	Version = 1.3.0
	ViewParams = null
	Width = 1060
20 Apr 19:59:03 INFO   [geoserver.wms] - 
Request: getMap
	Angle = 0.0
	BaseUrl = http://localhost:8080/geoserver/
	Bbox = SRSEnvelope[5618386.505916414 : 5620316.124034955, 7223714.097379834 : 7226743.233747053]
	BgColor = java.awt.Color[r=255,g=255,b=255]
	Buffer = 0
	Clip = null
	CQLFilter = null
	Crs = PROJCS["WGS 84 / Pseudo-Mercator", 
  GEOGCS["WGS 84", 
    DATUM["World Geodetic System 1984", 
      SPHEROID["WGS 84", 6378137.0, 298.257223563, AUTHORITY["EPSG","7030"]], 
      AUTHORITY["EPSG","6326"]], 
    PRIMEM["Greenwich", 0.0, AUTHORITY["EPSG","8901"]], 
    UNIT["degree", 0.017453292519943295], 
    AXIS["Geodetic latitude", NORTH], 
    AXIS["Geodetic longitude", EAST], 
    AUTHORITY["EPSG","4326"]], 
  PROJECTION["Popular Visualisation Pseudo Mercator", AUTHORITY["EPSG","1024"]], 
  PARAMETER["semi_minor", 6378137.0], 
  PARAMETER["latitude_of_origin", 0.0], 
  PARAMETER["central_meridian", 0.0], 
  PARAMETER["scale_factor", 1.0], 
  PARAMETER["false_easting", 0.0], 
  PARAMETER["false_northing", 0.0], 
  UNIT["m", 1.0], 
  AXIS["Easting", EAST], 
  AXIS["Northing", NORTH], 
  AUTHORITY["EPSG","3857"]]
	Elevation = []
	Env = {}
	Exceptions = SE_XML
	FeatureId = null
	FeatureVersion = null
	Filter = null
	Format = image/png
	FormatOptions = {DPI=180}
	Get = true
	Height = 1664
	Interpolations = []
	Layers = [org.geoserver.wms.MapLayerInfo@349ab7]
	MaxFeatures = null
	Palette = null
	RawKvp = {FORMAT=image/png, CRS=EPSG:3857, STYLES=, WIDTH=1060, HEIGHT=1664, LAYERS=gis:poi, TILED=true, REQUEST=GetMap, FORMAT_OPTIONS=dpi:180, BBOX=5618386.505916414,7223714.097379834,5620316.124034955,7226743.233747053, VERSION=1.3.0, SERVICE=WMS, TRANSPARENT=TRUE}
	RemoteOwsType = null
	RemoteOwsURL = null
	Request = GetMap
	RequestCharset = UTF-8
	ScaleMethod = null
	Sld = null
	SldBody = null
	SldVersion = null
	SortBy = null
	SortByArrays = null
	SRS = urn:ogc:def:crs:EPSG::3857
	StartIndex = null
	StyleBody = null
	StyleFormat = sld
	Styles = [StyleImpl[ name=point]]
	StyleUrl = null
	StyleVersion = null
	Tiled = true
	TilesOrigin = null
	Time = []
	Transparent = true
	ValidateSchema = false
	Version = 1.3.0
	ViewParams = null
	Width = 1060
20 Apr 19:59:03 INFO   [geoserver.wms] - 
Request: getMap
	Angle = 0.0
	BaseUrl = http://localhost:8080/geoserver/
	Bbox = SRSEnvelope[5618386.505916414 : 5620316.124034955, 7223714.097379834 : 7226743.233747053]
	BgColor = java.awt.Color[r=255,g=255,b=255]
	Buffer = 0
	Clip = null
	CQLFilter = null
	Crs = PROJCS["WGS 84 / Pseudo-Mercator", 
  GEOGCS["WGS 84", 
    DATUM["World Geodetic System 1984", 
      SPHEROID["WGS 84", 6378137.0, 298.257223563, AUTHORITY["EPSG","7030"]], 
      AUTHORITY["EPSG","6326"]], 
    PRIMEM["Greenwich", 0.0, AUTHORITY["EPSG","8901"]], 
    UNIT["degree", 0.017453292519943295], 
    AXIS["Geodetic latitude", NORTH], 
    AXIS["Geodetic longitude", EAST], 
    AUTHORITY["EPSG","4326"]], 
  PROJECTION["Popular Visualisation Pseudo Mercator", AUTHORITY["EPSG","1024"]], 
  PARAMETER["semi_minor", 6378137.0], 
  PARAMETER["latitude_of_origin", 0.0], 
  PARAMETER["central_meridian", 0.0], 
  PARAMETER["scale_factor", 1.0], 
  PARAMETER["false_easting", 0.0], 
  PARAMETER["false_northing", 0.0], 
  UNIT["m", 1.0], 
  AXIS["Easting", EAST], 
  AXIS["Northing", NORTH], 
  AUTHORITY["EPSG","3857"]]
	Elevation = []
	Env = {}
	Exceptions = SE_XML
	FeatureId = null
	FeatureVersion = null
	Filter = null
	Format = image/png
	FormatOptions = {DPI=180}
	Get = true
	Height = 1664
	Interpolations = []
	Layers = [org.geoserver.wms.MapLayerInfo@c8d248ce]
	MaxFeatures = null
	Palette = null
	RawKvp = {FORMAT=image/png, CRS=EPSG:3857, STYLES=, WIDTH=1060, HEIGHT=1664, LAYERS=gis:roads, TILED=true, REQUEST=GetMap, FORMAT_OPTIONS=dpi:180, BBOX=5618386.505916414,7223714.097379834,5620316.124034955,7226743.233747053, VERSION=1.3.0, SERVICE=WMS, TRANSPARENT=TRUE}
	RemoteOwsType = null
	RemoteOwsURL = null
	Request = GetMap
	RequestCharset = UTF-8
	ScaleMethod = null
	Sld = null
	SldBody = null
	SldVersion = null
	SortBy = null
	SortByArrays = null
	SRS = urn:ogc:def:crs:EPSG::3857
	StartIndex = null
	StyleBody = null
	StyleFormat = sld
	Styles = [StyleImpl[ name=line]]
	StyleUrl = null
	StyleVersion = null
	Tiled = true
	TilesOrigin = null
	Time = []
	Transparent = true
	ValidateSchema = false
	Version = 1.3.0
	ViewParams = null
	Width = 1060
20 Apr 19:59:03 INFO   [geoserver.flow] - releasing flow controllers for [WMS 1.3.0 GetMap]
20 Apr 19:59:03 INFO   [geoserver.flow] - Request completed, running requests: 2, blocked requests: 0
20 Apr 19:59:03 INFO   [geoserver.flow] - releasing flow controllers for [WMS 1.3.0 GetMap]
20 Apr 19:59:03 INFO   [geoserver.flow] - Request completed, running requests: 0, blocked requests: 0
20 Apr 19:59:03 INFO   [geoserver.flow] - releasing flow controllers for [WMS 1.3.0 GetMap]
20 Apr 19:59:03 INFO   [geoserver.flow] - Request completed, running requests: 0, blocked requests: 0
20 Apr 19:59:03 INFO   [geoserver.wms] - 
Request: getServiceInfo
20 Apr 19:59:03 INFO   [geoserver.wms] - 
Request: getServiceInfo
20 Apr 19:59:03 INFO   [geoserver.wms] - 
Request: getServiceInfo
20 Apr 19:59:03 INFO   [geoserver.flow] - Request [WMS 1.3.0 GetMap] starting, processing through flow controllers
20 Apr 19:59:03 INFO   [geoserver.flow] - Request [WMS 1.3.0 GetMap] starting, processing through flow controllers
20 Apr 19:59:03 INFO   [geoserver.flow] - Request control-flow performed, running requests: 1, blocked requests: 1
20 Apr 19:59:03 INFO   [geoserver.flow] - Request [WMS 1.3.0 GetMap] starting, processing through flow controllers
20 Apr 19:59:03 INFO   [geoserver.flow] - Request control-flow performed, running requests: 2, blocked requests: 1
20 Apr 19:59:03 INFO   [geoserver.flow] - Request control-flow performed, running requests: 3, blocked requests: 0
20 Apr 19:59:03 INFO   [geoserver.wms] - 
Request: getMap
	Angle = 0.0
	BaseUrl = http://localhost:8080/geoserver/
	Bbox = SRSEnvelope[5618801.709370389 : 5620062.458702893, 7224312.293237534 : 7226291.431812334]
	BgColor = java.awt.Color[r=255,g=255,b=255]
	Buffer = 0
	Clip = null
	CQLFilter = null
	Crs = PROJCS["WGS 84 / Pseudo-Mercator", 
  GEOGCS["WGS 84", 
    DATUM["World Geodetic System 1984", 
      SPHEROID["WGS 84", 6378137.0, 298.257223563, AUTHORITY["EPSG","7030"]], 
      AUTHORITY["EPSG","6326"]], 
    PRIMEM["Greenwich", 0.0, AUTHORITY["EPSG","8901"]], 
    UNIT["degree", 0.017453292519943295], 
    AXIS["Geodetic latitude", NORTH], 
    AXIS["Geodetic longitude", EAST], 
    AUTHORITY["EPSG","4326"]], 
  PROJECTION["Popular Visualisation Pseudo Mercator", AUTHORITY["EPSG","1024"]], 
  PARAMETER["semi_minor", 6378137.0], 
  PARAMETER["latitude_of_origin", 0.0], 
  PARAMETER["central_meridian", 0.0], 
  PARAMETER["scale_factor", 1.0], 
  PARAMETER["false_easting", 0.0], 
  PARAMETER["false_northing", 0.0], 
  UNIT["m", 1.0], 
  AXIS["Easting", EAST], 
  AXIS["Northing", NORTH], 
  AUTHORITY["EPSG","3857"]]
	Elevation = []
	Env = {}
	Exceptions = SE_XML
	FeatureId = null
	FeatureVersion = null
	Filter = null
	Format = image/png
	FormatOptions = {DPI=180}
	Get = true
	Height = 1664
	Interpolations = []
	Layers = [org.geoserver.wms.MapLayerInfo@349ab7]
	MaxFeatures = null
	Palette = null
	RawKvp = {FORMAT=image/png, CRS=EPSG:3857, STYLES=, WIDTH=1060, HEIGHT=1664, LAYERS=gis:poi, TILED=true, REQUEST=GetMap, FORMAT_OPTIONS=dpi:180, BBOX=5618801.709370389,7224312.293237534,5620062.458702893,7226291.431812334, VERSION=1.3.0, SERVICE=WMS, TRANSPARENT=TRUE}
	RemoteOwsType = null
	RemoteOwsURL = null
	Request = GetMap
	RequestCharset = UTF-8
	ScaleMethod = null
	Sld = null
	SldBody = null
	SldVersion = null
	SortBy = null
	SortByArrays = null
	SRS = urn:ogc:def:crs:EPSG::3857
	StartIndex = null
	StyleBody = null
	StyleFormat = sld
	Styles = [StyleImpl[ name=point]]
	StyleUrl = null
	StyleVersion = null
	Tiled = true
	TilesOrigin = null
	Time = []
	Transparent = true
	ValidateSchema = false
	Version = 1.3.0
	ViewParams = null
	Width = 1060
20 Apr 19:59:03 INFO   [geoserver.wms] - 
Request: getMap
	Angle = 0.0
	BaseUrl = http://localhost:8080/geoserver/
	Bbox = SRSEnvelope[5618801.709370389 : 5620062.458702893, 7224312.293237534 : 7226291.431812334]
	BgColor = java.awt.Color[r=255,g=255,b=255]
	Buffer = 0
	Clip = null
	CQLFilter = null
	Crs = PROJCS["WGS 84 / Pseudo-Mercator", 
  GEOGCS["WGS 84", 
    DATUM["World Geodetic System 1984", 
      SPHEROID["WGS 84", 6378137.0, 298.257223563, AUTHORITY["EPSG","7030"]], 
      AUTHORITY["EPSG","6326"]], 
    PRIMEM["Greenwich", 0.0, AUTHORITY["EPSG","8901"]], 
    UNIT["degree", 0.017453292519943295], 
    AXIS["Geodetic latitude", NORTH], 
    AXIS["Geodetic longitude", EAST], 
    AUTHORITY["EPSG","4326"]], 
  PROJECTION["Popular Visualisation Pseudo Mercator", AUTHORITY["EPSG","1024"]], 
  PARAMETER["semi_minor", 6378137.0], 
  PARAMETER["latitude_of_origin", 0.0], 
  PARAMETER["central_meridian", 0.0], 
  PARAMETER["scale_factor", 1.0], 
  PARAMETER["false_easting", 0.0], 
  PARAMETER["false_northing", 0.0], 
  UNIT["m", 1.0], 
  AXIS["Easting", EAST], 
  AXIS["Northing", NORTH], 
  AUTHORITY["EPSG","3857"]]
	Elevation = []
	Env = {}
	Exceptions = SE_XML
	FeatureId = null
	FeatureVersion = null
	Filter = null
	Format = image/png
	FormatOptions = {DPI=180}
	Get = true
	Height = 1664
	Interpolations = []
	Layers = [org.geoserver.wms.MapLayerInfo@c8d248ce]
	MaxFeatures = null
	Palette = null
	RawKvp = {FORMAT=image/png, CRS=EPSG:3857, STYLES=, WIDTH=1060, HEIGHT=1664, LAYERS=gis:roads, TILED=true, REQUEST=GetMap, FORMAT_OPTIONS=dpi:180, BBOX=5618801.709370389,7224312.293237534,5620062.458702893,7226291.431812334, VERSION=1.3.0, SERVICE=WMS, TRANSPARENT=TRUE}
	RemoteOwsType = null
	RemoteOwsURL = null
	Request = GetMap
	RequestCharset = UTF-8
	ScaleMethod = null
	Sld = null
	SldBody = null
	SldVersion = null
	SortBy = null
	SortByArrays = null
	SRS = urn:ogc:def:crs:EPSG::3857
	StartIndex = null
	StyleBody = null
	StyleFormat = sld
	Styles = [StyleImpl[ name=line]]
	StyleUrl = null
	StyleVersion = null
	Tiled = true
	TilesOrigin = null
	Time = []
	Transparent = true
	ValidateSchema = false
	Version = 1.3.0
	ViewParams = null
	Width = 1060
20 Apr 19:59:03 INFO   [geoserver.wms] - 
Request: getMap
	Angle = 0.0
	BaseUrl = http://localhost:8080/geoserver/
	Bbox = SRSEnvelope[5618801.709370389 : 5620062.458702893, 7224312.293237534 : 7226291.431812334]
	BgColor = java.awt.Color[r=255,g=255,b=255]
	Buffer = 0
	Clip = null
	CQLFilter = null
	Crs = PROJCS["WGS 84 / Pseudo-Mercator", 
  GEOGCS["WGS 84", 
    DATUM["World Geodetic System 1984", 
      SPHEROID["WGS 84", 6378137.0, 298.257223563, AUTHORITY["EPSG","7030"]], 
      AUTHORITY["EPSG","6326"]], 
    PRIMEM["Greenwich", 0.0, AUTHORITY["EPSG","8901"]], 
    UNIT["degree", 0.017453292519943295], 
    AXIS["Geodetic latitude", NORTH], 
    AXIS["Geodetic longitude", EAST], 
    AUTHORITY["EPSG","4326"]], 
  PROJECTION["Popular Visualisation Pseudo Mercator", AUTHORITY["EPSG","1024"]], 
  PARAMETER["semi_minor", 6378137.0], 
  PARAMETER["latitude_of_origin", 0.0], 
  PARAMETER["central_meridian", 0.0], 
  PARAMETER["scale_factor", 1.0], 
  PARAMETER["false_easting", 0.0], 
  PARAMETER["false_northing", 0.0], 
  UNIT["m", 1.0], 
  AXIS["Easting", EAST], 
  AXIS["Northing", NORTH], 
  AUTHORITY["EPSG","3857"]]
	Elevation = []
	Env = {}
	Exceptions = SE_XML
	FeatureId = null
	FeatureVersion = null
	Filter = null
	Format = image/png
	FormatOptions = {DPI=180}
	Get = true
	Height = 1664
	Interpolations = []
	Layers = [org.geoserver.wms.MapLayerInfo@e4804762]
	MaxFeatures = null
	Palette = null
	RawKvp = {FORMAT=image/png, CRS=EPSG:3857, STYLES=, WIDTH=1060, HEIGHT=1664, LAYERS=gis:buildings, TILED=true, REQUEST=GetMap, FORMAT_OPTIONS=dpi:180, BBOX=5618801.709370389,7224312.293237534,5620062.458702893,7226291.431812334, VERSION=1.3.0, SERVICE=WMS, TRANSPARENT=TRUE}
	RemoteOwsType = null
	RemoteOwsURL = null
	Request = GetMap
	RequestCharset = UTF-8
	ScaleMethod = null
	Sld = null
	SldBody = null
	SldVersion = null
	SortBy = null
	SortByArrays = null
	SRS = urn:ogc:def:crs:EPSG::3857
	StartIndex = null
	StyleBody = null
	StyleFormat = sld
	Styles = [StyleImpl[ name=polygon]]
	StyleUrl = null
	StyleVersion = null
	Tiled = true
	TilesOrigin = null
	Time = []
	Transparent = true
	ValidateSchema = false
	Version = 1.3.0
	ViewParams = null
	Width = 1060
20 Apr 19:59:03 INFO   [geoserver.flow] - releasing flow controllers for [WMS 1.3.0 GetMap]
20 Apr 19:59:03 INFO   [geoserver.flow] - Request completed, running requests: 2, blocked requests: 0
20 Apr 19:59:03 INFO   [geoserver.flow] - releasing flow controllers for [WMS 1.3.0 GetMap]
20 Apr 19:59:04 INFO   [geoserver.flow] - Request completed, running requests: 1, blocked requests: 0
20 Apr 19:59:04 INFO   [geoserver.flow] - releasing flow controllers for [WMS 1.3.0 GetMap]
20 Apr 19:59:04 INFO   [geoserver.flow] - Request completed, running requests: 0, blocked requests: 0
20 Apr 19:59:05 INFO   [geoserver.wms] - 
Request: getServiceInfo
20 Apr 19:59:05 INFO   [geoserver.wms] - 
Request: getServiceInfo
20 Apr 19:59:05 INFO   [geoserver.flow] - Request [WMS 1.3.0 GetMap] starting, processing through flow controllers
20 Apr 19:59:05 INFO   [geoserver.flow] - Request control-flow performed, running requests: 1, blocked requests: 0
20 Apr 19:59:05 INFO   [geoserver.flow] - Request [WMS 1.3.0 GetMap] starting, processing through flow controllers
20 Apr 19:59:05 INFO   [geoserver.wms] - 
Request: getServiceInfo
20 Apr 19:59:05 INFO   [geoserver.flow] - Request control-flow performed, running requests: 2, blocked requests: 0
20 Apr 19:59:05 INFO   [geoserver.flow] - Request [WMS 1.3.0 GetMap] starting, processing through flow controllers
20 Apr 19:59:05 INFO   [geoserver.flow] - Request control-flow performed, running requests: 3, blocked requests: 0
20 Apr 19:59:05 INFO   [geoserver.wms] - 
Request: getMap
	Angle = 0.0
	BaseUrl = http://localhost:8080/geoserver/
	Bbox = SRSEnvelope[5618457.466502109 : 5620335.978121963, 7223758.408550452 : 7226707.317357471]
	BgColor = java.awt.Color[r=255,g=255,b=255]
	Buffer = 0
	Clip = null
	CQLFilter = null
	Crs = PROJCS["WGS 84 / Pseudo-Mercator", 
  GEOGCS["WGS 84", 
    DATUM["World Geodetic System 1984", 
      SPHEROID["WGS 84", 6378137.0, 298.257223563, AUTHORITY["EPSG","7030"]], 
      AUTHORITY["EPSG","6326"]], 
    PRIMEM["Greenwich", 0.0, AUTHORITY["EPSG","8901"]], 
    UNIT["degree", 0.017453292519943295], 
    AXIS["Geodetic latitude", NORTH], 
    AXIS["Geodetic longitude", EAST], 
    AUTHORITY["EPSG","4326"]], 
  PROJECTION["Popular Visualisation Pseudo Mercator", AUTHORITY["EPSG","1024"]], 
  PARAMETER["semi_minor", 6378137.0], 
  PARAMETER["latitude_of_origin", 0.0], 
  PARAMETER["central_meridian", 0.0], 
  PARAMETER["scale_factor", 1.0], 
  PARAMETER["false_easting", 0.0], 
  PARAMETER["false_northing", 0.0], 
  UNIT["m", 1.0], 
  AXIS["Easting", EAST], 
  AXIS["Northing", NORTH], 
  AUTHORITY["EPSG","3857"]]
	Elevation = []
	Env = {}
	Exceptions = SE_XML
	FeatureId = null
	FeatureVersion = null
	Filter = null
	Format = image/png
	FormatOptions = {DPI=180}
	Get = true
	Height = 1664
	Interpolations = []
	Layers = [org.geoserver.wms.MapLayerInfo@c8d248ce]
	MaxFeatures = null
	Palette = null
	RawKvp = {FORMAT=image/png, CRS=EPSG:3857, STYLES=, WIDTH=1060, HEIGHT=1664, LAYERS=gis:roads, TILED=true, REQUEST=GetMap, FORMAT_OPTIONS=dpi:180, BBOX=5618457.466502109,7223758.408550452,5620335.978121963,7226707.317357471, VERSION=1.3.0, SERVICE=WMS, TRANSPARENT=TRUE}
	RemoteOwsType = null
	RemoteOwsURL = null
	Request = GetMap
	RequestCharset = UTF-8
	ScaleMethod = null
	Sld = null
	SldBody = null
	SldVersion = null
	SortBy = null
	SortByArrays = null
	SRS = urn:ogc:def:crs:EPSG::3857
	StartIndex = null
	StyleBody = null
	StyleFormat = sld
	Styles = [StyleImpl[ name=line]]
	StyleUrl = null
	StyleVersion = null
	Tiled = true
	TilesOrigin = null
	Time = []
	Transparent = true
	ValidateSchema = false
	Version = 1.3.0
	ViewParams = null
	Width = 1060
20 Apr 19:59:05 INFO   [geoserver.wms] - 
Request: getMap
	Angle = 0.0
	BaseUrl = http://localhost:8080/geoserver/
	Bbox = SRSEnvelope[5618457.466502109 : 5620335.978121963, 7223758.408550452 : 7226707.317357471]
	BgColor = java.awt.Color[r=255,g=255,b=255]
	Buffer = 0
	Clip = null
	CQLFilter = null
	Crs = PROJCS["WGS 84 / Pseudo-Mercator", 
  GEOGCS["WGS 84", 
    DATUM["World Geodetic System 1984", 
      SPHEROID["WGS 84", 6378137.0, 298.257223563, AUTHORITY["EPSG","7030"]], 
      AUTHORITY["EPSG","6326"]], 
    PRIMEM["Greenwich", 0.0, AUTHORITY["EPSG","8901"]], 
    UNIT["degree", 0.017453292519943295], 
    AXIS["Geodetic latitude", NORTH], 
    AXIS["Geodetic longitude", EAST], 
    AUTHORITY["EPSG","4326"]], 
  PROJECTION["Popular Visualisation Pseudo Mercator", AUTHORITY["EPSG","1024"]], 
  PARAMETER["semi_minor", 6378137.0], 
  PARAMETER["latitude_of_origin", 0.0], 
  PARAMETER["central_meridian", 0.0], 
  PARAMETER["scale_factor", 1.0], 
  PARAMETER["false_easting", 0.0], 
  PARAMETER["false_northing", 0.0], 
  UNIT["m", 1.0], 
  AXIS["Easting", EAST], 
  AXIS["Northing", NORTH], 
  AUTHORITY["EPSG","3857"]]
	Elevation = []
	Env = {}
	Exceptions = SE_XML
	FeatureId = null
	FeatureVersion = null
	Filter = null
	Format = image/png
	FormatOptions = {DPI=180}
	Get = true
	Height = 1664
	Interpolations = []
	Layers = [org.geoserver.wms.MapLayerInfo@e4804762]
	MaxFeatures = null
	Palette = null
	RawKvp = {FORMAT=image/png, CRS=EPSG:3857, STYLES=, WIDTH=1060, HEIGHT=1664, LAYERS=gis:buildings, TILED=true, REQUEST=GetMap, FORMAT_OPTIONS=dpi:180, BBOX=5618457.466502109,7223758.408550452,5620335.978121963,7226707.317357471, VERSION=1.3.0, SERVICE=WMS, TRANSPARENT=TRUE}
	RemoteOwsType = null
	RemoteOwsURL = null
	Request = GetMap
	RequestCharset = UTF-8
	ScaleMethod = null
	Sld = null
	SldBody = null
	SldVersion = null
	SortBy = null
	SortByArrays = null
	SRS = urn:ogc:def:crs:EPSG::3857
	StartIndex = null
	StyleBody = null
	StyleFormat = sld
	Styles = [StyleImpl[ name=polygon]]
	StyleUrl = null
	StyleVersion = null
	Tiled = true
	TilesOrigin = null
	Time = []
	Transparent = true
	ValidateSchema = false
	Version = 1.3.0
	ViewParams = null
	Width = 1060
20 Apr 19:59:05 INFO   [geoserver.wms] - 
Request: getMap
	Angle = 0.0
	BaseUrl = http://localhost:8080/geoserver/
	Bbox = SRSEnvelope[5618457.466502109 : 5620335.978121963, 7223758.408550452 : 7226707.317357471]
	BgColor = java.awt.Color[r=255,g=255,b=255]
	Buffer = 0
	Clip = null
	CQLFilter = null
	Crs = PROJCS["WGS 84 / Pseudo-Mercator", 
  GEOGCS["WGS 84", 
    DATUM["World Geodetic System 1984", 
      SPHEROID["WGS 84", 6378137.0, 298.257223563, AUTHORITY["EPSG","7030"]], 
      AUTHORITY["EPSG","6326"]], 
    PRIMEM["Greenwich", 0.0, AUTHORITY["EPSG","8901"]], 
    UNIT["degree", 0.017453292519943295], 
    AXIS["Geodetic latitude", NORTH], 
    AXIS["Geodetic longitude", EAST], 
    AUTHORITY["EPSG","4326"]], 
  PROJECTION["Popular Visualisation Pseudo Mercator", AUTHORITY["EPSG","1024"]], 
  PARAMETER["semi_minor", 6378137.0], 
  PARAMETER["latitude_of_origin", 0.0], 
  PARAMETER["central_meridian", 0.0], 
  PARAMETER["scale_factor", 1.0], 
  PARAMETER["false_easting", 0.0], 
  PARAMETER["false_northing", 0.0], 
  UNIT["m", 1.0], 
  AXIS["Easting", EAST], 
  AXIS["Northing", NORTH], 
  AUTHORITY["EPSG","3857"]]
	Elevation = []
	Env = {}
	Exceptions = SE_XML
	FeatureId = null
	FeatureVersion = null
	Filter = null
	Format = image/png
	FormatOptions = {DPI=180}
	Get = true
	Height = 1664
	Interpolations = []
	Layers = [org.geoserver.wms.MapLayerInfo@349ab7]
	MaxFeatures = null
	Palette = null
	RawKvp = {FORMAT=image/png, CRS=EPSG:3857, STYLES=, WIDTH=1060, HEIGHT=1664, LAYERS=gis:poi, TILED=true, REQUEST=GetMap, FORMAT_OPTIONS=dpi:180, BBOX=5618457.466502109,7223758.408550452,5620335.978121963,7226707.317357471, VERSION=1.3.0, SERVICE=WMS, TRANSPARENT=TRUE}
	RemoteOwsType = null
	RemoteOwsURL = null
	Request = GetMap
	RequestCharset = UTF-8
	ScaleMethod = null
	Sld = null
	SldBody = null
	SldVersion = null
	SortBy = null
	SortByArrays = null
	SRS = urn:ogc:def:crs:EPSG::3857
	StartIndex = null
	StyleBody = null
	StyleFormat = sld
	Styles = [StyleImpl[ name=point]]
	StyleUrl = null
	StyleVersion = null
	Tiled = true
	TilesOrigin = null
	Time = []
	Transparent = true
	ValidateSchema = false
	Version = 1.3.0
	ViewParams = null
	Width = 1060
20 Apr 19:59:05 INFO   [geoserver.flow] - releasing flow controllers for [WMS 1.3.0 GetMap]
20 Apr 19:59:05 INFO   [geoserver.flow] - Request completed, running requests: 2, blocked requests: 0
20 Apr 19:59:05 INFO   [geoserver.flow] - releasing flow controllers for [WMS 1.3.0 GetMap]
20 Apr 19:59:05 INFO   [geoserver.flow] - Request completed, running requests: 1, blocked requests: 0
20 Apr 19:59:05 INFO   [geoserver.flow] - releasing flow controllers for [WMS 1.3.0 GetMap]
20 Apr 19:59:05 INFO   [geoserver.flow] - Request completed, running requests: 0, blocked requests: 0
20 Apr 19:59:10 INFO   [geoserver.wms] - 
Request: getServiceInfo
20 Apr 19:59:10 INFO   [geoserver.wms] - 
Request: getServiceInfo
20 Apr 19:59:10 INFO   [geoserver.wms] - 
Request: getServiceInfo
20 Apr 19:59:10 INFO   [geoserver.flow] - Request [WMS 1.3.0 GetMap] starting, processing through flow controllers
20 Apr 19:59:10 INFO   [geoserver.flow] - Request [WMS 1.3.0 GetMap] starting, processing through flow controllers
20 Apr 19:59:10 INFO   [geoserver.flow] - Request control-flow performed, running requests: 1, blocked requests: 1
20 Apr 19:59:10 INFO   [geoserver.flow] - Request control-flow performed, running requests: 2, blocked requests: 0
20 Apr 19:59:10 INFO   [geoserver.flow] - Request [WMS 1.3.0 GetMap] starting, processing through flow controllers
20 Apr 19:59:10 INFO   [geoserver.flow] - Request control-flow performed, running requests: 3, blocked requests: 0
20 Apr 19:59:10 INFO   [geoserver.wms] - 
Request: getMap
	Angle = 0.0
	BaseUrl = http://localhost:8080/geoserver/
	Bbox = SRSEnvelope[5618528.178918703 : 5620406.690538558, 7223800.836039094 : 7226749.744846113]
	BgColor = java.awt.Color[r=255,g=255,b=255]
	Buffer = 0
	Clip = null
	CQLFilter = null
	Crs = PROJCS["WGS 84 / Pseudo-Mercator", 
  GEOGCS["WGS 84", 
    DATUM["World Geodetic System 1984", 
      SPHEROID["WGS 84", 6378137.0, 298.257223563, AUTHORITY["EPSG","7030"]], 
      AUTHORITY["EPSG","6326"]], 
    PRIMEM["Greenwich", 0.0, AUTHORITY["EPSG","8901"]], 
    UNIT["degree", 0.017453292519943295], 
    AXIS["Geodetic latitude", NORTH], 
    AXIS["Geodetic longitude", EAST], 
    AUTHORITY["EPSG","4326"]], 
  PROJECTION["Popular Visualisation Pseudo Mercator", AUTHORITY["EPSG","1024"]], 
  PARAMETER["semi_minor", 6378137.0], 
  PARAMETER["latitude_of_origin", 0.0], 
  PARAMETER["central_meridian", 0.0], 
  PARAMETER["scale_factor", 1.0], 
  PARAMETER["false_easting", 0.0], 
  PARAMETER["false_northing", 0.0], 
  UNIT["m", 1.0], 
  AXIS["Easting", EAST], 
  AXIS["Northing", NORTH], 
  AUTHORITY["EPSG","3857"]]
	Elevation = []
	Env = {}
	Exceptions = SE_XML
	FeatureId = null
	FeatureVersion = null
	Filter = null
	Format = image/png
	FormatOptions = {DPI=180}
	Get = true
	Height = 1664
	Interpolations = []
	Layers = [org.geoserver.wms.MapLayerInfo@c8d248ce]
	MaxFeatures = null
	Palette = null
	RawKvp = {FORMAT=image/png, CRS=EPSG:3857, STYLES=, WIDTH=1060, HEIGHT=1664, LAYERS=gis:roads, TILED=true, REQUEST=GetMap, FORMAT_OPTIONS=dpi:180, BBOX=5618528.178918703,7223800.836039094,5620406.690538558,7226749.744846113, VERSION=1.3.0, SERVICE=WMS, TRANSPARENT=TRUE}
	RemoteOwsType = null
	RemoteOwsURL = null
	Request = GetMap
	RequestCharset = UTF-8
	ScaleMethod = null
	Sld = null
	SldBody = null
	SldVersion = null
	SortBy = null
	SortByArrays = null
	SRS = urn:ogc:def:crs:EPSG::3857
	StartIndex = null
	StyleBody = null
	StyleFormat = sld
	Styles = [StyleImpl[ name=line]]
	StyleUrl = null
	StyleVersion = null
	Tiled = true
	TilesOrigin = null
	Time = []
	Transparent = true
	ValidateSchema = false
	Version = 1.3.0
	ViewParams = null
	Width = 1060
20 Apr 19:59:10 INFO   [geoserver.wms] - 
Request: getMap
	Angle = 0.0
	BaseUrl = http://localhost:8080/geoserver/
	Bbox = SRSEnvelope[5618528.178918703 : 5620406.690538558, 7223800.836039094 : 7226749.744846113]
	BgColor = java.awt.Color[r=255,g=255,b=255]
	Buffer = 0
	Clip = null
	CQLFilter = null
	Crs = PROJCS["WGS 84 / Pseudo-Mercator", 
  GEOGCS["WGS 84", 
    DATUM["World Geodetic System 1984", 
      SPHEROID["WGS 84", 6378137.0, 298.257223563, AUTHORITY["EPSG","7030"]], 
      AUTHORITY["EPSG","6326"]], 
    PRIMEM["Greenwich", 0.0, AUTHORITY["EPSG","8901"]], 
    UNIT["degree", 0.017453292519943295], 
    AXIS["Geodetic latitude", NORTH], 
    AXIS["Geodetic longitude", EAST], 
    AUTHORITY["EPSG","4326"]], 
  PROJECTION["Popular Visualisation Pseudo Mercator", AUTHORITY["EPSG","1024"]], 
  PARAMETER["semi_minor", 6378137.0], 
  PARAMETER["latitude_of_origin", 0.0], 
  PARAMETER["central_meridian", 0.0], 
  PARAMETER["scale_factor", 1.0], 
  PARAMETER["false_easting", 0.0], 
  PARAMETER["false_northing", 0.0], 
  UNIT["m", 1.0], 
  AXIS["Easting", EAST], 
  AXIS["Northing", NORTH], 
  AUTHORITY["EPSG","3857"]]
	Elevation = []
	Env = {}
	Exceptions = SE_XML
	FeatureId = null
	FeatureVersion = null
	Filter = null
	Format = image/png
	FormatOptions = {DPI=180}
	Get = true
	Height = 1664
	Interpolations = []
	Layers = [org.geoserver.wms.MapLayerInfo@e4804762]
	MaxFeatures = null
	Palette = null
	RawKvp = {FORMAT=image/png, CRS=EPSG:3857, STYLES=, WIDTH=1060, HEIGHT=1664, LAYERS=gis:buildings, TILED=true, REQUEST=GetMap, FORMAT_OPTIONS=dpi:180, BBOX=5618528.178918703,7223800.836039094,5620406.690538558,7226749.744846113, VERSION=1.3.0, SERVICE=WMS, TRANSPARENT=TRUE}
	RemoteOwsType = null
	RemoteOwsURL = null
	Request = GetMap
	RequestCharset = UTF-8
	ScaleMethod = null
	Sld = null
	SldBody = null
	SldVersion = null
	SortBy = null
	SortByArrays = null
	SRS = urn:ogc:def:crs:EPSG::3857
	StartIndex = null
	StyleBody = null
	StyleFormat = sld
	Styles = [StyleImpl[ name=polygon]]
	StyleUrl = null
	StyleVersion = null
	Tiled = true
	TilesOrigin = null
	Time = []
	Transparent = true
	ValidateSchema = false
	Version = 1.3.0
	ViewParams = null
	Width = 1060
20 Apr 19:59:10 INFO   [geoserver.wms] - 
Request: getMap
	Angle = 0.0
	BaseUrl = http://localhost:8080/geoserver/
	Bbox = SRSEnvelope[5618528.178918703 : 5620406.690538558, 7223800.836039094 : 7226749.744846113]
	BgColor = java.awt.Color[r=255,g=255,b=255]
	Buffer = 0
	Clip = null
	CQLFilter = null
	Crs = PROJCS["WGS 84 / Pseudo-Mercator", 
  GEOGCS["WGS 84", 
    DATUM["World Geodetic System 1984", 
      SPHEROID["WGS 84", 6378137.0, 298.257223563, AUTHORITY["EPSG","7030"]], 
      AUTHORITY["EPSG","6326"]], 
    PRIMEM["Greenwich", 0.0, AUTHORITY["EPSG","8901"]], 
    UNIT["degree", 0.017453292519943295], 
    AXIS["Geodetic latitude", NORTH], 
    AXIS["Geodetic longitude", EAST], 
    AUTHORITY["EPSG","4326"]], 
  PROJECTION["Popular Visualisation Pseudo Mercator", AUTHORITY["EPSG","1024"]], 
  PARAMETER["semi_minor", 6378137.0], 
  PARAMETER["latitude_of_origin", 0.0], 
  PARAMETER["central_meridian", 0.0], 
  PARAMETER["scale_factor", 1.0], 
  PARAMETER["false_easting", 0.0], 
  PARAMETER["false_northing", 0.0], 
  UNIT["m", 1.0], 
  AXIS["Easting", EAST], 
  AXIS["Northing", NORTH], 
  AUTHORITY["EPSG","3857"]]
	Elevation = []
	Env = {}
	Exceptions = SE_XML
	FeatureId = null
	FeatureVersion = null
	Filter = null
	Format = image/png
	FormatOptions = {DPI=180}
	Get = true
	Height = 1664
	Interpolations = []
	Layers = [org.geoserver.wms.MapLayerInfo@349ab7]
	MaxFeatures = null
	Palette = null
	RawKvp = {FORMAT=image/png, CRS=EPSG:3857, STYLES=, WIDTH=1060, HEIGHT=1664, LAYERS=gis:poi, TILED=true, REQUEST=GetMap, FORMAT_OPTIONS=dpi:180, BBOX=5618528.178918703,7223800.836039094,5620406.690538558,7226749.744846113, VERSION=1.3.0, SERVICE=WMS, TRANSPARENT=TRUE}
	RemoteOwsType = null
	RemoteOwsURL = null
	Request = GetMap
	RequestCharset = UTF-8
	ScaleMethod = null
	Sld = null
	SldBody = null
	SldVersion = null
	SortBy = null
	SortByArrays = null
	SRS = urn:ogc:def:crs:EPSG::3857
	StartIndex = null
	StyleBody = null
	StyleFormat = sld
	Styles = [StyleImpl[ name=point]]
	StyleUrl = null
	StyleVersion = null
	Tiled = true
	TilesOrigin = null
	Time = []
	Transparent = true
	ValidateSchema = false
	Version = 1.3.0
	ViewParams = null
	Width = 1060
20 Apr 19:59:10 INFO   [geoserver.flow] - releasing flow controllers for [WMS 1.3.0 GetMap]
20 Apr 19:59:10 INFO   [geoserver.flow] - releasing flow controllers for [WMS 1.3.0 GetMap]
20 Apr 19:59:10 INFO   [geoserver.flow] - Request completed, running requests: 1, blocked requests: 0
20 Apr 19:59:10 INFO   [geoserver.flow] - Request completed, running requests: 1, blocked requests: 0
20 Apr 19:59:10 INFO   [geoserver.flow] - releasing flow controllers for [WMS 1.3.0 GetMap]
20 Apr 19:59:10 INFO   [geoserver.flow] - Request completed, running requests: 0, blocked requests: 0
20 Apr 19:59:11 INFO   [geoserver.wms] - 
Request: getServiceInfo
20 Apr 19:59:11 INFO   [geoserver.wms] - 
Request: getServiceInfo
20 Apr 19:59:11 INFO   [geoserver.wms] - 
Request: getServiceInfo
20 Apr 19:59:11 INFO   [geoserver.flow] - Request [WMS 1.3.0 GetMap] starting, processing through flow controllers
20 Apr 19:59:11 INFO   [geoserver.flow] - Request control-flow performed, running requests: 1, blocked requests: 0
20 Apr 19:59:11 INFO   [geoserver.flow] - Request [WMS 1.3.0 GetMap] starting, processing through flow controllers
20 Apr 19:59:11 INFO   [geoserver.flow] - Request control-flow performed, running requests: 2, blocked requests: 0
20 Apr 19:59:11 INFO   [geoserver.flow] - Request [WMS 1.3.0 GetMap] starting, processing through flow controllers
20 Apr 19:59:11 INFO   [geoserver.flow] - Request control-flow performed, running requests: 3, blocked requests: 0
20 Apr 19:59:11 INFO   [geoserver.wms] - 
Request: getMap
	Angle = 0.0
	BaseUrl = http://localhost:8080/geoserver/
	Bbox = SRSEnvelope[5617663.207709088 : 5620933.923785335, 7222634.605291992 : 7227769.012415461]
	BgColor = java.awt.Color[r=255,g=255,b=255]
	Buffer = 0
	Clip = null
	CQLFilter = null
	Crs = PROJCS["WGS 84 / Pseudo-Mercator", 
  GEOGCS["WGS 84", 
    DATUM["World Geodetic System 1984", 
      SPHEROID["WGS 84", 6378137.0, 298.257223563, AUTHORITY["EPSG","7030"]], 
      AUTHORITY["EPSG","6326"]], 
    PRIMEM["Greenwich", 0.0, AUTHORITY["EPSG","8901"]], 
    UNIT["degree", 0.017453292519943295], 
    AXIS["Geodetic latitude", NORTH], 
    AXIS["Geodetic longitude", EAST], 
    AUTHORITY["EPSG","4326"]], 
  PROJECTION["Popular Visualisation Pseudo Mercator", AUTHORITY["EPSG","1024"]], 
  PARAMETER["semi_minor", 6378137.0], 
  PARAMETER["latitude_of_origin", 0.0], 
  PARAMETER["central_meridian", 0.0], 
  PARAMETER["scale_factor", 1.0], 
  PARAMETER["false_easting", 0.0], 
  PARAMETER["false_northing", 0.0], 
  UNIT["m", 1.0], 
  AXIS["Easting", EAST], 
  AXIS["Northing", NORTH], 
  AUTHORITY["EPSG","3857"]]
	Elevation = []
	Env = {}
	Exceptions = SE_XML
	FeatureId = null
	FeatureVersion = null
	Filter = null
	Format = image/png
	FormatOptions = {DPI=180}
	Get = true
	Height = 1664
	Interpolations = []
	Layers = [org.geoserver.wms.MapLayerInfo@e4804762]
	MaxFeatures = null
	Palette = null
	RawKvp = {FORMAT=image/png, CRS=EPSG:3857, STYLES=, WIDTH=1060, HEIGHT=1664, LAYERS=gis:buildings, TILED=true, REQUEST=GetMap, FORMAT_OPTIONS=dpi:180, BBOX=5617663.207709088,7222634.605291992,5620933.923785335,7227769.012415461, VERSION=1.3.0, SERVICE=WMS, TRANSPARENT=TRUE}
	RemoteOwsType = null
	RemoteOwsURL = null
	Request = GetMap
	RequestCharset = UTF-8
	ScaleMethod = null
	Sld = null
	SldBody = null
	SldVersion = null
	SortBy = null
	SortByArrays = null
	SRS = urn:ogc:def:crs:EPSG::3857
	StartIndex = null
	StyleBody = null
	StyleFormat = sld
	Styles = [StyleImpl[ name=polygon]]
	StyleUrl = null
	StyleVersion = null
	Tiled = true
	TilesOrigin = null
	Time = []
	Transparent = true
	ValidateSchema = false
	Version = 1.3.0
	ViewParams = null
	Width = 1060
20 Apr 19:59:11 INFO   [geoserver.flow] - releasing flow controllers for [WMS 1.3.0 GetMap]
20 Apr 19:59:11 INFO   [geoserver.flow] - Request completed, running requests: 2, blocked requests: 0
20 Apr 19:59:11 INFO   [geoserver.wms] - 
Request: getMap
	Angle = 0.0
	BaseUrl = http://localhost:8080/geoserver/
	Bbox = SRSEnvelope[5617663.207709088 : 5620933.923785335, 7222634.605291992 : 7227769.012415461]
	BgColor = java.awt.Color[r=255,g=255,b=255]
	Buffer = 0
	Clip = null
	CQLFilter = null
	Crs = PROJCS["WGS 84 / Pseudo-Mercator", 
  GEOGCS["WGS 84", 
    DATUM["World Geodetic System 1984", 
      SPHEROID["WGS 84", 6378137.0, 298.257223563, AUTHORITY["EPSG","7030"]], 
      AUTHORITY["EPSG","6326"]], 
    PRIMEM["Greenwich", 0.0, AUTHORITY["EPSG","8901"]], 
    UNIT["degree", 0.017453292519943295], 
    AXIS["Geodetic latitude", NORTH], 
    AXIS["Geodetic longitude", EAST], 
    AUTHORITY["EPSG","4326"]], 
  PROJECTION["Popular Visualisation Pseudo Mercator", AUTHORITY["EPSG","1024"]], 
  PARAMETER["semi_minor", 6378137.0], 
  PARAMETER["latitude_of_origin", 0.0], 
  PARAMETER["central_meridian", 0.0], 
  PARAMETER["scale_factor", 1.0], 
  PARAMETER["false_easting", 0.0], 
  PARAMETER["false_northing", 0.0], 
  UNIT["m", 1.0], 
  AXIS["Easting", EAST], 
  AXIS["Northing", NORTH], 
  AUTHORITY["EPSG","3857"]]
	Elevation = []
	Env = {}
	Exceptions = SE_XML
	FeatureId = null
	FeatureVersion = null
	Filter = null
	Format = image/png
	FormatOptions = {DPI=180}
	Get = true
	Height = 1664
	Interpolations = []
	Layers = [org.geoserver.wms.MapLayerInfo@349ab7]
	MaxFeatures = null
	Palette = null
	RawKvp = {FORMAT=image/png, CRS=EPSG:3857, STYLES=, WIDTH=1060, HEIGHT=1664, LAYERS=gis:poi, TILED=true, REQUEST=GetMap, FORMAT_OPTIONS=dpi:180, BBOX=5617663.207709088,7222634.605291992,5620933.923785335,7227769.012415461, VERSION=1.3.0, SERVICE=WMS, TRANSPARENT=TRUE}
	RemoteOwsType = null
	RemoteOwsURL = null
	Request = GetMap
	RequestCharset = UTF-8
	ScaleMethod = null
	Sld = null
	SldBody = null
	SldVersion = null
	SortBy = null
	SortByArrays = null
	SRS = urn:ogc:def:crs:EPSG::3857
	StartIndex = null
	StyleBody = null
	StyleFormat = sld
	Styles = [StyleImpl[ name=point]]
	StyleUrl = null
	StyleVersion = null
	Tiled = true
	TilesOrigin = null
	Time = []
	Transparent = true
	ValidateSchema = false
	Version = 1.3.0
	ViewParams = null
	Width = 1060
20 Apr 19:59:11 INFO   [geoserver.flow] - releasing flow controllers for [WMS 1.3.0 GetMap]
20 Apr 19:59:11 INFO   [geoserver.flow] - Request completed, running requests: 1, blocked requests: 0
20 Apr 19:59:11 INFO   [geoserver.wms] - 
Request: getMap
	Angle = 0.0
	BaseUrl = http://localhost:8080/geoserver/
	Bbox = SRSEnvelope[5617663.207709088 : 5620933.923785335, 7222634.605291992 : 7227769.012415461]
	BgColor = java.awt.Color[r=255,g=255,b=255]
	Buffer = 0
	Clip = null
	CQLFilter = null
	Crs = PROJCS["WGS 84 / Pseudo-Mercator", 
  GEOGCS["WGS 84", 
    DATUM["World Geodetic System 1984", 
      SPHEROID["WGS 84", 6378137.0, 298.257223563, AUTHORITY["EPSG","7030"]], 
      AUTHORITY["EPSG","6326"]], 
    PRIMEM["Greenwich", 0.0, AUTHORITY["EPSG","8901"]], 
    UNIT["degree", 0.017453292519943295], 
    AXIS["Geodetic latitude", NORTH], 
    AXIS["Geodetic longitude", EAST], 
    AUTHORITY["EPSG","4326"]], 
  PROJECTION["Popular Visualisation Pseudo Mercator", AUTHORITY["EPSG","1024"]], 
  PARAMETER["semi_minor", 6378137.0], 
  PARAMETER["latitude_of_origin", 0.0], 
  PARAMETER["central_meridian", 0.0], 
  PARAMETER["scale_factor", 1.0], 
  PARAMETER["false_easting", 0.0], 
  PARAMETER["false_northing", 0.0], 
  UNIT["m", 1.0], 
  AXIS["Easting", EAST], 
  AXIS["Northing", NORTH], 
  AUTHORITY["EPSG","3857"]]
	Elevation = []
	Env = {}
	Exceptions = SE_XML
	FeatureId = null
	FeatureVersion = null
	Filter = null
	Format = image/png
	FormatOptions = {DPI=180}
	Get = true
	Height = 1664
	Interpolations = []
	Layers = [org.geoserver.wms.MapLayerInfo@c8d248ce]
	MaxFeatures = null
	Palette = null
	RawKvp = {FORMAT=image/png, CRS=EPSG:3857, STYLES=, WIDTH=1060, HEIGHT=1664, LAYERS=gis:roads, TILED=true, REQUEST=GetMap, FORMAT_OPTIONS=dpi:180, BBOX=5617663.207709088,7222634.605291992,5620933.923785335,7227769.012415461, VERSION=1.3.0, SERVICE=WMS, TRANSPARENT=TRUE}
	RemoteOwsType = null
	RemoteOwsURL = null
	Request = GetMap
	RequestCharset = UTF-8
	ScaleMethod = null
	Sld = null
	SldBody = null
	SldVersion = null
	SortBy = null
	SortByArrays = null
	SRS = urn:ogc:def:crs:EPSG::3857
	StartIndex = null
	StyleBody = null
	StyleFormat = sld
	Styles = [StyleImpl[ name=line]]
	StyleUrl = null
	StyleVersion = null
	Tiled = true
	TilesOrigin = null
	Time = []
	Transparent = true
	ValidateSchema = false
	Version = 1.3.0
	ViewParams = null
	Width = 1060
20 Apr 19:59:12 INFO   [geoserver.flow] - releasing flow controllers for [WMS 1.3.0 GetMap]
20 Apr 19:59:12 INFO   [geoserver.flow] - Request completed, running requests: 0, blocked requests: 0
20 Apr 19:59:18 INFO   [geoserver.wms] - 
Request: getServiceInfo
20 Apr 19:59:18 INFO   [geoserver.wms] - 
Request: getServiceInfo
20 Apr 19:59:18 INFO   [geoserver.wms] - 
Request: getServiceInfo
20 Apr 19:59:18 INFO   [geoserver.flow] - Request [WMS 1.3.0 GetMap] starting, processing through flow controllers
20 Apr 19:59:18 INFO   [geoserver.flow] - Request control-flow performed, running requests: 1, blocked requests: 1
20 Apr 19:59:18 INFO   [geoserver.flow] - Request [WMS 1.3.0 GetMap] starting, processing through flow controllers
20 Apr 19:59:18 INFO   [geoserver.flow] - Request [WMS 1.3.0 GetMap] starting, processing through flow controllers
20 Apr 19:59:18 INFO   [geoserver.flow] - Request control-flow performed, running requests: 3, blocked requests: 0
20 Apr 19:59:18 INFO   [geoserver.flow] - Request control-flow performed, running requests: 2, blocked requests: 1
20 Apr 19:59:18 INFO   [geoserver.wms] - 
Request: getMap
	Angle = 0.0
	BaseUrl = http://localhost:8080/geoserver/
	Bbox = SRSEnvelope[5618811.362518569 : 5620670.3670066, 7224053.2663629865 : 7226971.552653632]
	BgColor = java.awt.Color[r=255,g=255,b=255]
	Buffer = 0
	Clip = null
	CQLFilter = null
	Crs = PROJCS["WGS 84 / Pseudo-Mercator", 
  GEOGCS["WGS 84", 
    DATUM["World Geodetic System 1984", 
      SPHEROID["WGS 84", 6378137.0, 298.257223563, AUTHORITY["EPSG","7030"]], 
      AUTHORITY["EPSG","6326"]], 
    PRIMEM["Greenwich", 0.0, AUTHORITY["EPSG","8901"]], 
    UNIT["degree", 0.017453292519943295], 
    AXIS["Geodetic latitude", NORTH], 
    AXIS["Geodetic longitude", EAST], 
    AUTHORITY["EPSG","4326"]], 
  PROJECTION["Popular Visualisation Pseudo Mercator", AUTHORITY["EPSG","1024"]], 
  PARAMETER["semi_minor", 6378137.0], 
  PARAMETER["latitude_of_origin", 0.0], 
  PARAMETER["central_meridian", 0.0], 
  PARAMETER["scale_factor", 1.0], 
  PARAMETER["false_easting", 0.0], 
  PARAMETER["false_northing", 0.0], 
  UNIT["m", 1.0], 
  AXIS["Easting", EAST], 
  AXIS["Northing", NORTH], 
  AUTHORITY["EPSG","3857"]]
	Elevation = []
	Env = {}
	Exceptions = SE_XML
	FeatureId = null
	FeatureVersion = null
	Filter = null
	Format = image/png
	FormatOptions = {DPI=180}
	Get = true
	Height = 1664
	Interpolations = []
	Layers = [org.geoserver.wms.MapLayerInfo@c8d248ce]
	MaxFeatures = null
	Palette = null
	RawKvp = {FORMAT=image/png, CRS=EPSG:3857, STYLES=, WIDTH=1060, HEIGHT=1664, LAYERS=gis:roads, TILED=true, REQUEST=GetMap, FORMAT_OPTIONS=dpi:180, BBOX=5618811.362518569,7224053.2663629865,5620670.3670066,7226971.552653632, VERSION=1.3.0, SERVICE=WMS, TRANSPARENT=TRUE}
	RemoteOwsType = null
	RemoteOwsURL = null
	Request = GetMap
	RequestCharset = UTF-8
	ScaleMethod = null
	Sld = null
	SldBody = null
	SldVersion = null
	SortBy = null
	SortByArrays = null
	SRS = urn:ogc:def:crs:EPSG::3857
	StartIndex = null
	StyleBody = null
	StyleFormat = sld
	Styles = [StyleImpl[ name=line]]
	StyleUrl = null
	StyleVersion = null
	Tiled = true
	TilesOrigin = null
	Time = []
	Transparent = true
	ValidateSchema = false
	Version = 1.3.0
	ViewParams = null
	Width = 1060
20 Apr 19:59:18 INFO   [geoserver.wms] - 
Request: getServiceInfo
20 Apr 19:59:18 INFO   [geoserver.flow] - Request [WMS 1.3.0 GetMap] starting, processing through flow controllers
20 Apr 19:59:18 INFO   [geoserver.flow] - Request control-flow performed, running requests: 4, blocked requests: 0
20 Apr 19:59:18 INFO   [geoserver.wms] - 
Request: getServiceInfo
20 Apr 19:59:18 INFO   [geoserver.wms] - 
Request: getServiceInfo
20 Apr 19:59:18 INFO   [geoserver.flow] - Request [WMS 1.3.0 GetMap] starting, processing through flow controllers
20 Apr 19:59:18 INFO   [geoserver.flow] - Request control-flow performed, running requests: 5, blocked requests: 0
20 Apr 19:59:18 INFO   [geoserver.flow] - Request [WMS 1.3.0 GetMap] starting, processing through flow controllers
20 Apr 19:59:18 INFO   [geoserver.flow] - Request control-flow performed, running requests: 6, blocked requests: 0
20 Apr 19:59:18 INFO   [geoserver.wms] - 
Request: getMap
	Angle = 0.0
	BaseUrl = http://localhost:8080/geoserver/
	Bbox = SRSEnvelope[5618811.362518569 : 5620670.3670066, 7224053.2663629865 : 7226971.552653632]
	BgColor = java.awt.Color[r=255,g=255,b=255]
	Buffer = 0
	Clip = null
	CQLFilter = null
	Crs = PROJCS["WGS 84 / Pseudo-Mercator", 
  GEOGCS["WGS 84", 
    DATUM["World Geodetic System 1984", 
      SPHEROID["WGS 84", 6378137.0, 298.257223563, AUTHORITY["EPSG","7030"]], 
      AUTHORITY["EPSG","6326"]], 
    PRIMEM["Greenwich", 0.0, AUTHORITY["EPSG","8901"]], 
    UNIT["degree", 0.017453292519943295], 
    AXIS["Geodetic latitude", NORTH], 
    AXIS["Geodetic longitude", EAST], 
    AUTHORITY["EPSG","4326"]], 
  PROJECTION["Popular Visualisation Pseudo Mercator", AUTHORITY["EPSG","1024"]], 
  PARAMETER["semi_minor", 6378137.0], 
  PARAMETER["latitude_of_origin", 0.0], 
  PARAMETER["central_meridian", 0.0], 
  PARAMETER["scale_factor", 1.0], 
  PARAMETER["false_easting", 0.0], 
  PARAMETER["false_northing", 0.0], 
  UNIT["m", 1.0], 
  AXIS["Easting", EAST], 
  AXIS["Northing", NORTH], 
  AUTHORITY["EPSG","3857"]]
	Elevation = []
	Env = {}
	Exceptions = SE_XML
	FeatureId = null
	FeatureVersion = null
	Filter = null
	Format = image/png
	FormatOptions = {DPI=180}
	Get = true
	Height = 1664
	Interpolations = []
	Layers = [org.geoserver.wms.MapLayerInfo@e4804762]
	MaxFeatures = null
	Palette = null
	RawKvp = {FORMAT=image/png, CRS=EPSG:3857, STYLES=, WIDTH=1060, HEIGHT=1664, LAYERS=gis:buildings, TILED=true, REQUEST=GetMap, FORMAT_OPTIONS=dpi:180, BBOX=5618811.362518569,7224053.2663629865,5620670.3670066,7226971.552653632, VERSION=1.3.0, SERVICE=WMS, TRANSPARENT=TRUE}
	RemoteOwsType = null
	RemoteOwsURL = null
	Request = GetMap
	RequestCharset = UTF-8
	ScaleMethod = null
	Sld = null
	SldBody = null
	SldVersion = null
	SortBy = null
	SortByArrays = null
	SRS = urn:ogc:def:crs:EPSG::3857
	StartIndex = null
	StyleBody = null
	StyleFormat = sld
	Styles = [StyleImpl[ name=polygon]]
	StyleUrl = null
	StyleVersion = null
	Tiled = true
	TilesOrigin = null
	Time = []
	Transparent = true
	ValidateSchema = false
	Version = 1.3.0
	ViewParams = null
	Width = 1060
20 Apr 19:59:18 INFO   [geoserver.flow] - releasing flow controllers for [WMS 1.3.0 GetMap]
20 Apr 19:59:18 INFO   [geoserver.flow] - Request completed, running requests: 5, blocked requests: 0
20 Apr 19:59:18 INFO   [geoserver.flow] - releasing flow controllers for [WMS 1.3.0 GetMap]
20 Apr 19:59:18 INFO   [geoserver.flow] - Request completed, running requests: 4, blocked requests: 0
20 Apr 19:59:18 INFO   [geoserver.wms] - 
Request: getMap
	Angle = 0.0
	BaseUrl = http://localhost:8080/geoserver/
	Bbox = SRSEnvelope[5618811.362518569 : 5620670.3670066, 7224053.2663629865 : 7226971.552653632]
	BgColor = java.awt.Color[r=255,g=255,b=255]
	Buffer = 0
	Clip = null
	CQLFilter = null
	Crs = PROJCS["WGS 84 / Pseudo-Mercator", 
  GEOGCS["WGS 84", 
    DATUM["World Geodetic System 1984", 
      SPHEROID["WGS 84", 6378137.0, 298.257223563, AUTHORITY["EPSG","7030"]], 
      AUTHORITY["EPSG","6326"]], 
    PRIMEM["Greenwich", 0.0, AUTHORITY["EPSG","8901"]], 
    UNIT["degree", 0.017453292519943295], 
    AXIS["Geodetic latitude", NORTH], 
    AXIS["Geodetic longitude", EAST], 
    AUTHORITY["EPSG","4326"]], 
  PROJECTION["Popular Visualisation Pseudo Mercator", AUTHORITY["EPSG","1024"]], 
  PARAMETER["semi_minor", 6378137.0], 
  PARAMETER["latitude_of_origin", 0.0], 
  PARAMETER["central_meridian", 0.0], 
  PARAMETER["scale_factor", 1.0], 
  PARAMETER["false_easting", 0.0], 
  PARAMETER["false_northing", 0.0], 
  UNIT["m", 1.0], 
  AXIS["Easting", EAST], 
  AXIS["Northing", NORTH], 
  AUTHORITY["EPSG","3857"]]
	Elevation = []
	Env = {}
	Exceptions = SE_XML
	FeatureId = null
	FeatureVersion = null
	Filter = null
	Format = image/png
	FormatOptions = {DPI=180}
	Get = true
	Height = 1664
	Interpolations = []
	Layers = [org.geoserver.wms.MapLayerInfo@349ab7]
	MaxFeatures = null
	Palette = null
	RawKvp = {FORMAT=image/png, CRS=EPSG:3857, STYLES=, WIDTH=1060, HEIGHT=1664, LAYERS=gis:poi, TILED=true, REQUEST=GetMap, FORMAT_OPTIONS=dpi:180, BBOX=5618811.362518569,7224053.2663629865,5620670.3670066,7226971.552653632, VERSION=1.3.0, SERVICE=WMS, TRANSPARENT=TRUE}
	RemoteOwsType = null
	RemoteOwsURL = null
	Request = GetMap
	RequestCharset = UTF-8
	ScaleMethod = null
	Sld = null
	SldBody = null
	SldVersion = null
	SortBy = null
	SortByArrays = null
	SRS = urn:ogc:def:crs:EPSG::3857
	StartIndex = null
	StyleBody = null
	StyleFormat = sld
	Styles = [StyleImpl[ name=point]]
	StyleUrl = null
	StyleVersion = null
	Tiled = true
	TilesOrigin = null
	Time = []
	Transparent = true
	ValidateSchema = false
	Version = 1.3.0
	ViewParams = null
	Width = 1060
20 Apr 19:59:18 INFO   [geoserver.flow] - releasing flow controllers for [WMS 1.3.0 GetMap]
20 Apr 19:59:18 INFO   [geoserver.flow] - Request completed, running requests: 3, blocked requests: 0
20 Apr 19:59:18 INFO   [geoserver.wms] - 
Request: getMap
	Angle = 0.0
	BaseUrl = http://localhost:8080/geoserver/
	Bbox = SRSEnvelope[5619232.870649538 : 5620497.728038062, 7224556.609849173 : 7226542.19729682]
	BgColor = java.awt.Color[r=255,g=255,b=255]
	Buffer = 0
	Clip = null
	CQLFilter = null
	Crs = PROJCS["WGS 84 / Pseudo-Mercator", 
  GEOGCS["WGS 84", 
    DATUM["World Geodetic System 1984", 
      SPHEROID["WGS 84", 6378137.0, 298.257223563, AUTHORITY["EPSG","7030"]], 
      AUTHORITY["EPSG","6326"]], 
    PRIMEM["Greenwich", 0.0, AUTHORITY["EPSG","8901"]], 
    UNIT["degree", 0.017453292519943295], 
    AXIS["Geodetic latitude", NORTH], 
    AXIS["Geodetic longitude", EAST], 
    AUTHORITY["EPSG","4326"]], 
  PROJECTION["Popular Visualisation Pseudo Mercator", AUTHORITY["EPSG","1024"]], 
  PARAMETER["semi_minor", 6378137.0], 
  PARAMETER["latitude_of_origin", 0.0], 
  PARAMETER["central_meridian", 0.0], 
  PARAMETER["scale_factor", 1.0], 
  PARAMETER["false_easting", 0.0], 
  PARAMETER["false_northing", 0.0], 
  UNIT["m", 1.0], 
  AXIS["Easting", EAST], 
  AXIS["Northing", NORTH], 
  AUTHORITY["EPSG","3857"]]
	Elevation = []
	Env = {}
	Exceptions = SE_XML
	FeatureId = null
	FeatureVersion = null
	Filter = null
	Format = image/png
	FormatOptions = {DPI=180}
	Get = true
	Height = 1664
	Interpolations = []
	Layers = [org.geoserver.wms.MapLayerInfo@349ab7]
	MaxFeatures = null
	Palette = null
	RawKvp = {FORMAT=image/png, CRS=EPSG:3857, STYLES=, WIDTH=1060, HEIGHT=1664, LAYERS=gis:poi, TILED=true, REQUEST=GetMap, FORMAT_OPTIONS=dpi:180, BBOX=5619232.870649538,7224556.609849173,5620497.728038062,7226542.19729682, VERSION=1.3.0, SERVICE=WMS, TRANSPARENT=TRUE}
	RemoteOwsType = null
	RemoteOwsURL = null
	Request = GetMap
	RequestCharset = UTF-8
	ScaleMethod = null
	Sld = null
	SldBody = null
	SldVersion = null
	SortBy = null
	SortByArrays = null
	SRS = urn:ogc:def:crs:EPSG::3857
	StartIndex = null
	StyleBody = null
	StyleFormat = sld
	Styles = [StyleImpl[ name=point]]
	StyleUrl = null
	StyleVersion = null
	Tiled = true
	TilesOrigin = null
	Time = []
	Transparent = true
	ValidateSchema = false
	Version = 1.3.0
	ViewParams = null
	Width = 1060
20 Apr 19:59:18 INFO   [geoserver.wms] - 
Request: getServiceInfo
20 Apr 19:59:18 INFO   [geoserver.wms] - 
Request: getServiceInfo
20 Apr 19:59:18 INFO   [geoserver.wms] - 
Request: getServiceInfo
20 Apr 19:59:18 INFO   [geoserver.flow] - Request [WMS 1.3.0 GetMap] starting, processing through flow controllers
20 Apr 19:59:18 INFO   [geoserver.flow] - Request control-flow performed, running requests: 4, blocked requests: 0
20 Apr 19:59:18 INFO   [geoserver.flow] - Request [WMS 1.3.0 GetMap] starting, processing through flow controllers
20 Apr 19:59:18 INFO   [geoserver.flow] - Request [WMS 1.3.0 GetMap] starting, processing through flow controllers
20 Apr 19:59:18 INFO   [geoserver.flow] - Request control-flow performed, running requests: 5, blocked requests: 1
20 Apr 19:59:18 INFO   [geoserver.wms] - 
Request: getMap
	Angle = 0.0
	BaseUrl = http://localhost:8080/geoserver/
	Bbox = SRSEnvelope[5619232.870649538 : 5620497.728038062, 7224556.609849173 : 7226542.19729682]
	BgColor = java.awt.Color[r=255,g=255,b=255]
	Buffer = 0
	Clip = null
	CQLFilter = null
	Crs = PROJCS["WGS 84 / Pseudo-Mercator", 
  GEOGCS["WGS 84", 
    DATUM["World Geodetic System 1984", 
      SPHEROID["WGS 84", 6378137.0, 298.257223563, AUTHORITY["EPSG","7030"]], 
      AUTHORITY["EPSG","6326"]], 
    PRIMEM["Greenwich", 0.0, AUTHORITY["EPSG","8901"]], 
    UNIT["degree", 0.017453292519943295], 
    AXIS["Geodetic latitude", NORTH], 
    AXIS["Geodetic longitude", EAST], 
    AUTHORITY["EPSG","4326"]], 
  PROJECTION["Popular Visualisation Pseudo Mercator", AUTHORITY["EPSG","1024"]], 
  PARAMETER["semi_minor", 6378137.0], 
  PARAMETER["latitude_of_origin", 0.0], 
  PARAMETER["central_meridian", 0.0], 
  PARAMETER["scale_factor", 1.0], 
  PARAMETER["false_easting", 0.0], 
  PARAMETER["false_northing", 0.0], 
  UNIT["m", 1.0], 
  AXIS["Easting", EAST], 
  AXIS["Northing", NORTH], 
  AUTHORITY["EPSG","3857"]]
	Elevation = []
	Env = {}
	Exceptions = SE_XML
	FeatureId = null
	FeatureVersion = null
	Filter = null
	Format = image/png
	FormatOptions = {DPI=180}
	Get = true
	Height = 1664
	Interpolations = []
	Layers = [org.geoserver.wms.MapLayerInfo@c8d248ce]
	MaxFeatures = null
	Palette = null
	RawKvp = {FORMAT=image/png, CRS=EPSG:3857, STYLES=, WIDTH=1060, HEIGHT=1664, LAYERS=gis:roads, TILED=true, REQUEST=GetMap, FORMAT_OPTIONS=dpi:180, BBOX=5619232.870649538,7224556.609849173,5620497.728038062,7226542.19729682, VERSION=1.3.0, SERVICE=WMS, TRANSPARENT=TRUE}
	RemoteOwsType = null
	RemoteOwsURL = null
	Request = GetMap
	RequestCharset = UTF-8
	ScaleMethod = null
	Sld = null
	SldBody = null
	SldVersion = null
	SortBy = null
	SortByArrays = null
	SRS = urn:ogc:def:crs:EPSG::3857
	StartIndex = null
	StyleBody = null
	StyleFormat = sld
	Styles = [StyleImpl[ name=line]]
	StyleUrl = null
	StyleVersion = null
	Tiled = true
	TilesOrigin = null
	Time = []
	Transparent = true
	ValidateSchema = false
	Version = 1.3.0
	ViewParams = null
	Width = 1060
20 Apr 19:59:18 INFO   [geoserver.flow] - Request control-flow performed, running requests: 6, blocked requests: 0
20 Apr 19:59:18 INFO   [geoserver.wms] - 
Request: getMap
	Angle = 0.0
	BaseUrl = http://localhost:8080/geoserver/
	Bbox = SRSEnvelope[5619232.870649538 : 5620497.728038062, 7224556.609849173 : 7226542.19729682]
	BgColor = java.awt.Color[r=255,g=255,b=255]
	Buffer = 0
	Clip = null
	CQLFilter = null
	Crs = PROJCS["WGS 84 / Pseudo-Mercator", 
  GEOGCS["WGS 84", 
    DATUM["World Geodetic System 1984", 
      SPHEROID["WGS 84", 6378137.0, 298.257223563, AUTHORITY["EPSG","7030"]], 
      AUTHORITY["EPSG","6326"]], 
    PRIMEM["Greenwich", 0.0, AUTHORITY["EPSG","8901"]], 
    UNIT["degree", 0.017453292519943295], 
    AXIS["Geodetic latitude", NORTH], 
    AXIS["Geodetic longitude", EAST], 
    AUTHORITY["EPSG","4326"]], 
  PROJECTION["Popular Visualisation Pseudo Mercator", AUTHORITY["EPSG","1024"]], 
  PARAMETER["semi_minor", 6378137.0], 
  PARAMETER["latitude_of_origin", 0.0], 
  PARAMETER["central_meridian", 0.0], 
  PARAMETER["scale_factor", 1.0], 
  PARAMETER["false_easting", 0.0], 
  PARAMETER["false_northing", 0.0], 
  UNIT["m", 1.0], 
  AXIS["Easting", EAST], 
  AXIS["Northing", NORTH], 
  AUTHORITY["EPSG","3857"]]
	Elevation = []
	Env = {}
	Exceptions = SE_XML
	FeatureId = null
	FeatureVersion = null
	Filter = null
	Format = image/png
	FormatOptions = {DPI=180}
	Get = true
	Height = 1664
	Interpolations = []
	Layers = [org.geoserver.wms.MapLayerInfo@e4804762]
	MaxFeatures = null
	Palette = null
	RawKvp = {FORMAT=image/png, CRS=EPSG:3857, STYLES=, WIDTH=1060, HEIGHT=1664, LAYERS=gis:buildings, TILED=true, REQUEST=GetMap, FORMAT_OPTIONS=dpi:180, BBOX=5619232.870649538,7224556.609849173,5620497.728038062,7226542.19729682, VERSION=1.3.0, SERVICE=WMS, TRANSPARENT=TRUE}
	RemoteOwsType = null
	RemoteOwsURL = null
	Request = GetMap
	RequestCharset = UTF-8
	ScaleMethod = null
	Sld = null
	SldBody = null
	SldVersion = null
	SortBy = null
	SortByArrays = null
	SRS = urn:ogc:def:crs:EPSG::3857
	StartIndex = null
	StyleBody = null
	StyleFormat = sld
	Styles = [StyleImpl[ name=polygon]]
	StyleUrl = null
	StyleVersion = null
	Tiled = true
	TilesOrigin = null
	Time = []
	Transparent = true
	ValidateSchema = false
	Version = 1.3.0
	ViewParams = null
	Width = 1060
20 Apr 19:59:18 INFO   [geoserver.flow] - releasing flow controllers for [WMS 1.3.0 GetMap]
20 Apr 19:59:18 INFO   [geoserver.flow] - Request completed, running requests: 5, blocked requests: 0
20 Apr 19:59:18 INFO   [geoserver.flow] - releasing flow controllers for [WMS 1.3.0 GetMap]
20 Apr 19:59:18 INFO   [geoserver.flow] - Request completed, running requests: 4, blocked requests: 0
20 Apr 19:59:18 INFO   [geoserver.flow] - releasing flow controllers for [WMS 1.3.0 GetMap]
20 Apr 19:59:18 INFO   [geoserver.flow] - Request completed, running requests: 3, blocked requests: 0
20 Apr 19:59:18 INFO   [geoserver.wms] - 
Request: getMap
	Angle = 0.0
	BaseUrl = http://localhost:8080/geoserver/
	Bbox = SRSEnvelope[5619077.746630193 : 5620342.604018717, 7224496.946764809 : 7226482.534212456]
	BgColor = java.awt.Color[r=255,g=255,b=255]
	Buffer = 0
	Clip = null
	CQLFilter = null
	Crs = PROJCS["WGS 84 / Pseudo-Mercator", 
  GEOGCS["WGS 84", 
    DATUM["World Geodetic System 1984", 
      SPHEROID["WGS 84", 6378137.0, 298.257223563, AUTHORITY["EPSG","7030"]], 
      AUTHORITY["EPSG","6326"]], 
    PRIMEM["Greenwich", 0.0, AUTHORITY["EPSG","8901"]], 
    UNIT["degree", 0.017453292519943295], 
    AXIS["Geodetic latitude", NORTH], 
    AXIS["Geodetic longitude", EAST], 
    AUTHORITY["EPSG","4326"]], 
  PROJECTION["Popular Visualisation Pseudo Mercator", AUTHORITY["EPSG","1024"]], 
  PARAMETER["semi_minor", 6378137.0], 
  PARAMETER["latitude_of_origin", 0.0], 
  PARAMETER["central_meridian", 0.0], 
  PARAMETER["scale_factor", 1.0], 
  PARAMETER["false_easting", 0.0], 
  PARAMETER["false_northing", 0.0], 
  UNIT["m", 1.0], 
  AXIS["Easting", EAST], 
  AXIS["Northing", NORTH], 
  AUTHORITY["EPSG","3857"]]
	Elevation = []
	Env = {}
	Exceptions = SE_XML
	FeatureId = null
	FeatureVersion = null
	Filter = null
	Format = image/png
	FormatOptions = {DPI=180}
	Get = true
	Height = 1664
	Interpolations = []
	Layers = [org.geoserver.wms.MapLayerInfo@c8d248ce]
	MaxFeatures = null
	Palette = null
	RawKvp = {FORMAT=image/png, CRS=EPSG:3857, STYLES=, WIDTH=1060, HEIGHT=1664, LAYERS=gis:roads, TILED=true, REQUEST=GetMap, FORMAT_OPTIONS=dpi:180, BBOX=5619077.746630193,7224496.946764809,5620342.604018717,7226482.534212456, VERSION=1.3.0, SERVICE=WMS, TRANSPARENT=TRUE}
	RemoteOwsType = null
	RemoteOwsURL = null
	Request = GetMap
	RequestCharset = UTF-8
	ScaleMethod = null
	Sld = null
	SldBody = null
	SldVersion = null
	SortBy = null
	SortByArrays = null
	SRS = urn:ogc:def:crs:EPSG::3857
	StartIndex = null
	StyleBody = null
	StyleFormat = sld
	Styles = [StyleImpl[ name=line]]
	StyleUrl = null
	StyleVersion = null
	Tiled = true
	TilesOrigin = null
	Time = []
	Transparent = true
	ValidateSchema = false
	Version = 1.3.0
	ViewParams = null
	Width = 1060
20 Apr 19:59:18 INFO   [geoserver.wms] - 
Request: getMap
	Angle = 0.0
	BaseUrl = http://localhost:8080/geoserver/
	Bbox = SRSEnvelope[5619077.746630193 : 5620342.604018717, 7224496.946764809 : 7226482.534212456]
	BgColor = java.awt.Color[r=255,g=255,b=255]
	Buffer = 0
	Clip = null
	CQLFilter = null
	Crs = PROJCS["WGS 84 / Pseudo-Mercator", 
  GEOGCS["WGS 84", 
    DATUM["World Geodetic System 1984", 
      SPHEROID["WGS 84", 6378137.0, 298.257223563, AUTHORITY["EPSG","7030"]], 
      AUTHORITY["EPSG","6326"]], 
    PRIMEM["Greenwich", 0.0, AUTHORITY["EPSG","8901"]], 
    UNIT["degree", 0.017453292519943295], 
    AXIS["Geodetic latitude", NORTH], 
    AXIS["Geodetic longitude", EAST], 
    AUTHORITY["EPSG","4326"]], 
  PROJECTION["Popular Visualisation Pseudo Mercator", AUTHORITY["EPSG","1024"]], 
  PARAMETER["semi_minor", 6378137.0], 
  PARAMETER["latitude_of_origin", 0.0], 
  PARAMETER["central_meridian", 0.0], 
  PARAMETER["scale_factor", 1.0], 
  PARAMETER["false_easting", 0.0], 
  PARAMETER["false_northing", 0.0], 
  UNIT["m", 1.0], 
  AXIS["Easting", EAST], 
  AXIS["Northing", NORTH], 
  AUTHORITY["EPSG","3857"]]
	Elevation = []
	Env = {}
	Exceptions = SE_XML
	FeatureId = null
	FeatureVersion = null
	Filter = null
	Format = image/png
	FormatOptions = {DPI=180}
	Get = true
	Height = 1664
	Interpolations = []
	Layers = [org.geoserver.wms.MapLayerInfo@e4804762]
	MaxFeatures = null
	Palette = null
	RawKvp = {FORMAT=image/png, CRS=EPSG:3857, STYLES=, WIDTH=1060, HEIGHT=1664, LAYERS=gis:buildings, TILED=true, REQUEST=GetMap, FORMAT_OPTIONS=dpi:180, BBOX=5619077.746630193,7224496.946764809,5620342.604018717,7226482.534212456, VERSION=1.3.0, SERVICE=WMS, TRANSPARENT=TRUE}
	RemoteOwsType = null
	RemoteOwsURL = null
	Request = GetMap
	RequestCharset = UTF-8
	ScaleMethod = null
	Sld = null
	SldBody = null
	SldVersion = null
	SortBy = null
	SortByArrays = null
	SRS = urn:ogc:def:crs:EPSG::3857
	StartIndex = null
	StyleBody = null
	StyleFormat = sld
	Styles = [StyleImpl[ name=polygon]]
	StyleUrl = null
	StyleVersion = null
	Tiled = true
	TilesOrigin = null
	Time = []
	Transparent = true
	ValidateSchema = false
	Version = 1.3.0
	ViewParams = null
	Width = 1060
20 Apr 19:59:18 INFO   [geoserver.wms] - 
Request: getMap
	Angle = 0.0
	BaseUrl = http://localhost:8080/geoserver/
	Bbox = SRSEnvelope[5619077.746630193 : 5620342.604018717, 7224496.946764809 : 7226482.534212456]
	BgColor = java.awt.Color[r=255,g=255,b=255]
	Buffer = 0
	Clip = null
	CQLFilter = null
	Crs = PROJCS["WGS 84 / Pseudo-Mercator", 
  GEOGCS["WGS 84", 
    DATUM["World Geodetic System 1984", 
      SPHEROID["WGS 84", 6378137.0, 298.257223563, AUTHORITY["EPSG","7030"]], 
      AUTHORITY["EPSG","6326"]], 
    PRIMEM["Greenwich", 0.0, AUTHORITY["EPSG","8901"]], 
    UNIT["degree", 0.017453292519943295], 
    AXIS["Geodetic latitude", NORTH], 
    AXIS["Geodetic longitude", EAST], 
    AUTHORITY["EPSG","4326"]], 
  PROJECTION["Popular Visualisation Pseudo Mercator", AUTHORITY["EPSG","1024"]], 
  PARAMETER["semi_minor", 6378137.0], 
  PARAMETER["latitude_of_origin", 0.0], 
  PARAMETER["central_meridian", 0.0], 
  PARAMETER["scale_factor", 1.0], 
  PARAMETER["false_easting", 0.0], 
  PARAMETER["false_northing", 0.0], 
  UNIT["m", 1.0], 
  AXIS["Easting", EAST], 
  AXIS["Northing", NORTH], 
  AUTHORITY["EPSG","3857"]]
	Elevation = []
	Env = {}
	Exceptions = SE_XML
	FeatureId = null
	FeatureVersion = null
	Filter = null
	Format = image/png
	FormatOptions = {DPI=180}
	Get = true
	Height = 1664
	Interpolations = []
	Layers = [org.geoserver.wms.MapLayerInfo@349ab7]
	MaxFeatures = null
	Palette = null
	RawKvp = {FORMAT=image/png, CRS=EPSG:3857, STYLES=, WIDTH=1060, HEIGHT=1664, LAYERS=gis:poi, TILED=true, REQUEST=GetMap, FORMAT_OPTIONS=dpi:180, BBOX=5619077.746630193,7224496.946764809,5620342.604018717,7226482.534212456, VERSION=1.3.0, SERVICE=WMS, TRANSPARENT=TRUE}
	RemoteOwsType = null
	RemoteOwsURL = null
	Request = GetMap
	RequestCharset = UTF-8
	ScaleMethod = null
	Sld = null
	SldBody = null
	SldVersion = null
	SortBy = null
	SortByArrays = null
	SRS = urn:ogc:def:crs:EPSG::3857
	StartIndex = null
	StyleBody = null
	StyleFormat = sld
	Styles = [StyleImpl[ name=point]]
	StyleUrl = null
	StyleVersion = null
	Tiled = true
	TilesOrigin = null
	Time = []
	Transparent = true
	ValidateSchema = false
	Version = 1.3.0
	ViewParams = null
	Width = 1060
20 Apr 19:59:19 INFO   [geoserver.flow] - releasing flow controllers for [WMS 1.3.0 GetMap]
20 Apr 19:59:19 INFO   [geoserver.flow] - Request completed, running requests: 2, blocked requests: 0
20 Apr 19:59:19 INFO   [geoserver.flow] - releasing flow controllers for [WMS 1.3.0 GetMap]
20 Apr 19:59:19 INFO   [geoserver.flow] - Request completed, running requests: 1, blocked requests: 0
20 Apr 19:59:19 INFO   [geoserver.flow] - releasing flow controllers for [WMS 1.3.0 GetMap]
20 Apr 19:59:19 INFO   [geoserver.flow] - Request completed, running requests: 0, blocked requests: 0
20 Apr 19:59:19 INFO   [geoserver.wms] - 
Request: getServiceInfo
20 Apr 19:59:19 INFO   [geoserver.wms] - 
Request: getServiceInfo
20 Apr 19:59:19 INFO   [geoserver.wms] - 
Request: getServiceInfo
20 Apr 19:59:19 INFO   [geoserver.flow] - Request [WMS 1.3.0 GetMap] starting, processing through flow controllers
20 Apr 19:59:19 INFO   [geoserver.flow] - Request control-flow performed, running requests: 1, blocked requests: 1
20 Apr 19:59:19 INFO   [geoserver.flow] - Request [WMS 1.3.0 GetMap] starting, processing through flow controllers
20 Apr 19:59:19 INFO   [geoserver.flow] - Request control-flow performed, running requests: 2, blocked requests: 1
20 Apr 19:59:19 INFO   [geoserver.flow] - Request [WMS 1.3.0 GetMap] starting, processing through flow controllers
20 Apr 19:59:19 INFO   [geoserver.flow] - Request control-flow performed, running requests: 3, blocked requests: 0
20 Apr 19:59:19 INFO   [geoserver.wms] - 
Request: getMap
	Angle = 0.0
	BaseUrl = http://localhost:8080/geoserver/
	Bbox = SRSEnvelope[5619331.398950845 : 5620199.690764306, 7224807.465092452 : 7226170.519410944]
	BgColor = java.awt.Color[r=255,g=255,b=255]
	Buffer = 0
	Clip = null
	CQLFilter = null
	Crs = PROJCS["WGS 84 / Pseudo-Mercator", 
  GEOGCS["WGS 84", 
    DATUM["World Geodetic System 1984", 
      SPHEROID["WGS 84", 6378137.0, 298.257223563, AUTHORITY["EPSG","7030"]], 
      AUTHORITY["EPSG","6326"]], 
    PRIMEM["Greenwich", 0.0, AUTHORITY["EPSG","8901"]], 
    UNIT["degree", 0.017453292519943295], 
    AXIS["Geodetic latitude", NORTH], 
    AXIS["Geodetic longitude", EAST], 
    AUTHORITY["EPSG","4326"]], 
  PROJECTION["Popular Visualisation Pseudo Mercator", AUTHORITY["EPSG","1024"]], 
  PARAMETER["semi_minor", 6378137.0], 
  PARAMETER["latitude_of_origin", 0.0], 
  PARAMETER["central_meridian", 0.0], 
  PARAMETER["scale_factor", 1.0], 
  PARAMETER["false_easting", 0.0], 
  PARAMETER["false_northing", 0.0], 
  UNIT["m", 1.0], 
  AXIS["Easting", EAST], 
  AXIS["Northing", NORTH], 
  AUTHORITY["EPSG","3857"]]
	Elevation = []
	Env = {}
	Exceptions = SE_XML
	FeatureId = null
	FeatureVersion = null
	Filter = null
	Format = image/png
	FormatOptions = {DPI=180}
	Get = true
	Height = 1664
	Interpolations = []
	Layers = [org.geoserver.wms.MapLayerInfo@c8d248ce]
	MaxFeatures = null
	Palette = null
	RawKvp = {FORMAT=image/png, CRS=EPSG:3857, STYLES=, WIDTH=1060, HEIGHT=1664, LAYERS=gis:roads, TILED=true, REQUEST=GetMap, FORMAT_OPTIONS=dpi:180, BBOX=5619331.398950845,7224807.465092452,5620199.690764306,7226170.519410944, VERSION=1.3.0, SERVICE=WMS, TRANSPARENT=TRUE}
	RemoteOwsType = null
	RemoteOwsURL = null
	Request = GetMap
	RequestCharset = UTF-8
	ScaleMethod = null
	Sld = null
	SldBody = null
	SldVersion = null
	SortBy = null
	SortByArrays = null
	SRS = urn:ogc:def:crs:EPSG::3857
	StartIndex = null
	StyleBody = null
	StyleFormat = sld
	Styles = [StyleImpl[ name=line]]
	StyleUrl = null
	StyleVersion = null
	Tiled = true
	TilesOrigin = null
	Time = []
	Transparent = true
	ValidateSchema = false
	Version = 1.3.0
	ViewParams = null
	Width = 1060
20 Apr 19:59:19 INFO   [geoserver.wms] - 
Request: getMap
	Angle = 0.0
	BaseUrl = http://localhost:8080/geoserver/
	Bbox = SRSEnvelope[5619331.398950845 : 5620199.690764306, 7224807.465092452 : 7226170.519410944]
	BgColor = java.awt.Color[r=255,g=255,b=255]
	Buffer = 0
	Clip = null
	CQLFilter = null
	Crs = PROJCS["WGS 84 / Pseudo-Mercator", 
  GEOGCS["WGS 84", 
    DATUM["World Geodetic System 1984", 
      SPHEROID["WGS 84", 6378137.0, 298.257223563, AUTHORITY["EPSG","7030"]], 
      AUTHORITY["EPSG","6326"]], 
    PRIMEM["Greenwich", 0.0, AUTHORITY["EPSG","8901"]], 
    UNIT["degree", 0.017453292519943295], 
    AXIS["Geodetic latitude", NORTH], 
    AXIS["Geodetic longitude", EAST], 
    AUTHORITY["EPSG","4326"]], 
  PROJECTION["Popular Visualisation Pseudo Mercator", AUTHORITY["EPSG","1024"]], 
  PARAMETER["semi_minor", 6378137.0], 
  PARAMETER["latitude_of_origin", 0.0], 
  PARAMETER["central_meridian", 0.0], 
  PARAMETER["scale_factor", 1.0], 
  PARAMETER["false_easting", 0.0], 
  PARAMETER["false_northing", 0.0], 
  UNIT["m", 1.0], 
  AXIS["Easting", EAST], 
  AXIS["Northing", NORTH], 
  AUTHORITY["EPSG","3857"]]
	Elevation = []
	Env = {}
	Exceptions = SE_XML
	FeatureId = null
	FeatureVersion = null
	Filter = null
	Format = image/png
	FormatOptions = {DPI=180}
	Get = true
	Height = 1664
	Interpolations = []
	Layers = [org.geoserver.wms.MapLayerInfo@e4804762]
	MaxFeatures = null
	Palette = null
	RawKvp = {FORMAT=image/png, CRS=EPSG:3857, STYLES=, WIDTH=1060, HEIGHT=1664, LAYERS=gis:buildings, TILED=true, REQUEST=GetMap, FORMAT_OPTIONS=dpi:180, BBOX=5619331.398950845,7224807.465092452,5620199.690764306,7226170.519410944, VERSION=1.3.0, SERVICE=WMS, TRANSPARENT=TRUE}
	RemoteOwsType = null
	RemoteOwsURL = null
	Request = GetMap
	RequestCharset = UTF-8
	ScaleMethod = null
	Sld = null
	SldBody = null
	SldVersion = null
	SortBy = null
	SortByArrays = null
	SRS = urn:ogc:def:crs:EPSG::3857
	StartIndex = null
	StyleBody = null
	StyleFormat = sld
	Styles = [StyleImpl[ name=polygon]]
	StyleUrl = null
	StyleVersion = null
	Tiled = true
	TilesOrigin = null
	Time = []
	Transparent = true
	ValidateSchema = false
	Version = 1.3.0
	ViewParams = null
	Width = 1060
20 Apr 19:59:19 INFO   [geoserver.wms] - 
Request: getMap
	Angle = 0.0
	BaseUrl = http://localhost:8080/geoserver/
	Bbox = SRSEnvelope[5619331.398950845 : 5620199.690764306, 7224807.465092452 : 7226170.519410944]
	BgColor = java.awt.Color[r=255,g=255,b=255]
	Buffer = 0
	Clip = null
	CQLFilter = null
	Crs = PROJCS["WGS 84 / Pseudo-Mercator", 
  GEOGCS["WGS 84", 
    DATUM["World Geodetic System 1984", 
      SPHEROID["WGS 84", 6378137.0, 298.257223563, AUTHORITY["EPSG","7030"]], 
      AUTHORITY["EPSG","6326"]], 
    PRIMEM["Greenwich", 0.0, AUTHORITY["EPSG","8901"]], 
    UNIT["degree", 0.017453292519943295], 
    AXIS["Geodetic latitude", NORTH], 
    AXIS["Geodetic longitude", EAST], 
    AUTHORITY["EPSG","4326"]], 
  PROJECTION["Popular Visualisation Pseudo Mercator", AUTHORITY["EPSG","1024"]], 
  PARAMETER["semi_minor", 6378137.0], 
  PARAMETER["latitude_of_origin", 0.0], 
  PARAMETER["central_meridian", 0.0], 
  PARAMETER["scale_factor", 1.0], 
  PARAMETER["false_easting", 0.0], 
  PARAMETER["false_northing", 0.0], 
  UNIT["m", 1.0], 
  AXIS["Easting", EAST], 
  AXIS["Northing", NORTH], 
  AUTHORITY["EPSG","3857"]]
	Elevation = []
	Env = {}
	Exceptions = SE_XML
	FeatureId = null
	FeatureVersion = null
	Filter = null
	Format = image/png
	FormatOptions = {DPI=180}
	Get = true
	Height = 1664
	Interpolations = []
	Layers = [org.geoserver.wms.MapLayerInfo@349ab7]
	MaxFeatures = null
	Palette = null
	RawKvp = {FORMAT=image/png, CRS=EPSG:3857, STYLES=, WIDTH=1060, HEIGHT=1664, LAYERS=gis:poi, TILED=true, REQUEST=GetMap, FORMAT_OPTIONS=dpi:180, BBOX=5619331.398950845,7224807.465092452,5620199.690764306,7226170.519410944, VERSION=1.3.0, SERVICE=WMS, TRANSPARENT=TRUE}
	RemoteOwsType = null
	RemoteOwsURL = null
	Request = GetMap
	RequestCharset = UTF-8
	ScaleMethod = null
	Sld = null
	SldBody = null
	SldVersion = null
	SortBy = null
	SortByArrays = null
	SRS = urn:ogc:def:crs:EPSG::3857
	StartIndex = null
	StyleBody = null
	StyleFormat = sld
	Styles = [StyleImpl[ name=point]]
	StyleUrl = null
	StyleVersion = null
	Tiled = true
	TilesOrigin = null
	Time = []
	Transparent = true
	ValidateSchema = false
	Version = 1.3.0
	ViewParams = null
	Width = 1060
20 Apr 19:59:19 INFO   [geoserver.flow] - releasing flow controllers for [WMS 1.3.0 GetMap]
20 Apr 19:59:19 INFO   [geoserver.flow] - releasing flow controllers for [WMS 1.3.0 GetMap]
20 Apr 19:59:19 INFO   [geoserver.flow] - releasing flow controllers for [WMS 1.3.0 GetMap]
20 Apr 19:59:19 INFO   [geoserver.flow] - Request completed, running requests: 1, blocked requests: 0
20 Apr 19:59:19 INFO   [geoserver.flow] - Request completed, running requests: 0, blocked requests: 0
20 Apr 19:59:19 INFO   [geoserver.flow] - Request completed, running requests: 0, blocked requests: 0
20 Apr 20:03:16 INFO   [geoserver.wms] - 
Request: getServiceInfo
20 Apr 20:03:16 INFO   [geoserver.wms] - 
Request: getServiceInfo
20 Apr 20:03:16 INFO   [geoserver.wms] - 
Request: getServiceInfo
20 Apr 20:03:17 INFO   [geoserver.flow] - Request [WMS 1.3.0 GetMap] starting, processing through flow controllers
20 Apr 20:03:17 INFO   [geoserver.flow] - Request [WMS 1.3.0 GetMap] starting, processing through flow controllers
20 Apr 20:03:17 INFO   [geoserver.flow] - Request [WMS 1.3.0 GetMap] starting, processing through flow controllers
20 Apr 20:03:17 INFO   [geoserver.flow] - Request control-flow performed, running requests: 2, blocked requests: 1
20 Apr 20:03:17 INFO   [geoserver.flow] - Request control-flow performed, running requests: 2, blocked requests: 1
20 Apr 20:03:17 INFO   [geoserver.flow] - Request control-flow performed, running requests: 3, blocked requests: 0
20 Apr 20:03:17 INFO   [geoserver.wms] - 
Request: getMap
	Angle = 0.0
	BaseUrl = http://localhost:8080/geoserver/
	Bbox = SRSEnvelope[6532410.353288877 : 6825928.541903953, 7290932.550802542 : 7432799.675299829]
	BgColor = java.awt.Color[r=255,g=255,b=255]
	Buffer = 0
	Clip = null
	CQLFilter = null
	Crs = PROJCS["WGS 84 / Pseudo-Mercator", 
  GEOGCS["WGS 84", 
    DATUM["World Geodetic System 1984", 
      SPHEROID["WGS 84", 6378137.0, 298.257223563, AUTHORITY["EPSG","7030"]], 
      AUTHORITY["EPSG","6326"]], 
    PRIMEM["Greenwich", 0.0, AUTHORITY["EPSG","8901"]], 
    UNIT["degree", 0.017453292519943295], 
    AXIS["Geodetic latitude", NORTH], 
    AXIS["Geodetic longitude", EAST], 
    AUTHORITY["EPSG","4326"]], 
  PROJECTION["Popular Visualisation Pseudo Mercator", AUTHORITY["EPSG","1024"]], 
  PARAMETER["semi_minor", 6378137.0], 
  PARAMETER["latitude_of_origin", 0.0], 
  PARAMETER["central_meridian", 0.0], 
  PARAMETER["scale_factor", 1.0], 
  PARAMETER["false_easting", 0.0], 
  PARAMETER["false_northing", 0.0], 
  UNIT["m", 1.0], 
  AXIS["Easting", EAST], 
  AXIS["Northing", NORTH], 
  AUTHORITY["EPSG","3857"]]
	Elevation = []
	Env = {}
	Exceptions = SE_XML
	FeatureId = null
	FeatureVersion = null
	Filter = null
	Format = image/png
	FormatOptions = {}
	Get = true
	Height = 928
	Interpolations = []
	Layers = [org.geoserver.wms.MapLayerInfo@e4804762]
	MaxFeatures = null
	Palette = null
	RawKvp = {TILED=true, REQUEST=GetMap, FORMAT=image/png, CRS=EPSG:3857, BBOX=6532410.353288877,7290932.550802542,6825928.541903953,7432799.675299829, VERSION=1.3.0, STYLES=, SERVICE=WMS, WIDTH=1920, HEIGHT=928, TRANSPARENT=TRUE, LAYERS=gis:buildings}
	RemoteOwsType = null
	RemoteOwsURL = null
	Request = GetMap
	RequestCharset = UTF-8
	ScaleMethod = null
	Sld = null
	SldBody = null
	SldVersion = null
	SortBy = null
	SortByArrays = null
	SRS = urn:ogc:def:crs:EPSG::3857
	StartIndex = null
	StyleBody = null
	StyleFormat = sld
	Styles = [StyleImpl[ name=polygon]]
	StyleUrl = null
	StyleVersion = null
	Tiled = true
	TilesOrigin = null
	Time = []
	Transparent = true
	ValidateSchema = false
	Version = 1.3.0
	ViewParams = null
	Width = 1920
20 Apr 20:03:17 INFO   [geoserver.wms] - 
Request: getMap
	Angle = 0.0
	BaseUrl = http://localhost:8080/geoserver/
	Bbox = SRSEnvelope[6532410.353288877 : 6825928.541903953, 7290932.550802542 : 7432799.675299829]
	BgColor = java.awt.Color[r=255,g=255,b=255]
	Buffer = 0
	Clip = null
	CQLFilter = null
	Crs = PROJCS["WGS 84 / Pseudo-Mercator", 
  GEOGCS["WGS 84", 
    DATUM["World Geodetic System 1984", 
      SPHEROID["WGS 84", 6378137.0, 298.257223563, AUTHORITY["EPSG","7030"]], 
      AUTHORITY["EPSG","6326"]], 
    PRIMEM["Greenwich", 0.0, AUTHORITY["EPSG","8901"]], 
    UNIT["degree", 0.017453292519943295], 
    AXIS["Geodetic latitude", NORTH], 
    AXIS["Geodetic longitude", EAST], 
    AUTHORITY["EPSG","4326"]], 
  PROJECTION["Popular Visualisation Pseudo Mercator", AUTHORITY["EPSG","1024"]], 
  PARAMETER["semi_minor", 6378137.0], 
  PARAMETER["latitude_of_origin", 0.0], 
  PARAMETER["central_meridian", 0.0], 
  PARAMETER["scale_factor", 1.0], 
  PARAMETER["false_easting", 0.0], 
  PARAMETER["false_northing", 0.0], 
  UNIT["m", 1.0], 
  AXIS["Easting", EAST], 
  AXIS["Northing", NORTH], 
  AUTHORITY["EPSG","3857"]]
	Elevation = []
	Env = {}
	Exceptions = SE_XML
	FeatureId = null
	FeatureVersion = null
	Filter = null
	Format = image/png
	FormatOptions = {}
	Get = true
	Height = 928
	Interpolations = []
	Layers = [org.geoserver.wms.MapLayerInfo@c8d248ce]
	MaxFeatures = null
	Palette = null
	RawKvp = {TILED=true, REQUEST=GetMap, FORMAT=image/png, CRS=EPSG:3857, BBOX=6532410.353288877,7290932.550802542,6825928.541903953,7432799.675299829, VERSION=1.3.0, STYLES=, SERVICE=WMS, WIDTH=1920, HEIGHT=928, TRANSPARENT=TRUE, LAYERS=gis:roads}
	RemoteOwsType = null
	RemoteOwsURL = null
	Request = GetMap
	RequestCharset = UTF-8
	ScaleMethod = null
	Sld = null
	SldBody = null
	SldVersion = null
	SortBy = null
	SortByArrays = null
	SRS = urn:ogc:def:crs:EPSG::3857
	StartIndex = null
	StyleBody = null
	StyleFormat = sld
	Styles = [StyleImpl[ name=line]]
	StyleUrl = null
	StyleVersion = null
	Tiled = true
	TilesOrigin = null
	Time = []
	Transparent = true
	ValidateSchema = false
	Version = 1.3.0
	ViewParams = null
	Width = 1920
20 Apr 20:03:17 INFO   [geoserver.wms] - 
Request: getMap
	Angle = 0.0
	BaseUrl = http://localhost:8080/geoserver/
	Bbox = SRSEnvelope[6532410.353288877 : 6825928.541903953, 7290932.550802542 : 7432799.675299829]
	BgColor = java.awt.Color[r=255,g=255,b=255]
	Buffer = 0
	Clip = null
	CQLFilter = null
	Crs = PROJCS["WGS 84 / Pseudo-Mercator", 
  GEOGCS["WGS 84", 
    DATUM["World Geodetic System 1984", 
      SPHEROID["WGS 84", 6378137.0, 298.257223563, AUTHORITY["EPSG","7030"]], 
      AUTHORITY["EPSG","6326"]], 
    PRIMEM["Greenwich", 0.0, AUTHORITY["EPSG","8901"]], 
    UNIT["degree", 0.017453292519943295], 
    AXIS["Geodetic latitude", NORTH], 
    AXIS["Geodetic longitude", EAST], 
    AUTHORITY["EPSG","4326"]], 
  PROJECTION["Popular Visualisation Pseudo Mercator", AUTHORITY["EPSG","1024"]], 
  PARAMETER["semi_minor", 6378137.0], 
  PARAMETER["latitude_of_origin", 0.0], 
  PARAMETER["central_meridian", 0.0], 
  PARAMETER["scale_factor", 1.0], 
  PARAMETER["false_easting", 0.0], 
  PARAMETER["false_northing", 0.0], 
  UNIT["m", 1.0], 
  AXIS["Easting", EAST], 
  AXIS["Northing", NORTH], 
  AUTHORITY["EPSG","3857"]]
	Elevation = []
	Env = {}
	Exceptions = SE_XML
	FeatureId = null
	FeatureVersion = null
	Filter = null
	Format = image/png
	FormatOptions = {}
	Get = true
	Height = 928
	Interpolations = []
	Layers = [org.geoserver.wms.MapLayerInfo@349ab7]
	MaxFeatures = null
	Palette = null
	RawKvp = {TILED=true, REQUEST=GetMap, FORMAT=image/png, CRS=EPSG:3857, BBOX=6532410.353288877,7290932.550802542,6825928.541903953,7432799.675299829, VERSION=1.3.0, STYLES=, SERVICE=WMS, WIDTH=1920, HEIGHT=928, TRANSPARENT=TRUE, LAYERS=gis:poi}
	RemoteOwsType = null
	RemoteOwsURL = null
	Request = GetMap
	RequestCharset = UTF-8
	ScaleMethod = null
	Sld = null
	SldBody = null
	SldVersion = null
	SortBy = null
	SortByArrays = null
	SRS = urn:ogc:def:crs:EPSG::3857
	StartIndex = null
	StyleBody = null
	StyleFormat = sld
	Styles = [StyleImpl[ name=point]]
	StyleUrl = null
	StyleVersion = null
	Tiled = true
	TilesOrigin = null
	Time = []
	Transparent = true
	ValidateSchema = false
	Version = 1.3.0
	ViewParams = null
	Width = 1920
20 Apr 20:03:17 INFO   [geoserver.flow] - releasing flow controllers for [WMS 1.3.0 GetMap]
20 Apr 20:03:17 INFO   [geoserver.flow] - Request completed, running requests: 2, blocked requests: 0
20 Apr 20:03:17 INFO   [geoserver.flow] - releasing flow controllers for [WMS 1.3.0 GetMap]
20 Apr 20:03:17 INFO   [geoserver.flow] - Request completed, running requests: 1, blocked requests: 0
20 Apr 20:03:17 INFO   [geoserver.flow] - releasing flow controllers for [WMS 1.3.0 GetMap]
20 Apr 20:03:17 INFO   [geoserver.flow] - Request completed, running requests: 0, blocked requests: 0
20 Apr 20:08:20 INFO   [geoserver.wms] - 
Request: getServiceInfo
20 Apr 20:08:20 INFO   [geoserver.wms] - 
Request: getServiceInfo
20 Apr 20:08:20 INFO   [geoserver.wms] - 
Request: getServiceInfo
20 Apr 20:08:20 INFO   [geoserver.flow] - Request [WMS 1.3.0 GetMap] starting, processing through flow controllers
20 Apr 20:08:20 INFO   [geoserver.flow] - Request [WMS 1.3.0 GetMap] starting, processing through flow controllers
20 Apr 20:08:20 INFO   [geoserver.flow] - Request [WMS 1.3.0 GetMap] starting, processing through flow controllers
20 Apr 20:08:20 INFO   [geoserver.flow] - Request control-flow performed, running requests: 3, blocked requests: 0
20 Apr 20:08:20 INFO   [geoserver.flow] - Request control-flow performed, running requests: 3, blocked requests: 0
20 Apr 20:08:20 INFO   [geoserver.flow] - Request control-flow performed, running requests: 3, blocked requests: 0
20 Apr 20:08:22 INFO   [geoserver.wms] - 
Request: getServiceInfo
20 Apr 20:08:22 INFO   [geoserver.wms] - 
Request: getServiceInfo
20 Apr 20:08:22 INFO   [geoserver.flow] - Request [WMS 1.3.0 GetMap] starting, processing through flow controllers
20 Apr 20:08:22 INFO   [geoserver.flow] - Request control-flow performed, running requests: 4, blocked requests: 1
20 Apr 20:08:22 INFO   [geoserver.flow] - Request [WMS 1.3.0 GetMap] starting, processing through flow controllers
20 Apr 20:08:22 INFO   [geoserver.flow] - Request control-flow performed, running requests: 5, blocked requests: 0
20 Apr 20:08:22 INFO   [geoserver.wms] - 
Request: getServiceInfo
20 Apr 20:08:22 INFO   [geoserver.flow] - Request [WMS 1.3.0 GetMap] starting, processing through flow controllers
20 Apr 20:08:22 INFO   [geoserver.flow] - Request control-flow performed, running requests: 6, blocked requests: 0
20 Apr 20:08:22 INFO   [geoserver.wms] - 
Request: getMap
	Angle = 0.0
	BaseUrl = http://localhost:8080/geoserver/
	Bbox = SRSEnvelope[-40461.14297362632 : 40562.1070086605, -63541.31594162372 : 63649.89912490957]
	BgColor = java.awt.Color[r=255,g=255,b=255]
	Buffer = 0
	Clip = null
	CQLFilter = null
	Crs = PROJCS["WGS 84 / Pseudo-Mercator", 
  GEOGCS["WGS 84", 
    DATUM["World Geodetic System 1984", 
      SPHEROID["WGS 84", 6378137.0, 298.257223563, AUTHORITY["EPSG","7030"]], 
      AUTHORITY["EPSG","6326"]], 
    PRIMEM["Greenwich", 0.0, AUTHORITY["EPSG","8901"]], 
    UNIT["degree", 0.017453292519943295], 
    AXIS["Geodetic latitude", NORTH], 
    AXIS["Geodetic longitude", EAST], 
    AUTHORITY["EPSG","4326"]], 
  PROJECTION["Popular Visualisation Pseudo Mercator", AUTHORITY["EPSG","1024"]], 
  PARAMETER["semi_minor", 6378137.0], 
  PARAMETER["latitude_of_origin", 0.0], 
  PARAMETER["central_meridian", 0.0], 
  PARAMETER["scale_factor", 1.0], 
  PARAMETER["false_easting", 0.0], 
  PARAMETER["false_northing", 0.0], 
  UNIT["m", 1.0], 
  AXIS["Easting", EAST], 
  AXIS["Northing", NORTH], 
  AUTHORITY["EPSG","3857"]]
	Elevation = []
	Env = {}
	Exceptions = SE_XML
	FeatureId = null
	FeatureVersion = null
	Filter = null
	Format = image/png
	FormatOptions = {DPI=180}
	Get = true
	Height = 1664
	Interpolations = []
	Layers = [org.geoserver.wms.MapLayerInfo@e4804762]
	MaxFeatures = null
	Palette = null
	RawKvp = {FORMAT=image/png, CRS=EPSG:3857, STYLES=, WIDTH=1060, HEIGHT=1664, LAYERS=gis:buildings, TILED=true, REQUEST=GetMap, FORMAT_OPTIONS=dpi:180, BBOX=-40461.14297362632,-63541.31594162372,40562.1070086605,63649.89912490957, VERSION=1.3.0, SERVICE=WMS, TRANSPARENT=TRUE}
	RemoteOwsType = null
	RemoteOwsURL = null
	Request = GetMap
	RequestCharset = UTF-8
	ScaleMethod = null
	Sld = null
	SldBody = null
	SldVersion = null
	SortBy = null
	SortByArrays = null
	SRS = urn:ogc:def:crs:EPSG::3857
	StartIndex = null
	StyleBody = null
	StyleFormat = sld
	Styles = [StyleImpl[ name=polygon]]
	StyleUrl = null
	StyleVersion = null
	Tiled = true
	TilesOrigin = null
	Time = []
	Transparent = true
	ValidateSchema = false
	Version = 1.3.0
	ViewParams = null
	Width = 1060
20 Apr 20:08:22 INFO   [geoserver.wms] - 
Request: getMap
	Angle = 0.0
	BaseUrl = http://localhost:8080/geoserver/
	Bbox = SRSEnvelope[-40461.14297362632 : 40562.1070086605, -63541.31594162372 : 63649.89912490957]
	BgColor = java.awt.Color[r=255,g=255,b=255]
	Buffer = 0
	Clip = null
	CQLFilter = null
	Crs = PROJCS["WGS 84 / Pseudo-Mercator", 
  GEOGCS["WGS 84", 
    DATUM["World Geodetic System 1984", 
      SPHEROID["WGS 84", 6378137.0, 298.257223563, AUTHORITY["EPSG","7030"]], 
      AUTHORITY["EPSG","6326"]], 
    PRIMEM["Greenwich", 0.0, AUTHORITY["EPSG","8901"]], 
    UNIT["degree", 0.017453292519943295], 
    AXIS["Geodetic latitude", NORTH], 
    AXIS["Geodetic longitude", EAST], 
    AUTHORITY["EPSG","4326"]], 
  PROJECTION["Popular Visualisation Pseudo Mercator", AUTHORITY["EPSG","1024"]], 
  PARAMETER["semi_minor", 6378137.0], 
  PARAMETER["latitude_of_origin", 0.0], 
  PARAMETER["central_meridian", 0.0], 
  PARAMETER["scale_factor", 1.0], 
  PARAMETER["false_easting", 0.0], 
  PARAMETER["false_northing", 0.0], 
  UNIT["m", 1.0], 
  AXIS["Easting", EAST], 
  AXIS["Northing", NORTH], 
  AUTHORITY["EPSG","3857"]]
	Elevation = []
	Env = {}
	Exceptions = SE_XML
	FeatureId = null
	FeatureVersion = null
	Filter = null
	Format = image/png
	FormatOptions = {DPI=180}
	Get = true
	Height = 1664
	Interpolations = []
	Layers = [org.geoserver.wms.MapLayerInfo@349ab7]
	MaxFeatures = null
	Palette = null
	RawKvp = {FORMAT=image/png, CRS=EPSG:3857, STYLES=, WIDTH=1060, HEIGHT=1664, LAYERS=gis:poi, TILED=true, REQUEST=GetMap, FORMAT_OPTIONS=dpi:180, BBOX=-40461.14297362632,-63541.31594162372,40562.1070086605,63649.89912490957, VERSION=1.3.0, SERVICE=WMS, TRANSPARENT=TRUE}
	RemoteOwsType = null
	RemoteOwsURL = null
	Request = GetMap
	RequestCharset = UTF-8
	ScaleMethod = null
	Sld = null
	SldBody = null
	SldVersion = null
	SortBy = null
	SortByArrays = null
	SRS = urn:ogc:def:crs:EPSG::3857
	StartIndex = null
	StyleBody = null
	StyleFormat = sld
	Styles = [StyleImpl[ name=point]]
	StyleUrl = null
	StyleVersion = null
	Tiled = true
	TilesOrigin = null
	Time = []
	Transparent = true
	ValidateSchema = false
	Version = 1.3.0
	ViewParams = null
	Width = 1060
20 Apr 20:08:22 INFO   [geoserver.wms] - 
Request: getMap
	Angle = 0.0
	BaseUrl = http://localhost:8080/geoserver/
	Bbox = SRSEnvelope[-40461.14297362632 : 40562.1070086605, -63541.31594162372 : 63649.89912490957]
	BgColor = java.awt.Color[r=255,g=255,b=255]
	Buffer = 0
	Clip = null
	CQLFilter = null
	Crs = PROJCS["WGS 84 / Pseudo-Mercator", 
  GEOGCS["WGS 84", 
    DATUM["World Geodetic System 1984", 
      SPHEROID["WGS 84", 6378137.0, 298.257223563, AUTHORITY["EPSG","7030"]], 
      AUTHORITY["EPSG","6326"]], 
    PRIMEM["Greenwich", 0.0, AUTHORITY["EPSG","8901"]], 
    UNIT["degree", 0.017453292519943295], 
    AXIS["Geodetic latitude", NORTH], 
    AXIS["Geodetic longitude", EAST], 
    AUTHORITY["EPSG","4326"]], 
  PROJECTION["Popular Visualisation Pseudo Mercator", AUTHORITY["EPSG","1024"]], 
  PARAMETER["semi_minor", 6378137.0], 
  PARAMETER["latitude_of_origin", 0.0], 
  PARAMETER["central_meridian", 0.0], 
  PARAMETER["scale_factor", 1.0], 
  PARAMETER["false_easting", 0.0], 
  PARAMETER["false_northing", 0.0], 
  UNIT["m", 1.0], 
  AXIS["Easting", EAST], 
  AXIS["Northing", NORTH], 
  AUTHORITY["EPSG","3857"]]
	Elevation = []
	Env = {}
	Exceptions = SE_XML
	FeatureId = null
	FeatureVersion = null
	Filter = null
	Format = image/png
	FormatOptions = {DPI=180}
	Get = true
	Height = 1664
	Interpolations = []
	Layers = [org.geoserver.wms.MapLayerInfo@c8d248ce]
	MaxFeatures = null
	Palette = null
	RawKvp = {FORMAT=image/png, CRS=EPSG:3857, STYLES=, WIDTH=1060, HEIGHT=1664, LAYERS=gis:roads, TILED=true, REQUEST=GetMap, FORMAT_OPTIONS=dpi:180, BBOX=-40461.14297362632,-63541.31594162372,40562.1070086605,63649.89912490957, VERSION=1.3.0, SERVICE=WMS, TRANSPARENT=TRUE}
	RemoteOwsType = null
	RemoteOwsURL = null
	Request = GetMap
	RequestCharset = UTF-8
	ScaleMethod = null
	Sld = null
	SldBody = null
	SldVersion = null
	SortBy = null
	SortByArrays = null
	SRS = urn:ogc:def:crs:EPSG::3857
	StartIndex = null
	StyleBody = null
	StyleFormat = sld
	Styles = [StyleImpl[ name=line]]
	StyleUrl = null
	StyleVersion = null
	Tiled = true
	TilesOrigin = null
	Time = []
	Transparent = true
	ValidateSchema = false
	Version = 1.3.0
	ViewParams = null
	Width = 1060
20 Apr 20:08:22 INFO   [geoserver.wms] - 
Request: getMap
	Angle = 0.0
	BaseUrl = http://localhost:8080/geoserver/
	Bbox = SRSEnvelope[-77140.16031329468 : 70826.26501207394, -122906.0186043566 : 109373.35096301448]
	BgColor = java.awt.Color[r=255,g=255,b=255]
	Buffer = 0
	Clip = null
	CQLFilter = null
	Crs = PROJCS["WGS 84 / Pseudo-Mercator", 
  GEOGCS["WGS 84", 
    DATUM["World Geodetic System 1984", 
      SPHEROID["WGS 84", 6378137.0, 298.257223563, AUTHORITY["EPSG","7030"]], 
      AUTHORITY["EPSG","6326"]], 
    PRIMEM["Greenwich", 0.0, AUTHORITY["EPSG","8901"]], 
    UNIT["degree", 0.017453292519943295], 
    AXIS["Geodetic latitude", NORTH], 
    AXIS["Geodetic longitude", EAST], 
    AUTHORITY["EPSG","4326"]], 
  PROJECTION["Popular Visualisation Pseudo Mercator", AUTHORITY["EPSG","1024"]], 
  PARAMETER["semi_minor", 6378137.0], 
  PARAMETER["latitude_of_origin", 0.0], 
  PARAMETER["central_meridian", 0.0], 
  PARAMETER["scale_factor", 1.0], 
  PARAMETER["false_easting", 0.0], 
  PARAMETER["false_northing", 0.0], 
  UNIT["m", 1.0], 
  AXIS["Easting", EAST], 
  AXIS["Northing", NORTH], 
  AUTHORITY["EPSG","3857"]]
	Elevation = []
	Env = {}
	Exceptions = SE_XML
	FeatureId = null
	FeatureVersion = null
	Filter = null
	Format = image/png
	FormatOptions = {DPI=180}
	Get = true
	Height = 1664
	Interpolations = []
	Layers = [org.geoserver.wms.MapLayerInfo@c8d248ce]
	MaxFeatures = null
	Palette = null
	RawKvp = {FORMAT=image/png, CRS=EPSG:3857, STYLES=, WIDTH=1060, HEIGHT=1664, LAYERS=gis:roads, TILED=true, REQUEST=GetMap, FORMAT_OPTIONS=dpi:180, BBOX=-77140.16031329468,-122906.0186043566,70826.26501207394,109373.35096301448, VERSION=1.3.0, SERVICE=WMS, TRANSPARENT=TRUE}
	RemoteOwsType = null
	RemoteOwsURL = null
	Request = GetMap
	RequestCharset = UTF-8
	ScaleMethod = null
	Sld = null
	SldBody = null
	SldVersion = null
	SortBy = null
	SortByArrays = null
	SRS = urn:ogc:def:crs:EPSG::3857
	StartIndex = null
	StyleBody = null
	StyleFormat = sld
	Styles = [StyleImpl[ name=line]]
	StyleUrl = null
	StyleVersion = null
	Tiled = true
	TilesOrigin = null
	Time = []
	Transparent = true
	ValidateSchema = false
	Version = 1.3.0
	ViewParams = null
	Width = 1060
20 Apr 20:08:22 INFO   [geoserver.wms] - 
Request: getMap
	Angle = 0.0
	BaseUrl = http://localhost:8080/geoserver/
	Bbox = SRSEnvelope[-77140.16031329468 : 70826.26501207394, -122906.0186043566 : 109373.35096301448]
	BgColor = java.awt.Color[r=255,g=255,b=255]
	Buffer = 0
	Clip = null
	CQLFilter = null
	Crs = PROJCS["WGS 84 / Pseudo-Mercator", 
  GEOGCS["WGS 84", 
    DATUM["World Geodetic System 1984", 
      SPHEROID["WGS 84", 6378137.0, 298.257223563, AUTHORITY["EPSG","7030"]], 
      AUTHORITY["EPSG","6326"]], 
    PRIMEM["Greenwich", 0.0, AUTHORITY["EPSG","8901"]], 
    UNIT["degree", 0.017453292519943295], 
    AXIS["Geodetic latitude", NORTH], 
    AXIS["Geodetic longitude", EAST], 
    AUTHORITY["EPSG","4326"]], 
  PROJECTION["Popular Visualisation Pseudo Mercator", AUTHORITY["EPSG","1024"]], 
  PARAMETER["semi_minor", 6378137.0], 
  PARAMETER["latitude_of_origin", 0.0], 
  PARAMETER["central_meridian", 0.0], 
  PARAMETER["scale_factor", 1.0], 
  PARAMETER["false_easting", 0.0], 
  PARAMETER["false_northing", 0.0], 
  UNIT["m", 1.0], 
  AXIS["Easting", EAST], 
  AXIS["Northing", NORTH], 
  AUTHORITY["EPSG","3857"]]
	Elevation = []
	Env = {}
	Exceptions = SE_XML
	FeatureId = null
	FeatureVersion = null
	Filter = null
	Format = image/png
	FormatOptions = {DPI=180}
	Get = true
	Height = 1664
	Interpolations = []
	Layers = [org.geoserver.wms.MapLayerInfo@e4804762]
	MaxFeatures = null
	Palette = null
	RawKvp = {FORMAT=image/png, CRS=EPSG:3857, STYLES=, WIDTH=1060, HEIGHT=1664, LAYERS=gis:buildings, TILED=true, REQUEST=GetMap, FORMAT_OPTIONS=dpi:180, BBOX=-77140.16031329468,-122906.0186043566,70826.26501207394,109373.35096301448, VERSION=1.3.0, SERVICE=WMS, TRANSPARENT=TRUE}
	RemoteOwsType = null
	RemoteOwsURL = null
	Request = GetMap
	RequestCharset = UTF-8
	ScaleMethod = null
	Sld = null
	SldBody = null
	SldVersion = null
	SortBy = null
	SortByArrays = null
	SRS = urn:ogc:def:crs:EPSG::3857
	StartIndex = null
	StyleBody = null
	StyleFormat = sld
	Styles = [StyleImpl[ name=polygon]]
	StyleUrl = null
	StyleVersion = null
	Tiled = true
	TilesOrigin = null
	Time = []
	Transparent = true
	ValidateSchema = false
	Version = 1.3.0
	ViewParams = null
	Width = 1060
20 Apr 20:08:22 INFO   [geoserver.wms] - 
Request: getMap
	Angle = 0.0
	BaseUrl = http://localhost:8080/geoserver/
	Bbox = SRSEnvelope[-77140.16031329468 : 70826.26501207394, -122906.0186043566 : 109373.35096301448]
	BgColor = java.awt.Color[r=255,g=255,b=255]
	Buffer = 0
	Clip = null
	CQLFilter = null
	Crs = PROJCS["WGS 84 / Pseudo-Mercator", 
  GEOGCS["WGS 84", 
    DATUM["World Geodetic System 1984", 
      SPHEROID["WGS 84", 6378137.0, 298.257223563, AUTHORITY["EPSG","7030"]], 
      AUTHORITY["EPSG","6326"]], 
    PRIMEM["Greenwich", 0.0, AUTHORITY["EPSG","8901"]], 
    UNIT["degree", 0.017453292519943295], 
    AXIS["Geodetic latitude", NORTH], 
    AXIS["Geodetic longitude", EAST], 
    AUTHORITY["EPSG","4326"]], 
  PROJECTION["Popular Visualisation Pseudo Mercator", AUTHORITY["EPSG","1024"]], 
  PARAMETER["semi_minor", 6378137.0], 
  PARAMETER["latitude_of_origin", 0.0], 
  PARAMETER["central_meridian", 0.0], 
  PARAMETER["scale_factor", 1.0], 
  PARAMETER["false_easting", 0.0], 
  PARAMETER["false_northing", 0.0], 
  UNIT["m", 1.0], 
  AXIS["Easting", EAST], 
  AXIS["Northing", NORTH], 
  AUTHORITY["EPSG","3857"]]
	Elevation = []
	Env = {}
	Exceptions = SE_XML
	FeatureId = null
	FeatureVersion = null
	Filter = null
	Format = image/png
	FormatOptions = {DPI=180}
	Get = true
	Height = 1664
	Interpolations = []
	Layers = [org.geoserver.wms.MapLayerInfo@349ab7]
	MaxFeatures = null
	Palette = null
	RawKvp = {FORMAT=image/png, CRS=EPSG:3857, STYLES=, WIDTH=1060, HEIGHT=1664, LAYERS=gis:poi, TILED=true, REQUEST=GetMap, FORMAT_OPTIONS=dpi:180, BBOX=-77140.16031329468,-122906.0186043566,70826.26501207394,109373.35096301448, VERSION=1.3.0, SERVICE=WMS, TRANSPARENT=TRUE}
	RemoteOwsType = null
	RemoteOwsURL = null
	Request = GetMap
	RequestCharset = UTF-8
	ScaleMethod = null
	Sld = null
	SldBody = null
	SldVersion = null
	SortBy = null
	SortByArrays = null
	SRS = urn:ogc:def:crs:EPSG::3857
	StartIndex = null
	StyleBody = null
	StyleFormat = sld
	Styles = [StyleImpl[ name=point]]
	StyleUrl = null
	StyleVersion = null
	Tiled = true
	TilesOrigin = null
	Time = []
	Transparent = true
	ValidateSchema = false
	Version = 1.3.0
	ViewParams = null
	Width = 1060
20 Apr 20:08:22 INFO   [geoserver.flow] - releasing flow controllers for [WMS 1.3.0 GetMap]
20 Apr 20:08:22 INFO   [geoserver.flow] - releasing flow controllers for [WMS 1.3.0 GetMap]
20 Apr 20:08:22 INFO   [geoserver.flow] - releasing flow controllers for [WMS 1.3.0 GetMap]
20 Apr 20:08:22 INFO   [geoserver.flow] - releasing flow controllers for [WMS 1.3.0 GetMap]
20 Apr 20:08:22 INFO   [geoserver.flow] - releasing flow controllers for [WMS 1.3.0 GetMap]
20 Apr 20:08:22 INFO   [geoserver.flow] - Request completed, running requests: 0, blocked requests: 0
20 Apr 20:08:22 INFO   [geoserver.flow] - releasing flow controllers for [WMS 1.3.0 GetMap]
20 Apr 20:08:22 INFO   [geoserver.flow] - Request completed, running requests: 0, blocked requests: 0
20 Apr 20:08:22 INFO   [geoserver.flow] - Request completed, running requests: 0, blocked requests: 0
20 Apr 20:08:22 INFO   [geoserver.flow] - Request completed, running requests: 0, blocked requests: 0
20 Apr 20:08:22 INFO   [geoserver.flow] - Request completed, running requests: 0, blocked requests: 0
20 Apr 20:08:22 INFO   [geoserver.flow] - Request completed, running requests: 0, blocked requests: 0
20 Apr 20:08:22 INFO   [geoserver.wms] - 
Request: getServiceInfo
20 Apr 20:08:22 INFO   [geoserver.wms] - 
Request: getServiceInfo
20 Apr 20:08:22 INFO   [geoserver.flow] - Request [WMS 1.3.0 GetMap] starting, processing through flow controllers
20 Apr 20:08:22 INFO   [geoserver.flow] - Request control-flow performed, running requests: 1, blocked requests: 0
20 Apr 20:08:22 INFO   [geoserver.flow] - Request [WMS 1.3.0 GetMap] starting, processing through flow controllers
20 Apr 20:08:22 INFO   [geoserver.flow] - Request control-flow performed, running requests: 2, blocked requests: 0
20 Apr 20:08:22 INFO   [geoserver.wms] - 
Request: getServiceInfo
20 Apr 20:08:22 INFO   [geoserver.flow] - Request [WMS 1.3.0 GetMap] starting, processing through flow controllers
20 Apr 20:08:22 INFO   [geoserver.flow] - Request control-flow performed, running requests: 3, blocked requests: 0
20 Apr 20:08:22 INFO   [geoserver.wms] - 
Request: getServiceInfo
20 Apr 20:08:22 INFO   [geoserver.wms] - 
Request: getServiceInfo
20 Apr 20:08:22 INFO   [geoserver.wms] - 
Request: getServiceInfo
20 Apr 20:08:22 INFO   [geoserver.flow] - Request [WMS 1.3.0 GetMap] starting, processing through flow controllers
20 Apr 20:08:22 INFO   [geoserver.flow] - Request [WMS 1.3.0 GetMap] starting, processing through flow controllers
20 Apr 20:08:22 INFO   [geoserver.flow] - Request control-flow performed, running requests: 4, blocked requests: 0
20 Apr 20:08:22 INFO   [geoserver.flow] - Request control-flow performed, running requests: 5, blocked requests: 0
20 Apr 20:08:22 INFO   [geoserver.flow] - Request [WMS 1.3.0 GetMap] starting, processing through flow controllers
20 Apr 20:08:22 INFO   [geoserver.flow] - Request control-flow performed, running requests: 6, blocked requests: 0
20 Apr 20:08:23 INFO   [geoserver.wms] - 
Request: getMap
	Angle = 0.0
	BaseUrl = http://localhost:8080/geoserver/
	Bbox = SRSEnvelope[-120575.97759442886 : 108520.93486625866, -194851.92229039414 : 164787.0044403455]
	BgColor = java.awt.Color[r=255,g=255,b=255]
	Buffer = 0
	Clip = null
	CQLFilter = null
	Crs = PROJCS["WGS 84 / Pseudo-Mercator", 
  GEOGCS["WGS 84", 
    DATUM["World Geodetic System 1984", 
      SPHEROID["WGS 84", 6378137.0, 298.257223563, AUTHORITY["EPSG","7030"]], 
      AUTHORITY["EPSG","6326"]], 
    PRIMEM["Greenwich", 0.0, AUTHORITY["EPSG","8901"]], 
    UNIT["degree", 0.017453292519943295], 
    AXIS["Geodetic latitude", NORTH], 
    AXIS["Geodetic longitude", EAST], 
    AUTHORITY["EPSG","4326"]], 
  PROJECTION["Popular Visualisation Pseudo Mercator", AUTHORITY["EPSG","1024"]], 
  PARAMETER["semi_minor", 6378137.0], 
  PARAMETER["latitude_of_origin", 0.0], 
  PARAMETER["central_meridian", 0.0], 
  PARAMETER["scale_factor", 1.0], 
  PARAMETER["false_easting", 0.0], 
  PARAMETER["false_northing", 0.0], 
  UNIT["m", 1.0], 
  AXIS["Easting", EAST], 
  AXIS["Northing", NORTH], 
  AUTHORITY["EPSG","3857"]]
	Elevation = []
	Env = {}
	Exceptions = SE_XML
	FeatureId = null
	FeatureVersion = null
	Filter = null
	Format = image/png
	FormatOptions = {DPI=180}
	Get = true
	Height = 1664
	Interpolations = []
	Layers = [org.geoserver.wms.MapLayerInfo@c8d248ce]
	MaxFeatures = null
	Palette = null
	RawKvp = {FORMAT=image/png, CRS=EPSG:3857, STYLES=, WIDTH=1060, HEIGHT=1664, LAYERS=gis:roads, TILED=true, REQUEST=GetMap, FORMAT_OPTIONS=dpi:180, BBOX=-120575.97759442886,-194851.92229039414,108520.93486625866,164787.0044403455, VERSION=1.3.0, SERVICE=WMS, TRANSPARENT=TRUE}
	RemoteOwsType = null
	RemoteOwsURL = null
	Request = GetMap
	RequestCharset = UTF-8
	ScaleMethod = null
	Sld = null
	SldBody = null
	SldVersion = null
	SortBy = null
	SortByArrays = null
	SRS = urn:ogc:def:crs:EPSG::3857
	StartIndex = null
	StyleBody = null
	StyleFormat = sld
	Styles = [StyleImpl[ name=line]]
	StyleUrl = null
	StyleVersion = null
	Tiled = true
	TilesOrigin = null
	Time = []
	Transparent = true
	ValidateSchema = false
	Version = 1.3.0
	ViewParams = null
	Width = 1060
20 Apr 20:08:23 INFO   [geoserver.wms] - 
Request: getMap
	Angle = 0.0
	BaseUrl = http://localhost:8080/geoserver/
	Bbox = SRSEnvelope[-120575.97759442886 : 108520.93486625866, -194851.92229039414 : 164787.0044403455]
	BgColor = java.awt.Color[r=255,g=255,b=255]
	Buffer = 0
	Clip = null
	CQLFilter = null
	Crs = PROJCS["WGS 84 / Pseudo-Mercator", 
  GEOGCS["WGS 84", 
    DATUM["World Geodetic System 1984", 
      SPHEROID["WGS 84", 6378137.0, 298.257223563, AUTHORITY["EPSG","7030"]], 
      AUTHORITY["EPSG","6326"]], 
    PRIMEM["Greenwich", 0.0, AUTHORITY["EPSG","8901"]], 
    UNIT["degree", 0.017453292519943295], 
    AXIS["Geodetic latitude", NORTH], 
    AXIS["Geodetic longitude", EAST], 
    AUTHORITY["EPSG","4326"]], 
  PROJECTION["Popular Visualisation Pseudo Mercator", AUTHORITY["EPSG","1024"]], 
  PARAMETER["semi_minor", 6378137.0], 
  PARAMETER["latitude_of_origin", 0.0], 
  PARAMETER["central_meridian", 0.0], 
  PARAMETER["scale_factor", 1.0], 
  PARAMETER["false_easting", 0.0], 
  PARAMETER["false_northing", 0.0], 
  UNIT["m", 1.0], 
  AXIS["Easting", EAST], 
  AXIS["Northing", NORTH], 
  AUTHORITY["EPSG","3857"]]
	Elevation = []
	Env = {}
	Exceptions = SE_XML
	FeatureId = null
	FeatureVersion = null
	Filter = null
	Format = image/png
	FormatOptions = {DPI=180}
	Get = true
	Height = 1664
	Interpolations = []
	Layers = [org.geoserver.wms.MapLayerInfo@e4804762]
	MaxFeatures = null
	Palette = null
	RawKvp = {FORMAT=image/png, CRS=EPSG:3857, STYLES=, WIDTH=1060, HEIGHT=1664, LAYERS=gis:buildings, TILED=true, REQUEST=GetMap, FORMAT_OPTIONS=dpi:180, BBOX=-120575.97759442886,-194851.92229039414,108520.93486625866,164787.0044403455, VERSION=1.3.0, SERVICE=WMS, TRANSPARENT=TRUE}
	RemoteOwsType = null
	RemoteOwsURL = null
	Request = GetMap
	RequestCharset = UTF-8
	ScaleMethod = null
	Sld = null
	SldBody = null
	SldVersion = null
	SortBy = null
	SortByArrays = null
	SRS = urn:ogc:def:crs:EPSG::3857
	StartIndex = null
	StyleBody = null
	StyleFormat = sld
	Styles = [StyleImpl[ name=polygon]]
	StyleUrl = null
	StyleVersion = null
	Tiled = true
	TilesOrigin = null
	Time = []
	Transparent = true
	ValidateSchema = false
	Version = 1.3.0
	ViewParams = null
	Width = 1060
20 Apr 20:08:23 INFO   [geoserver.wms] - 
Request: getMap
	Angle = 0.0
	BaseUrl = http://localhost:8080/geoserver/
	Bbox = SRSEnvelope[-120575.97759442886 : 108520.93486625866, -194851.92229039414 : 164787.0044403455]
	BgColor = java.awt.Color[r=255,g=255,b=255]
	Buffer = 0
	Clip = null
	CQLFilter = null
	Crs = PROJCS["WGS 84 / Pseudo-Mercator", 
  GEOGCS["WGS 84", 
    DATUM["World Geodetic System 1984", 
      SPHEROID["WGS 84", 6378137.0, 298.257223563, AUTHORITY["EPSG","7030"]], 
      AUTHORITY["EPSG","6326"]], 
    PRIMEM["Greenwich", 0.0, AUTHORITY["EPSG","8901"]], 
    UNIT["degree", 0.017453292519943295], 
    AXIS["Geodetic latitude", NORTH], 
    AXIS["Geodetic longitude", EAST], 
    AUTHORITY["EPSG","4326"]], 
  PROJECTION["Popular Visualisation Pseudo Mercator", AUTHORITY["EPSG","1024"]], 
  PARAMETER["semi_minor", 6378137.0], 
  PARAMETER["latitude_of_origin", 0.0], 
  PARAMETER["central_meridian", 0.0], 
  PARAMETER["scale_factor", 1.0], 
  PARAMETER["false_easting", 0.0], 
  PARAMETER["false_northing", 0.0], 
  UNIT["m", 1.0], 
  AXIS["Easting", EAST], 
  AXIS["Northing", NORTH], 
  AUTHORITY["EPSG","3857"]]
	Elevation = []
	Env = {}
	Exceptions = SE_XML
	FeatureId = null
	FeatureVersion = null
	Filter = null
	Format = image/png
	FormatOptions = {DPI=180}
	Get = true
	Height = 1664
	Interpolations = []
	Layers = [org.geoserver.wms.MapLayerInfo@349ab7]
	MaxFeatures = null
	Palette = null
	RawKvp = {FORMAT=image/png, CRS=EPSG:3857, STYLES=, WIDTH=1060, HEIGHT=1664, LAYERS=gis:poi, TILED=true, REQUEST=GetMap, FORMAT_OPTIONS=dpi:180, BBOX=-120575.97759442886,-194851.92229039414,108520.93486625866,164787.0044403455, VERSION=1.3.0, SERVICE=WMS, TRANSPARENT=TRUE}
	RemoteOwsType = null
	RemoteOwsURL = null
	Request = GetMap
	RequestCharset = UTF-8
	ScaleMethod = null
	Sld = null
	SldBody = null
	SldVersion = null
	SortBy = null
	SortByArrays = null
	SRS = urn:ogc:def:crs:EPSG::3857
	StartIndex = null
	StyleBody = null
	StyleFormat = sld
	Styles = [StyleImpl[ name=point]]
	StyleUrl = null
	StyleVersion = null
	Tiled = true
	TilesOrigin = null
	Time = []
	Transparent = true
	ValidateSchema = false
	Version = 1.3.0
	ViewParams = null
	Width = 1060
20 Apr 20:08:23 INFO   [geoserver.flow] - releasing flow controllers for [WMS 1.3.0 GetMap]
20 Apr 20:08:23 INFO   [geoserver.flow] - Request completed, running requests: 5, blocked requests: 0
20 Apr 20:08:23 INFO   [geoserver.flow] - releasing flow controllers for [WMS 1.3.0 GetMap]
20 Apr 20:08:23 INFO   [geoserver.flow] - Request completed, running requests: 4, blocked requests: 0
20 Apr 20:08:23 INFO   [geoserver.wms] - 
Request: getMap
	Angle = 0.0
	BaseUrl = http://localhost:8080/geoserver/
	Bbox = SRSEnvelope[-215874.61300824652 : 192329.66388266569, -353682.98131342354 : 287120.71373042354]
	BgColor = java.awt.Color[r=255,g=255,b=255]
	Buffer = 0
	Clip = null
	CQLFilter = null
	Crs = PROJCS["WGS 84 / Pseudo-Mercator", 
  GEOGCS["WGS 84", 
    DATUM["World Geodetic System 1984", 
      SPHEROID["WGS 84", 6378137.0, 298.257223563, AUTHORITY["EPSG","7030"]], 
      AUTHORITY["EPSG","6326"]], 
    PRIMEM["Greenwich", 0.0, AUTHORITY["EPSG","8901"]], 
    UNIT["degree", 0.017453292519943295], 
    AXIS["Geodetic latitude", NORTH], 
    AXIS["Geodetic longitude", EAST], 
    AUTHORITY["EPSG","4326"]], 
  PROJECTION["Popular Visualisation Pseudo Mercator", AUTHORITY["EPSG","1024"]], 
  PARAMETER["semi_minor", 6378137.0], 
  PARAMETER["latitude_of_origin", 0.0], 
  PARAMETER["central_meridian", 0.0], 
  PARAMETER["scale_factor", 1.0], 
  PARAMETER["false_easting", 0.0], 
  PARAMETER["false_northing", 0.0], 
  UNIT["m", 1.0], 
  AXIS["Easting", EAST], 
  AXIS["Northing", NORTH], 
  AUTHORITY["EPSG","3857"]]
	Elevation = []
	Env = {}
	Exceptions = SE_XML
	FeatureId = null
	FeatureVersion = null
	Filter = null
	Format = image/png
	FormatOptions = {DPI=180}
	Get = true
	Height = 1664
	Interpolations = []
	Layers = [org.geoserver.wms.MapLayerInfo@c8d248ce]
	MaxFeatures = null
	Palette = null
	RawKvp = {FORMAT=image/png, CRS=EPSG:3857, STYLES=, WIDTH=1060, HEIGHT=1664, LAYERS=gis:roads, TILED=true, REQUEST=GetMap, FORMAT_OPTIONS=dpi:180, BBOX=-215874.61300824652,-353682.98131342354,192329.66388266569,287120.71373042354, VERSION=1.3.0, SERVICE=WMS, TRANSPARENT=TRUE}
	RemoteOwsType = null
	RemoteOwsURL = null
	Request = GetMap
	RequestCharset = UTF-8
	ScaleMethod = null
	Sld = null
	SldBody = null
	SldVersion = null
	SortBy = null
	SortByArrays = null
	SRS = urn:ogc:def:crs:EPSG::3857
	StartIndex = null
	StyleBody = null
	StyleFormat = sld
	Styles = [StyleImpl[ name=line]]
	StyleUrl = null
	StyleVersion = null
	Tiled = true
	TilesOrigin = null
	Time = []
	Transparent = true
	ValidateSchema = false
	Version = 1.3.0
	ViewParams = null
	Width = 1060
20 Apr 20:08:23 INFO   [geoserver.flow] - releasing flow controllers for [WMS 1.3.0 GetMap]
20 Apr 20:08:23 INFO   [geoserver.flow] - Request completed, running requests: 3, blocked requests: 0
20 Apr 20:08:23 INFO   [geoserver.wms] - 
Request: getMap
	Angle = 0.0
	BaseUrl = http://localhost:8080/geoserver/
	Bbox = SRSEnvelope[-215874.61300824652 : 192329.66388266569, -353682.98131342354 : 287120.71373042354]
	BgColor = java.awt.Color[r=255,g=255,b=255]
	Buffer = 0
	Clip = null
	CQLFilter = null
	Crs = PROJCS["WGS 84 / Pseudo-Mercator", 
  GEOGCS["WGS 84", 
    DATUM["World Geodetic System 1984", 
      SPHEROID["WGS 84", 6378137.0, 298.257223563, AUTHORITY["EPSG","7030"]], 
      AUTHORITY["EPSG","6326"]], 
    PRIMEM["Greenwich", 0.0, AUTHORITY["EPSG","8901"]], 
    UNIT["degree", 0.017453292519943295], 
    AXIS["Geodetic latitude", NORTH], 
    AXIS["Geodetic longitude", EAST], 
    AUTHORITY["EPSG","4326"]], 
  PROJECTION["Popular Visualisation Pseudo Mercator", AUTHORITY["EPSG","1024"]], 
  PARAMETER["semi_minor", 6378137.0], 
  PARAMETER["latitude_of_origin", 0.0], 
  PARAMETER["central_meridian", 0.0], 
  PARAMETER["scale_factor", 1.0], 
  PARAMETER["false_easting", 0.0], 
  PARAMETER["false_northing", 0.0], 
  UNIT["m", 1.0], 
  AXIS["Easting", EAST], 
  AXIS["Northing", NORTH], 
  AUTHORITY["EPSG","3857"]]
	Elevation = []
	Env = {}
	Exceptions = SE_XML
	FeatureId = null
	FeatureVersion = null
	Filter = null
	Format = image/png
	FormatOptions = {DPI=180}
	Get = true
	Height = 1664
	Interpolations = []
	Layers = [org.geoserver.wms.MapLayerInfo@e4804762]
	MaxFeatures = null
	Palette = null
	RawKvp = {FORMAT=image/png, CRS=EPSG:3857, STYLES=, WIDTH=1060, HEIGHT=1664, LAYERS=gis:buildings, TILED=true, REQUEST=GetMap, FORMAT_OPTIONS=dpi:180, BBOX=-215874.61300824652,-353682.98131342354,192329.66388266569,287120.71373042354, VERSION=1.3.0, SERVICE=WMS, TRANSPARENT=TRUE}
	RemoteOwsType = null
	RemoteOwsURL = null
	Request = GetMap
	RequestCharset = UTF-8
	ScaleMethod = null
	Sld = null
	SldBody = null
	SldVersion = null
	SortBy = null
	SortByArrays = null
	SRS = urn:ogc:def:crs:EPSG::3857
	StartIndex = null
	StyleBody = null
	StyleFormat = sld
	Styles = [StyleImpl[ name=polygon]]
	StyleUrl = null
	StyleVersion = null
	Tiled = true
	TilesOrigin = null
	Time = []
	Transparent = true
	ValidateSchema = false
	Version = 1.3.0
	ViewParams = null
	Width = 1060
20 Apr 20:08:23 INFO   [geoserver.wms] - 
Request: getMap
	Angle = 0.0
	BaseUrl = http://localhost:8080/geoserver/
	Bbox = SRSEnvelope[-215874.61300824652 : 192329.66388266569, -353682.98131342354 : 287120.71373042354]
	BgColor = java.awt.Color[r=255,g=255,b=255]
	Buffer = 0
	Clip = null
	CQLFilter = null
	Crs = PROJCS["WGS 84 / Pseudo-Mercator", 
  GEOGCS["WGS 84", 
    DATUM["World Geodetic System 1984", 
      SPHEROID["WGS 84", 6378137.0, 298.257223563, AUTHORITY["EPSG","7030"]], 
      AUTHORITY["EPSG","6326"]], 
    PRIMEM["Greenwich", 0.0, AUTHORITY["EPSG","8901"]], 
    UNIT["degree", 0.017453292519943295], 
    AXIS["Geodetic latitude", NORTH], 
    AXIS["Geodetic longitude", EAST], 
    AUTHORITY["EPSG","4326"]], 
  PROJECTION["Popular Visualisation Pseudo Mercator", AUTHORITY["EPSG","1024"]], 
  PARAMETER["semi_minor", 6378137.0], 
  PARAMETER["latitude_of_origin", 0.0], 
  PARAMETER["central_meridian", 0.0], 
  PARAMETER["scale_factor", 1.0], 
  PARAMETER["false_easting", 0.0], 
  PARAMETER["false_northing", 0.0], 
  UNIT["m", 1.0], 
  AXIS["Easting", EAST], 
  AXIS["Northing", NORTH], 
  AUTHORITY["EPSG","3857"]]
	Elevation = []
	Env = {}
	Exceptions = SE_XML
	FeatureId = null
	FeatureVersion = null
	Filter = null
	Format = image/png
	FormatOptions = {DPI=180}
	Get = true
	Height = 1664
	Interpolations = []
	Layers = [org.geoserver.wms.MapLayerInfo@349ab7]
	MaxFeatures = null
	Palette = null
	RawKvp = {FORMAT=image/png, CRS=EPSG:3857, STYLES=, WIDTH=1060, HEIGHT=1664, LAYERS=gis:poi, TILED=true, REQUEST=GetMap, FORMAT_OPTIONS=dpi:180, BBOX=-215874.61300824652,-353682.98131342354,192329.66388266569,287120.71373042354, VERSION=1.3.0, SERVICE=WMS, TRANSPARENT=TRUE}
	RemoteOwsType = null
	RemoteOwsURL = null
	Request = GetMap
	RequestCharset = UTF-8
	ScaleMethod = null
	Sld = null
	SldBody = null
	SldVersion = null
	SortBy = null
	SortByArrays = null
	SRS = urn:ogc:def:crs:EPSG::3857
	StartIndex = null
	StyleBody = null
	StyleFormat = sld
	Styles = [StyleImpl[ name=point]]
	StyleUrl = null
	StyleVersion = null
	Tiled = true
	TilesOrigin = null
	Time = []
	Transparent = true
	ValidateSchema = false
	Version = 1.3.0
	ViewParams = null
	Width = 1060
20 Apr 20:08:23 INFO   [geoserver.wms] - 
Request: getServiceInfo
20 Apr 20:08:23 INFO   [geoserver.wms] - 
Request: getServiceInfo
20 Apr 20:08:23 INFO   [geoserver.wms] - 
Request: getServiceInfo
20 Apr 20:08:23 INFO   [geoserver.flow] - Request [WMS 1.3.0 GetMap] starting, processing through flow controllers
20 Apr 20:08:23 INFO   [geoserver.flow] - Request [WMS 1.3.0 GetMap] starting, processing through flow controllers
20 Apr 20:08:23 INFO   [geoserver.flow] - Request control-flow performed, running requests: 4, blocked requests: 1
20 Apr 20:08:23 INFO   [geoserver.flow] - Request control-flow performed, running requests: 5, blocked requests: 1
20 Apr 20:08:23 INFO   [geoserver.flow] - Request [WMS 1.3.0 GetMap] starting, processing through flow controllers
20 Apr 20:08:23 INFO   [geoserver.flow] - Request control-flow performed, running requests: 6, blocked requests: 0
20 Apr 20:08:26 INFO   [geoserver.flow] - releasing flow controllers for [WMS 1.3.0 GetMap]
20 Apr 20:08:26 INFO   [geoserver.flow] - Request completed, running requests: 5, blocked requests: 0
20 Apr 20:08:26 INFO   [geoserver.flow] - releasing flow controllers for [WMS 1.3.0 GetMap]
20 Apr 20:08:26 INFO   [geoserver.flow] - Request completed, running requests: 4, blocked requests: 0
20 Apr 20:08:26 INFO   [geoserver.wms] - 
Request: getMap
	Angle = 0.0
	BaseUrl = http://localhost:8080/geoserver/
	Bbox = SRSEnvelope[-387428.6621600167 : 349019.82429926447, -642290.1542546687 : 513795.0169417878]
	BgColor = java.awt.Color[r=255,g=255,b=255]
	Buffer = 0
	Clip = null
	CQLFilter = null
	Crs = PROJCS["WGS 84 / Pseudo-Mercator", 
  GEOGCS["WGS 84", 
    DATUM["World Geodetic System 1984", 
      SPHEROID["WGS 84", 6378137.0, 298.257223563, AUTHORITY["EPSG","7030"]], 
      AUTHORITY["EPSG","6326"]], 
    PRIMEM["Greenwich", 0.0, AUTHORITY["EPSG","8901"]], 
    UNIT["degree", 0.017453292519943295], 
    AXIS["Geodetic latitude", NORTH], 
    AXIS["Geodetic longitude", EAST], 
    AUTHORITY["EPSG","4326"]], 
  PROJECTION["Popular Visualisation Pseudo Mercator", AUTHORITY["EPSG","1024"]], 
  PARAMETER["semi_minor", 6378137.0], 
  PARAMETER["latitude_of_origin", 0.0], 
  PARAMETER["central_meridian", 0.0], 
  PARAMETER["scale_factor", 1.0], 
  PARAMETER["false_easting", 0.0], 
  PARAMETER["false_northing", 0.0], 
  UNIT["m", 1.0], 
  AXIS["Easting", EAST], 
  AXIS["Northing", NORTH], 
  AUTHORITY["EPSG","3857"]]
	Elevation = []
	Env = {}
	Exceptions = SE_XML
	FeatureId = null
	FeatureVersion = null
	Filter = null
	Format = image/png
	FormatOptions = {DPI=180}
	Get = true
	Height = 1664
	Interpolations = []
	Layers = [org.geoserver.wms.MapLayerInfo@c8d248ce]
	MaxFeatures = null
	Palette = null
	RawKvp = {FORMAT=image/png, CRS=EPSG:3857, STYLES=, WIDTH=1060, HEIGHT=1664, LAYERS=gis:roads, TILED=true, REQUEST=GetMap, FORMAT_OPTIONS=dpi:180, BBOX=-387428.6621600167,-642290.1542546687,349019.82429926447,513795.0169417878, VERSION=1.3.0, SERVICE=WMS, TRANSPARENT=TRUE}
	RemoteOwsType = null
	RemoteOwsURL = null
	Request = GetMap
	RequestCharset = UTF-8
	ScaleMethod = null
	Sld = null
	SldBody = null
	SldVersion = null
	SortBy = null
	SortByArrays = null
	SRS = urn:ogc:def:crs:EPSG::3857
	StartIndex = null
	StyleBody = null
	StyleFormat = sld
	Styles = [StyleImpl[ name=line]]
	StyleUrl = null
	StyleVersion = null
	Tiled = true
	TilesOrigin = null
	Time = []
	Transparent = true
	ValidateSchema = false
	Version = 1.3.0
	ViewParams = null
	Width = 1060
20 Apr 20:08:26 INFO   [geoserver.flow] - releasing flow controllers for [WMS 1.3.0 GetMap]
20 Apr 20:08:26 INFO   [geoserver.wms] - 
Request: getMap
	Angle = 0.0
	BaseUrl = http://localhost:8080/geoserver/
	Bbox = SRSEnvelope[-387428.6621600167 : 349019.82429926447, -642290.1542546687 : 513795.0169417878]
	BgColor = java.awt.Color[r=255,g=255,b=255]
	Buffer = 0
	Clip = null
	CQLFilter = null
	Crs = PROJCS["WGS 84 / Pseudo-Mercator", 
  GEOGCS["WGS 84", 
    DATUM["World Geodetic System 1984", 
      SPHEROID["WGS 84", 6378137.0, 298.257223563, AUTHORITY["EPSG","7030"]], 
      AUTHORITY["EPSG","6326"]], 
    PRIMEM["Greenwich", 0.0, AUTHORITY["EPSG","8901"]], 
    UNIT["degree", 0.017453292519943295], 
    AXIS["Geodetic latitude", NORTH], 
    AXIS["Geodetic longitude", EAST], 
    AUTHORITY["EPSG","4326"]], 
  PROJECTION["Popular Visualisation Pseudo Mercator", AUTHORITY["EPSG","1024"]], 
  PARAMETER["semi_minor", 6378137.0], 
  PARAMETER["latitude_of_origin", 0.0], 
  PARAMETER["central_meridian", 0.0], 
  PARAMETER["scale_factor", 1.0], 
  PARAMETER["false_easting", 0.0], 
  PARAMETER["false_northing", 0.0], 
  UNIT["m", 1.0], 
  AXIS["Easting", EAST], 
  AXIS["Northing", NORTH], 
  AUTHORITY["EPSG","3857"]]
	Elevation = []
	Env = {}
	Exceptions = SE_XML
	FeatureId = null
	FeatureVersion = null
	Filter = null
	Format = image/png
	FormatOptions = {DPI=180}
	Get = true
	Height = 1664
	Interpolations = []
	Layers = [org.geoserver.wms.MapLayerInfo@349ab7]
	MaxFeatures = null
	Palette = null
	RawKvp = {FORMAT=image/png, CRS=EPSG:3857, STYLES=, WIDTH=1060, HEIGHT=1664, LAYERS=gis:poi, TILED=true, REQUEST=GetMap, FORMAT_OPTIONS=dpi:180, BBOX=-387428.6621600167,-642290.1542546687,349019.82429926447,513795.0169417878, VERSION=1.3.0, SERVICE=WMS, TRANSPARENT=TRUE}
	RemoteOwsType = null
	RemoteOwsURL = null
	Request = GetMap
	RequestCharset = UTF-8
	ScaleMethod = null
	Sld = null
	SldBody = null
	SldVersion = null
	SortBy = null
	SortByArrays = null
	SRS = urn:ogc:def:crs:EPSG::3857
	StartIndex = null
	StyleBody = null
	StyleFormat = sld
	Styles = [StyleImpl[ name=point]]
	StyleUrl = null
	StyleVersion = null
	Tiled = true
	TilesOrigin = null
	Time = []
	Transparent = true
	ValidateSchema = false
	Version = 1.3.0
	ViewParams = null
	Width = 1060
20 Apr 20:08:26 INFO   [geoserver.flow] - Request completed, running requests: 3, blocked requests: 0
20 Apr 20:08:26 INFO   [geoserver.wms] - 
Request: getServiceInfo
20 Apr 20:08:26 INFO   [geoserver.flow] - Request [WMS 1.3.0 GetMap] starting, processing through flow controllers
20 Apr 20:08:26 INFO   [geoserver.wms] - 
Request: getServiceInfo
20 Apr 20:08:26 INFO   [geoserver.wms] - 
Request: getServiceInfo
20 Apr 20:08:26 INFO   [geoserver.flow] - Request [WMS 1.3.0 GetMap] starting, processing through flow controllers
20 Apr 20:08:26 INFO   [geoserver.flow] - Request control-flow performed, running requests: 4, blocked requests: 0
20 Apr 20:08:26 INFO   [geoserver.flow] - Request control-flow performed, running requests: 5, blocked requests: 0
20 Apr 20:08:26 INFO   [geoserver.flow] - Request [WMS 1.3.0 GetMap] starting, processing through flow controllers
20 Apr 20:08:26 INFO   [geoserver.flow] - Request control-flow performed, running requests: 6, blocked requests: 0
20 Apr 20:08:26 INFO   [geoserver.flow] - releasing flow controllers for [WMS 1.3.0 GetMap]
20 Apr 20:08:26 INFO   [geoserver.flow] - Request completed, running requests: 5, blocked requests: 0
20 Apr 20:08:26 INFO   [geoserver.flow] - releasing flow controllers for [WMS 1.3.0 GetMap]
20 Apr 20:08:27 INFO   [geoserver.flow] - Request completed, running requests: 4, blocked requests: 0
20 Apr 20:08:27 INFO   [geoserver.wms] - 
Request: getServiceInfo
20 Apr 20:08:27 INFO   [geoserver.wms] - 
Request: getServiceInfo
20 Apr 20:08:27 INFO   [geoserver.flow] - Request [WMS 1.3.0 GetMap] starting, processing through flow controllers
20 Apr 20:08:27 INFO   [geoserver.flow] - Request control-flow performed, running requests: 5, blocked requests: 0
20 Apr 20:08:27 INFO   [geoserver.wms] - 
Request: getMap
	Angle = 0.0
	BaseUrl = http://localhost:8080/geoserver/
	Bbox = SRSEnvelope[-387428.6621600167 : 349019.82429926447, -642290.1542546687 : 513795.0169417878]
	BgColor = java.awt.Color[r=255,g=255,b=255]
	Buffer = 0
	Clip = null
	CQLFilter = null
	Crs = PROJCS["WGS 84 / Pseudo-Mercator", 
  GEOGCS["WGS 84", 
    DATUM["World Geodetic System 1984", 
      SPHEROID["WGS 84", 6378137.0, 298.257223563, AUTHORITY["EPSG","7030"]], 
      AUTHORITY["EPSG","6326"]], 
    PRIMEM["Greenwich", 0.0, AUTHORITY["EPSG","8901"]], 
    UNIT["degree", 0.017453292519943295], 
    AXIS["Geodetic latitude", NORTH], 
    AXIS["Geodetic longitude", EAST], 
    AUTHORITY["EPSG","4326"]], 
  PROJECTION["Popular Visualisation Pseudo Mercator", AUTHORITY["EPSG","1024"]], 
  PARAMETER["semi_minor", 6378137.0], 
  PARAMETER["latitude_of_origin", 0.0], 
  PARAMETER["central_meridian", 0.0], 
  PARAMETER["scale_factor", 1.0], 
  PARAMETER["false_easting", 0.0], 
  PARAMETER["false_northing", 0.0], 
  UNIT["m", 1.0], 
  AXIS["Easting", EAST], 
  AXIS["Northing", NORTH], 
  AUTHORITY["EPSG","3857"]]
	Elevation = []
	Env = {}
	Exceptions = SE_XML
	FeatureId = null
	FeatureVersion = null
	Filter = null
	Format = image/png
	FormatOptions = {DPI=180}
	Get = true
	Height = 1664
	Interpolations = []
	Layers = [org.geoserver.wms.MapLayerInfo@e4804762]
	MaxFeatures = null
	Palette = null
	RawKvp = {FORMAT=image/png, CRS=EPSG:3857, STYLES=, WIDTH=1060, HEIGHT=1664, LAYERS=gis:buildings, TILED=true, REQUEST=GetMap, FORMAT_OPTIONS=dpi:180, BBOX=-387428.6621600167,-642290.1542546687,349019.82429926447,513795.0169417878, VERSION=1.3.0, SERVICE=WMS, TRANSPARENT=TRUE}
	RemoteOwsType = null
	RemoteOwsURL = null
	Request = GetMap
	RequestCharset = UTF-8
	ScaleMethod = null
	Sld = null
	SldBody = null
	SldVersion = null
	SortBy = null
	SortByArrays = null
	SRS = urn:ogc:def:crs:EPSG::3857
	StartIndex = null
	StyleBody = null
	StyleFormat = sld
	Styles = [StyleImpl[ name=polygon]]
	StyleUrl = null
	StyleVersion = null
	Tiled = true
	TilesOrigin = null
	Time = []
	Transparent = true
	ValidateSchema = false
	Version = 1.3.0
	ViewParams = null
	Width = 1060
20 Apr 20:08:27 INFO   [geoserver.flow] - Request [WMS 1.3.0 GetMap] starting, processing through flow controllers
20 Apr 20:08:27 INFO   [geoserver.flow] - Request control-flow performed, running requests: 6, blocked requests: 0
20 Apr 20:08:27 INFO   [geoserver.wms] - 
Request: getMap
	Angle = 0.0
	BaseUrl = http://localhost:8080/geoserver/
	Bbox = SRSEnvelope[-514760.45798026334 : 482251.1627829974, -865321.75652024 : 699798.3726779354]
	BgColor = java.awt.Color[r=255,g=255,b=255]
	Buffer = 0
	Clip = null
	CQLFilter = null
	Crs = PROJCS["WGS 84 / Pseudo-Mercator", 
  GEOGCS["WGS 84", 
    DATUM["World Geodetic System 1984", 
      SPHEROID["WGS 84", 6378137.0, 298.257223563, AUTHORITY["EPSG","7030"]], 
      AUTHORITY["EPSG","6326"]], 
    PRIMEM["Greenwich", 0.0, AUTHORITY["EPSG","8901"]], 
    UNIT["degree", 0.017453292519943295], 
    AXIS["Geodetic latitude", NORTH], 
    AXIS["Geodetic longitude", EAST], 
    AUTHORITY["EPSG","4326"]], 
  PROJECTION["Popular Visualisation Pseudo Mercator", AUTHORITY["EPSG","1024"]], 
  PARAMETER["semi_minor", 6378137.0], 
  PARAMETER["latitude_of_origin", 0.0], 
  PARAMETER["central_meridian", 0.0], 
  PARAMETER["scale_factor", 1.0], 
  PARAMETER["false_easting", 0.0], 
  PARAMETER["false_northing", 0.0], 
  UNIT["m", 1.0], 
  AXIS["Easting", EAST], 
  AXIS["Northing", NORTH], 
  AUTHORITY["EPSG","3857"]]
	Elevation = []
	Env = {}
	Exceptions = SE_XML
	FeatureId = null
	FeatureVersion = null
	Filter = null
	Format = image/png
	FormatOptions = {DPI=180}
	Get = true
	Height = 1664
	Interpolations = []
	Layers = [org.geoserver.wms.MapLayerInfo@c8d248ce]
	MaxFeatures = null
	Palette = null
	RawKvp = {FORMAT=image/png, CRS=EPSG:3857, STYLES=, WIDTH=1060, HEIGHT=1664, LAYERS=gis:roads, TILED=true, REQUEST=GetMap, FORMAT_OPTIONS=dpi:180, BBOX=-514760.45798026334,-865321.75652024,482251.1627829974,699798.3726779354, VERSION=1.3.0, SERVICE=WMS, TRANSPARENT=TRUE}
	RemoteOwsType = null
	RemoteOwsURL = null
	Request = GetMap
	RequestCharset = UTF-8
	ScaleMethod = null
	Sld = null
	SldBody = null
	SldVersion = null
	SortBy = null
	SortByArrays = null
	SRS = urn:ogc:def:crs:EPSG::3857
	StartIndex = null
	StyleBody = null
	StyleFormat = sld
	Styles = [StyleImpl[ name=line]]
	StyleUrl = null
	StyleVersion = null
	Tiled = true
	TilesOrigin = null
	Time = []
	Transparent = true
	ValidateSchema = false
	Version = 1.3.0
	ViewParams = null
	Width = 1060
20 Apr 20:08:27 INFO   [geoserver.wms] - 
Request: getMap
	Angle = 0.0
	BaseUrl = http://localhost:8080/geoserver/
	Bbox = SRSEnvelope[-514760.45798026334 : 482251.1627829974, -865321.75652024 : 699798.3726779354]
	BgColor = java.awt.Color[r=255,g=255,b=255]
	Buffer = 0
	Clip = null
	CQLFilter = null
	Crs = PROJCS["WGS 84 / Pseudo-Mercator", 
  GEOGCS["WGS 84", 
    DATUM["World Geodetic System 1984", 
      SPHEROID["WGS 84", 6378137.0, 298.257223563, AUTHORITY["EPSG","7030"]], 
      AUTHORITY["EPSG","6326"]], 
    PRIMEM["Greenwich", 0.0, AUTHORITY["EPSG","8901"]], 
    UNIT["degree", 0.017453292519943295], 
    AXIS["Geodetic latitude", NORTH], 
    AXIS["Geodetic longitude", EAST], 
    AUTHORITY["EPSG","4326"]], 
  PROJECTION["Popular Visualisation Pseudo Mercator", AUTHORITY["EPSG","1024"]], 
  PARAMETER["semi_minor", 6378137.0], 
  PARAMETER["latitude_of_origin", 0.0], 
  PARAMETER["central_meridian", 0.0], 
  PARAMETER["scale_factor", 1.0], 
  PARAMETER["false_easting", 0.0], 
  PARAMETER["false_northing", 0.0], 
  UNIT["m", 1.0], 
  AXIS["Easting", EAST], 
  AXIS["Northing", NORTH], 
  AUTHORITY["EPSG","3857"]]
	Elevation = []
	Env = {}
	Exceptions = SE_XML
	FeatureId = null
	FeatureVersion = null
	Filter = null
	Format = image/png
	FormatOptions = {DPI=180}
	Get = true
	Height = 1664
	Interpolations = []
	Layers = [org.geoserver.wms.MapLayerInfo@349ab7]
	MaxFeatures = null
	Palette = null
	RawKvp = {FORMAT=image/png, CRS=EPSG:3857, STYLES=, WIDTH=1060, HEIGHT=1664, LAYERS=gis:poi, TILED=true, REQUEST=GetMap, FORMAT_OPTIONS=dpi:180, BBOX=-514760.45798026334,-865321.75652024,482251.1627829974,699798.3726779354, VERSION=1.3.0, SERVICE=WMS, TRANSPARENT=TRUE}
	RemoteOwsType = null
	RemoteOwsURL = null
	Request = GetMap
	RequestCharset = UTF-8
	ScaleMethod = null
	Sld = null
	SldBody = null
	SldVersion = null
	SortBy = null
	SortByArrays = null
	SRS = urn:ogc:def:crs:EPSG::3857
	StartIndex = null
	StyleBody = null
	StyleFormat = sld
	Styles = [StyleImpl[ name=point]]
	StyleUrl = null
	StyleVersion = null
	Tiled = true
	TilesOrigin = null
	Time = []
	Transparent = true
	ValidateSchema = false
	Version = 1.3.0
	ViewParams = null
	Width = 1060
20 Apr 20:08:27 INFO   [geoserver.wms] - 
Request: getMap
	Angle = 0.0
	BaseUrl = http://localhost:8080/geoserver/
	Bbox = SRSEnvelope[-514760.45798026334 : 482251.1627829974, -865321.75652024 : 699798.3726779354]
	BgColor = java.awt.Color[r=255,g=255,b=255]
	Buffer = 0
	Clip = null
	CQLFilter = null
	Crs = PROJCS["WGS 84 / Pseudo-Mercator", 
  GEOGCS["WGS 84", 
    DATUM["World Geodetic System 1984", 
      SPHEROID["WGS 84", 6378137.0, 298.257223563, AUTHORITY["EPSG","7030"]], 
      AUTHORITY["EPSG","6326"]], 
    PRIMEM["Greenwich", 0.0, AUTHORITY["EPSG","8901"]], 
    UNIT["degree", 0.017453292519943295], 
    AXIS["Geodetic latitude", NORTH], 
    AXIS["Geodetic longitude", EAST], 
    AUTHORITY["EPSG","4326"]], 
  PROJECTION["Popular Visualisation Pseudo Mercator", AUTHORITY["EPSG","1024"]], 
  PARAMETER["semi_minor", 6378137.0], 
  PARAMETER["latitude_of_origin", 0.0], 
  PARAMETER["central_meridian", 0.0], 
  PARAMETER["scale_factor", 1.0], 
  PARAMETER["false_easting", 0.0], 
  PARAMETER["false_northing", 0.0], 
  UNIT["m", 1.0], 
  AXIS["Easting", EAST], 
  AXIS["Northing", NORTH], 
  AUTHORITY["EPSG","3857"]]
	Elevation = []
	Env = {}
	Exceptions = SE_XML
	FeatureId = null
	FeatureVersion = null
	Filter = null
	Format = image/png
	FormatOptions = {DPI=180}
	Get = true
	Height = 1664
	Interpolations = []
	Layers = [org.geoserver.wms.MapLayerInfo@e4804762]
	MaxFeatures = null
	Palette = null
	RawKvp = {FORMAT=image/png, CRS=EPSG:3857, STYLES=, WIDTH=1060, HEIGHT=1664, LAYERS=gis:buildings, TILED=true, REQUEST=GetMap, FORMAT_OPTIONS=dpi:180, BBOX=-514760.45798026334,-865321.75652024,482251.1627829974,699798.3726779354, VERSION=1.3.0, SERVICE=WMS, TRANSPARENT=TRUE}
	RemoteOwsType = null
	RemoteOwsURL = null
	Request = GetMap
	RequestCharset = UTF-8
	ScaleMethod = null
	Sld = null
	SldBody = null
	SldVersion = null
	SortBy = null
	SortByArrays = null
	SRS = urn:ogc:def:crs:EPSG::3857
	StartIndex = null
	StyleBody = null
	StyleFormat = sld
	Styles = [StyleImpl[ name=polygon]]
	StyleUrl = null
	StyleVersion = null
	Tiled = true
	TilesOrigin = null
	Time = []
	Transparent = true
	ValidateSchema = false
	Version = 1.3.0
	ViewParams = null
	Width = 1060
20 Apr 20:08:27 INFO   [geoserver.flow] - releasing flow controllers for [WMS 1.3.0 GetMap]
20 Apr 20:08:27 INFO   [geoserver.flow] - Request completed, running requests: 5, blocked requests: 0
20 Apr 20:08:27 INFO   [geoserver.flow] - releasing flow controllers for [WMS 1.3.0 GetMap]
20 Apr 20:08:27 INFO   [geoserver.flow] - Request completed, running requests: 4, blocked requests: 0
20 Apr 20:08:27 INFO   [geoserver.flow] - releasing flow controllers for [WMS 1.3.0 GetMap]
20 Apr 20:08:27 INFO   [geoserver.flow] - Request completed, running requests: 3, blocked requests: 0
20 Apr 20:08:27 INFO   [geoserver.wms] - 
Request: getMap
	Angle = 0.0
	BaseUrl = http://localhost:8080/geoserver/
	Bbox = SRSEnvelope[-913608.5126439553 : 899578.6639948142, -1561380.9098329379 : 1284980.8467018849]
	BgColor = java.awt.Color[r=255,g=255,b=255]
	Buffer = 0
	Clip = null
	CQLFilter = null
	Crs = PROJCS["WGS 84 / Pseudo-Mercator", 
  GEOGCS["WGS 84", 
    DATUM["World Geodetic System 1984", 
      SPHEROID["WGS 84", 6378137.0, 298.257223563, AUTHORITY["EPSG","7030"]], 
      AUTHORITY["EPSG","6326"]], 
    PRIMEM["Greenwich", 0.0, AUTHORITY["EPSG","8901"]], 
    UNIT["degree", 0.017453292519943295], 
    AXIS["Geodetic latitude", NORTH], 
    AXIS["Geodetic longitude", EAST], 
    AUTHORITY["EPSG","4326"]], 
  PROJECTION["Popular Visualisation Pseudo Mercator", AUTHORITY["EPSG","1024"]], 
  PARAMETER["semi_minor", 6378137.0], 
  PARAMETER["latitude_of_origin", 0.0], 
  PARAMETER["central_meridian", 0.0], 
  PARAMETER["scale_factor", 1.0], 
  PARAMETER["false_easting", 0.0], 
  PARAMETER["false_northing", 0.0], 
  UNIT["m", 1.0], 
  AXIS["Easting", EAST], 
  AXIS["Northing", NORTH], 
  AUTHORITY["EPSG","3857"]]
	Elevation = []
	Env = {}
	Exceptions = SE_XML
	FeatureId = null
	FeatureVersion = null
	Filter = null
	Format = image/png
	FormatOptions = {DPI=180}
	Get = true
	Height = 1664
	Interpolations = []
	Layers = [org.geoserver.wms.MapLayerInfo@e4804762]
	MaxFeatures = null
	Palette = null
	RawKvp = {FORMAT=image/png, CRS=EPSG:3857, STYLES=, WIDTH=1060, HEIGHT=1664, LAYERS=gis:buildings, TILED=true, REQUEST=GetMap, FORMAT_OPTIONS=dpi:180, BBOX=-913608.5126439553,-1561380.9098329379,899578.6639948142,1284980.8467018849, VERSION=1.3.0, SERVICE=WMS, TRANSPARENT=TRUE}
	RemoteOwsType = null
	RemoteOwsURL = null
	Request = GetMap
	RequestCharset = UTF-8
	ScaleMethod = null
	Sld = null
	SldBody = null
	SldVersion = null
	SortBy = null
	SortByArrays = null
	SRS = urn:ogc:def:crs:EPSG::3857
	StartIndex = null
	StyleBody = null
	StyleFormat = sld
	Styles = [StyleImpl[ name=polygon]]
	StyleUrl = null
	StyleVersion = null
	Tiled = true
	TilesOrigin = null
	Time = []
	Transparent = true
	ValidateSchema = false
	Version = 1.3.0
	ViewParams = null
	Width = 1060
20 Apr 20:08:27 INFO   [geoserver.flow] - releasing flow controllers for [WMS 1.3.0 GetMap]
20 Apr 20:08:27 INFO   [geoserver.flow] - Request completed, running requests: 2, blocked requests: 0
20 Apr 20:08:27 INFO   [geoserver.wms] - 
Request: getServiceInfo
20 Apr 20:08:27 INFO   [geoserver.wms] - 
Request: getServiceInfo
20 Apr 20:08:27 INFO   [geoserver.flow] - Request [WMS 1.3.0 GetMap] starting, processing through flow controllers
20 Apr 20:08:27 INFO   [geoserver.flow] - Request control-flow performed, running requests: 3, blocked requests: 0
20 Apr 20:08:27 INFO   [geoserver.wms] - 
Request: getMap
	Angle = 0.0
	BaseUrl = http://localhost:8080/geoserver/
	Bbox = SRSEnvelope[-913608.5126439553 : 899578.6639948142, -1561380.9098329379 : 1284980.8467018849]
	BgColor = java.awt.Color[r=255,g=255,b=255]
	Buffer = 0
	Clip = null
	CQLFilter = null
	Crs = PROJCS["WGS 84 / Pseudo-Mercator", 
  GEOGCS["WGS 84", 
    DATUM["World Geodetic System 1984", 
      SPHEROID["WGS 84", 6378137.0, 298.257223563, AUTHORITY["EPSG","7030"]], 
      AUTHORITY["EPSG","6326"]], 
    PRIMEM["Greenwich", 0.0, AUTHORITY["EPSG","8901"]], 
    UNIT["degree", 0.017453292519943295], 
    AXIS["Geodetic latitude", NORTH], 
    AXIS["Geodetic longitude", EAST], 
    AUTHORITY["EPSG","4326"]], 
  PROJECTION["Popular Visualisation Pseudo Mercator", AUTHORITY["EPSG","1024"]], 
  PARAMETER["semi_minor", 6378137.0], 
  PARAMETER["latitude_of_origin", 0.0], 
  PARAMETER["central_meridian", 0.0], 
  PARAMETER["scale_factor", 1.0], 
  PARAMETER["false_easting", 0.0], 
  PARAMETER["false_northing", 0.0], 
  UNIT["m", 1.0], 
  AXIS["Easting", EAST], 
  AXIS["Northing", NORTH], 
  AUTHORITY["EPSG","3857"]]
	Elevation = []
	Env = {}
	Exceptions = SE_XML
	FeatureId = null
	FeatureVersion = null
	Filter = null
	Format = image/png
	FormatOptions = {DPI=180}
	Get = true
	Height = 1664
	Interpolations = []
	Layers = [org.geoserver.wms.MapLayerInfo@c8d248ce]
	MaxFeatures = null
	Palette = null
	RawKvp = {FORMAT=image/png, CRS=EPSG:3857, STYLES=, WIDTH=1060, HEIGHT=1664, LAYERS=gis:roads, TILED=true, REQUEST=GetMap, FORMAT_OPTIONS=dpi:180, BBOX=-913608.5126439553,-1561380.9098329379,899578.6639948142,1284980.8467018849, VERSION=1.3.0, SERVICE=WMS, TRANSPARENT=TRUE}
	RemoteOwsType = null
	RemoteOwsURL = null
	Request = GetMap
	RequestCharset = UTF-8
	ScaleMethod = null
	Sld = null
	SldBody = null
	SldVersion = null
	SortBy = null
	SortByArrays = null
	SRS = urn:ogc:def:crs:EPSG::3857
	StartIndex = null
	StyleBody = null
	StyleFormat = sld
	Styles = [StyleImpl[ name=line]]
	StyleUrl = null
	StyleVersion = null
	Tiled = true
	TilesOrigin = null
	Time = []
	Transparent = true
	ValidateSchema = false
	Version = 1.3.0
	ViewParams = null
	Width = 1060
20 Apr 20:08:27 INFO   [geoserver.flow] - Request [WMS 1.3.0 GetMap] starting, processing through flow controllers
20 Apr 20:08:27 INFO   [geoserver.wms] - 
Request: getServiceInfo
20 Apr 20:08:27 INFO   [geoserver.flow] - Request control-flow performed, running requests: 4, blocked requests: 0
20 Apr 20:08:27 INFO   [geoserver.wms] - 
Request: getServiceInfo
20 Apr 20:08:27 INFO   [geoserver.flow] - Request [WMS 1.3.0 GetMap] starting, processing through flow controllers
20 Apr 20:08:27 INFO   [geoserver.flow] - Request control-flow performed, running requests: 5, blocked requests: 0
20 Apr 20:08:27 INFO   [geoserver.flow] - Request [WMS 1.3.0 GetMap] starting, processing through flow controllers
20 Apr 20:08:27 INFO   [geoserver.flow] - Request control-flow performed, running requests: 6, blocked requests: 0
20 Apr 20:08:27 INFO   [geoserver.flow] - releasing flow controllers for [WMS 1.3.0 GetMap]
20 Apr 20:08:27 INFO   [geoserver.flow] - releasing flow controllers for [WMS 1.3.0 GetMap]
20 Apr 20:08:27 INFO   [geoserver.flow] - Request completed, running requests: 4, blocked requests: 0
20 Apr 20:08:27 INFO   [geoserver.flow] - Request completed, running requests: 4, blocked requests: 0
20 Apr 20:08:27 INFO   [geoserver.wms] - 
Request: getServiceInfo
20 Apr 20:08:27 INFO   [geoserver.wms] - 
Request: getServiceInfo
20 Apr 20:08:27 INFO   [geoserver.flow] - Request [WMS 1.3.0 GetMap] starting, processing through flow controllers
20 Apr 20:08:27 INFO   [geoserver.flow] - Request control-flow performed, running requests: 5, blocked requests: 1
20 Apr 20:08:27 INFO   [geoserver.flow] - Request [WMS 1.3.0 GetMap] starting, processing through flow controllers
20 Apr 20:08:27 INFO   [geoserver.flow] - Request control-flow performed, running requests: 6, blocked requests: 0
20 Apr 20:08:27 INFO   [geoserver.wms] - 
Request: getMap
	Angle = 0.0
	BaseUrl = http://localhost:8080/geoserver/
	Bbox = SRSEnvelope[-1455926.413578481 : 1467023.263042136, -2505725.9805722083 : 2082753.5117831756]
	BgColor = java.awt.Color[r=255,g=255,b=255]
	Buffer = 0
	Clip = null
	CQLFilter = null
	Crs = PROJCS["WGS 84 / Pseudo-Mercator", 
  GEOGCS["WGS 84", 
    DATUM["World Geodetic System 1984", 
      SPHEROID["WGS 84", 6378137.0, 298.257223563, AUTHORITY["EPSG","7030"]], 
      AUTHORITY["EPSG","6326"]], 
    PRIMEM["Greenwich", 0.0, AUTHORITY["EPSG","8901"]], 
    UNIT["degree", 0.017453292519943295], 
    AXIS["Geodetic latitude", NORTH], 
    AXIS["Geodetic longitude", EAST], 
    AUTHORITY["EPSG","4326"]], 
  PROJECTION["Popular Visualisation Pseudo Mercator", AUTHORITY["EPSG","1024"]], 
  PARAMETER["semi_minor", 6378137.0], 
  PARAMETER["latitude_of_origin", 0.0], 
  PARAMETER["central_meridian", 0.0], 
  PARAMETER["scale_factor", 1.0], 
  PARAMETER["false_easting", 0.0], 
  PARAMETER["false_northing", 0.0], 
  UNIT["m", 1.0], 
  AXIS["Easting", EAST], 
  AXIS["Northing", NORTH], 
  AUTHORITY["EPSG","3857"]]
	Elevation = []
	Env = {}
	Exceptions = SE_XML
	FeatureId = null
	FeatureVersion = null
	Filter = null
	Format = image/png
	FormatOptions = {DPI=180}
	Get = true
	Height = 1664
	Interpolations = []
	Layers = [org.geoserver.wms.MapLayerInfo@c8d248ce]
	MaxFeatures = null
	Palette = null
	RawKvp = {FORMAT=image/png, CRS=EPSG:3857, STYLES=, WIDTH=1060, HEIGHT=1664, LAYERS=gis:roads, TILED=true, REQUEST=GetMap, FORMAT_OPTIONS=dpi:180, BBOX=-1455926.413578481,-2505725.9805722083,1467023.263042136,2082753.5117831756, VERSION=1.3.0, SERVICE=WMS, TRANSPARENT=TRUE}
	RemoteOwsType = null
	RemoteOwsURL = null
	Request = GetMap
	RequestCharset = UTF-8
	ScaleMethod = null
	Sld = null
	SldBody = null
	SldVersion = null
	SortBy = null
	SortByArrays = null
	SRS = urn:ogc:def:crs:EPSG::3857
	StartIndex = null
	StyleBody = null
	StyleFormat = sld
	Styles = [StyleImpl[ name=line]]
	StyleUrl = null
	StyleVersion = null
	Tiled = true
	TilesOrigin = null
	Time = []
	Transparent = true
	ValidateSchema = false
	Version = 1.3.0
	ViewParams = null
	Width = 1060
20 Apr 20:08:27 INFO   [geoserver.wms] - 
Request: getMap
	Angle = 0.0
	BaseUrl = http://localhost:8080/geoserver/
	Bbox = SRSEnvelope[-913608.5126439553 : 899578.6639948142, -1561380.9098329379 : 1284980.8467018849]
	BgColor = java.awt.Color[r=255,g=255,b=255]
	Buffer = 0
	Clip = null
	CQLFilter = null
	Crs = PROJCS["WGS 84 / Pseudo-Mercator", 
  GEOGCS["WGS 84", 
    DATUM["World Geodetic System 1984", 
      SPHEROID["WGS 84", 6378137.0, 298.257223563, AUTHORITY["EPSG","7030"]], 
      AUTHORITY["EPSG","6326"]], 
    PRIMEM["Greenwich", 0.0, AUTHORITY["EPSG","8901"]], 
    UNIT["degree", 0.017453292519943295], 
    AXIS["Geodetic latitude", NORTH], 
    AXIS["Geodetic longitude", EAST], 
    AUTHORITY["EPSG","4326"]], 
  PROJECTION["Popular Visualisation Pseudo Mercator", AUTHORITY["EPSG","1024"]], 
  PARAMETER["semi_minor", 6378137.0], 
  PARAMETER["latitude_of_origin", 0.0], 
  PARAMETER["central_meridian", 0.0], 
  PARAMETER["scale_factor", 1.0], 
  PARAMETER["false_easting", 0.0], 
  PARAMETER["false_northing", 0.0], 
  UNIT["m", 1.0], 
  AXIS["Easting", EAST], 
  AXIS["Northing", NORTH], 
  AUTHORITY["EPSG","3857"]]
	Elevation = []
	Env = {}
	Exceptions = SE_XML
	FeatureId = null
	FeatureVersion = null
	Filter = null
	Format = image/png
	FormatOptions = {DPI=180}
	Get = true
	Height = 1664
	Interpolations = []
	Layers = [org.geoserver.wms.MapLayerInfo@349ab7]
	MaxFeatures = null
	Palette = null
	RawKvp = {FORMAT=image/png, CRS=EPSG:3857, STYLES=, WIDTH=1060, HEIGHT=1664, LAYERS=gis:poi, TILED=true, REQUEST=GetMap, FORMAT_OPTIONS=dpi:180, BBOX=-913608.5126439553,-1561380.9098329379,899578.6639948142,1284980.8467018849, VERSION=1.3.0, SERVICE=WMS, TRANSPARENT=TRUE}
	RemoteOwsType = null
	RemoteOwsURL = null
	Request = GetMap
	RequestCharset = UTF-8
	ScaleMethod = null
	Sld = null
	SldBody = null
	SldVersion = null
	SortBy = null
	SortByArrays = null
	SRS = urn:ogc:def:crs:EPSG::3857
	StartIndex = null
	StyleBody = null
	StyleFormat = sld
	Styles = [StyleImpl[ name=point]]
	StyleUrl = null
	StyleVersion = null
	Tiled = true
	TilesOrigin = null
	Time = []
	Transparent = true
	ValidateSchema = false
	Version = 1.3.0
	ViewParams = null
	Width = 1060
20 Apr 20:08:27 INFO   [geoserver.wms] - 
Request: getMap
	Angle = 0.0
	BaseUrl = http://localhost:8080/geoserver/
	Bbox = SRSEnvelope[-1455926.413578481 : 1467023.263042136, -2505725.9805722083 : 2082753.5117831756]
	BgColor = java.awt.Color[r=255,g=255,b=255]
	Buffer = 0
	Clip = null
	CQLFilter = null
	Crs = PROJCS["WGS 84 / Pseudo-Mercator", 
  GEOGCS["WGS 84", 
    DATUM["World Geodetic System 1984", 
      SPHEROID["WGS 84", 6378137.0, 298.257223563, AUTHORITY["EPSG","7030"]], 
      AUTHORITY["EPSG","6326"]], 
    PRIMEM["Greenwich", 0.0, AUTHORITY["EPSG","8901"]], 
    UNIT["degree", 0.017453292519943295], 
    AXIS["Geodetic latitude", NORTH], 
    AXIS["Geodetic longitude", EAST], 
    AUTHORITY["EPSG","4326"]], 
  PROJECTION["Popular Visualisation Pseudo Mercator", AUTHORITY["EPSG","1024"]], 
  PARAMETER["semi_minor", 6378137.0], 
  PARAMETER["latitude_of_origin", 0.0], 
  PARAMETER["central_meridian", 0.0], 
  PARAMETER["scale_factor", 1.0], 
  PARAMETER["false_easting", 0.0], 
  PARAMETER["false_northing", 0.0], 
  UNIT["m", 1.0], 
  AXIS["Easting", EAST], 
  AXIS["Northing", NORTH], 
  AUTHORITY["EPSG","3857"]]
	Elevation = []
	Env = {}
	Exceptions = SE_XML
	FeatureId = null
	FeatureVersion = null
	Filter = null
	Format = image/png
	FormatOptions = {DPI=180}
	Get = true
	Height = 1664
	Interpolations = []
	Layers = [org.geoserver.wms.MapLayerInfo@e4804762]
	MaxFeatures = null
	Palette = null
	RawKvp = {FORMAT=image/png, CRS=EPSG:3857, STYLES=, WIDTH=1060, HEIGHT=1664, LAYERS=gis:buildings, TILED=true, REQUEST=GetMap, FORMAT_OPTIONS=dpi:180, BBOX=-1455926.413578481,-2505725.9805722083,1467023.263042136,2082753.5117831756, VERSION=1.3.0, SERVICE=WMS, TRANSPARENT=TRUE}
	RemoteOwsType = null
	RemoteOwsURL = null
	Request = GetMap
	RequestCharset = UTF-8
	ScaleMethod = null
	Sld = null
	SldBody = null
	SldVersion = null
	SortBy = null
	SortByArrays = null
	SRS = urn:ogc:def:crs:EPSG::3857
	StartIndex = null
	StyleBody = null
	StyleFormat = sld
	Styles = [StyleImpl[ name=polygon]]
	StyleUrl = null
	StyleVersion = null
	Tiled = true
	TilesOrigin = null
	Time = []
	Transparent = true
	ValidateSchema = false
	Version = 1.3.0
	ViewParams = null
	Width = 1060
20 Apr 20:08:27 INFO   [geoserver.flow] - releasing flow controllers for [WMS 1.3.0 GetMap]
20 Apr 20:08:27 INFO   [geoserver.flow] - releasing flow controllers for [WMS 1.3.0 GetMap]
20 Apr 20:08:27 INFO   [geoserver.flow] - Request completed, running requests: 4, blocked requests: 0
20 Apr 20:08:27 INFO   [geoserver.flow] - Request completed, running requests: 4, blocked requests: 0
20 Apr 20:08:27 INFO   [geoserver.flow] - releasing flow controllers for [WMS 1.3.0 GetMap]
20 Apr 20:08:27 INFO   [geoserver.flow] - Request completed, running requests: 3, blocked requests: 0
20 Apr 20:08:27 INFO   [geoserver.wms] - 
Request: getMap
	Angle = 0.0
	BaseUrl = http://localhost:8080/geoserver/
	Bbox = SRSEnvelope[-1455926.413578481 : 1467023.263042136, -2505725.9805722083 : 2082753.5117831756]
	BgColor = java.awt.Color[r=255,g=255,b=255]
	Buffer = 0
	Clip = null
	CQLFilter = null
	Crs = PROJCS["WGS 84 / Pseudo-Mercator", 
  GEOGCS["WGS 84", 
    DATUM["World Geodetic System 1984", 
      SPHEROID["WGS 84", 6378137.0, 298.257223563, AUTHORITY["EPSG","7030"]], 
      AUTHORITY["EPSG","6326"]], 
    PRIMEM["Greenwich", 0.0, AUTHORITY["EPSG","8901"]], 
    UNIT["degree", 0.017453292519943295], 
    AXIS["Geodetic latitude", NORTH], 
    AXIS["Geodetic longitude", EAST], 
    AUTHORITY["EPSG","4326"]], 
  PROJECTION["Popular Visualisation Pseudo Mercator", AUTHORITY["EPSG","1024"]], 
  PARAMETER["semi_minor", 6378137.0], 
  PARAMETER["latitude_of_origin", 0.0], 
  PARAMETER["central_meridian", 0.0], 
  PARAMETER["scale_factor", 1.0], 
  PARAMETER["false_easting", 0.0], 
  PARAMETER["false_northing", 0.0], 
  UNIT["m", 1.0], 
  AXIS["Easting", EAST], 
  AXIS["Northing", NORTH], 
  AUTHORITY["EPSG","3857"]]
	Elevation = []
	Env = {}
	Exceptions = SE_XML
	FeatureId = null
	FeatureVersion = null
	Filter = null
	Format = image/png
	FormatOptions = {DPI=180}
	Get = true
	Height = 1664
	Interpolations = []
	Layers = [org.geoserver.wms.MapLayerInfo@349ab7]
	MaxFeatures = null
	Palette = null
	RawKvp = {FORMAT=image/png, CRS=EPSG:3857, STYLES=, WIDTH=1060, HEIGHT=1664, LAYERS=gis:poi, TILED=true, REQUEST=GetMap, FORMAT_OPTIONS=dpi:180, BBOX=-1455926.413578481,-2505725.9805722083,1467023.263042136,2082753.5117831756, VERSION=1.3.0, SERVICE=WMS, TRANSPARENT=TRUE}
	RemoteOwsType = null
	RemoteOwsURL = null
	Request = GetMap
	RequestCharset = UTF-8
	ScaleMethod = null
	Sld = null
	SldBody = null
	SldVersion = null
	SortBy = null
	SortByArrays = null
	SRS = urn:ogc:def:crs:EPSG::3857
	StartIndex = null
	StyleBody = null
	StyleFormat = sld
	Styles = [StyleImpl[ name=point]]
	StyleUrl = null
	StyleVersion = null
	Tiled = true
	TilesOrigin = null
	Time = []
	Transparent = true
	ValidateSchema = false
	Version = 1.3.0
	ViewParams = null
	Width = 1060
20 Apr 20:08:28 INFO   [geoserver.wms] - 
Request: getServiceInfo
20 Apr 20:08:28 INFO   [geoserver.wms] - 
Request: getServiceInfo
20 Apr 20:08:28 INFO   [geoserver.wms] - 
Request: getServiceInfo
20 Apr 20:08:28 INFO   [geoserver.flow] - Request [WMS 1.3.0 GetMap] starting, processing through flow controllers
20 Apr 20:08:28 INFO   [geoserver.flow] - Request [WMS 1.3.0 GetMap] starting, processing through flow controllers
20 Apr 20:08:28 INFO   [geoserver.flow] - Request control-flow performed, running requests: 5, blocked requests: 1
20 Apr 20:08:28 INFO   [geoserver.wms] - 
Request: getMap
	Angle = 0.0
	BaseUrl = http://localhost:8080/geoserver/
	Bbox = SRSEnvelope[-2266892.978901777 : 2315563.568843731, -3917872.3935482944 : 3275719.771969182]
	BgColor = java.awt.Color[r=255,g=255,b=255]
	Buffer = 0
	Clip = null
	CQLFilter = null
	Crs = PROJCS["WGS 84 / Pseudo-Mercator", 
  GEOGCS["WGS 84", 
    DATUM["World Geodetic System 1984", 
      SPHEROID["WGS 84", 6378137.0, 298.257223563, AUTHORITY["EPSG","7030"]], 
      AUTHORITY["EPSG","6326"]], 
    PRIMEM["Greenwich", 0.0, AUTHORITY["EPSG","8901"]], 
    UNIT["degree", 0.017453292519943295], 
    AXIS["Geodetic latitude", NORTH], 
    AXIS["Geodetic longitude", EAST], 
    AUTHORITY["EPSG","4326"]], 
  PROJECTION["Popular Visualisation Pseudo Mercator", AUTHORITY["EPSG","1024"]], 
  PARAMETER["semi_minor", 6378137.0], 
  PARAMETER["latitude_of_origin", 0.0], 
  PARAMETER["central_meridian", 0.0], 
  PARAMETER["scale_factor", 1.0], 
  PARAMETER["false_easting", 0.0], 
  PARAMETER["false_northing", 0.0], 
  UNIT["m", 1.0], 
  AXIS["Easting", EAST], 
  AXIS["Northing", NORTH], 
  AUTHORITY["EPSG","3857"]]
	Elevation = []
	Env = {}
	Exceptions = SE_XML
	FeatureId = null
	FeatureVersion = null
	Filter = null
	Format = image/png
	FormatOptions = {DPI=180}
	Get = true
	Height = 1664
	Interpolations = []
	Layers = [org.geoserver.wms.MapLayerInfo@e4804762]
	MaxFeatures = null
	Palette = null
	RawKvp = {FORMAT=image/png, CRS=EPSG:3857, STYLES=, WIDTH=1060, HEIGHT=1664, LAYERS=gis:buildings, TILED=true, REQUEST=GetMap, FORMAT_OPTIONS=dpi:180, BBOX=-2266892.978901777,-3917872.3935482944,2315563.568843731,3275719.771969182, VERSION=1.3.0, SERVICE=WMS, TRANSPARENT=TRUE}
	RemoteOwsType = null
	RemoteOwsURL = null
	Request = GetMap
	RequestCharset = UTF-8
	ScaleMethod = null
	Sld = null
	SldBody = null
	SldVersion = null
	SortBy = null
	SortByArrays = null
	SRS = urn:ogc:def:crs:EPSG::3857
	StartIndex = null
	StyleBody = null
	StyleFormat = sld
	Styles = [StyleImpl[ name=polygon]]
	StyleUrl = null
	StyleVersion = null
	Tiled = true
	TilesOrigin = null
	Time = []
	Transparent = true
	ValidateSchema = false
	Version = 1.3.0
	ViewParams = null
	Width = 1060
20 Apr 20:08:28 INFO   [geoserver.flow] - Request control-flow performed, running requests: 4, blocked requests: 2
20 Apr 20:08:28 INFO   [geoserver.flow] - Request [WMS 1.3.0 GetMap] starting, processing through flow controllers
20 Apr 20:08:28 INFO   [geoserver.wms] - 
Request: getMap
	Angle = 0.0
	BaseUrl = http://localhost:8080/geoserver/
	Bbox = SRSEnvelope[-2266892.978901777 : 2315563.568843731, -3917872.3935482944 : 3275719.771969182]
	BgColor = java.awt.Color[r=255,g=255,b=255]
	Buffer = 0
	Clip = null
	CQLFilter = null
	Crs = PROJCS["WGS 84 / Pseudo-Mercator", 
  GEOGCS["WGS 84", 
    DATUM["World Geodetic System 1984", 
      SPHEROID["WGS 84", 6378137.0, 298.257223563, AUTHORITY["EPSG","7030"]], 
      AUTHORITY["EPSG","6326"]], 
    PRIMEM["Greenwich", 0.0, AUTHORITY["EPSG","8901"]], 
    UNIT["degree", 0.017453292519943295], 
    AXIS["Geodetic latitude", NORTH], 
    AXIS["Geodetic longitude", EAST], 
    AUTHORITY["EPSG","4326"]], 
  PROJECTION["Popular Visualisation Pseudo Mercator", AUTHORITY["EPSG","1024"]], 
  PARAMETER["semi_minor", 6378137.0], 
  PARAMETER["latitude_of_origin", 0.0], 
  PARAMETER["central_meridian", 0.0], 
  PARAMETER["scale_factor", 1.0], 
  PARAMETER["false_easting", 0.0], 
  PARAMETER["false_northing", 0.0], 
  UNIT["m", 1.0], 
  AXIS["Easting", EAST], 
  AXIS["Northing", NORTH], 
  AUTHORITY["EPSG","3857"]]
	Elevation = []
	Env = {}
	Exceptions = SE_XML
	FeatureId = null
	FeatureVersion = null
	Filter = null
	Format = image/png
	FormatOptions = {DPI=180}
	Get = true
	Height = 1664
	Interpolations = []
	Layers = [org.geoserver.wms.MapLayerInfo@c8d248ce]
	MaxFeatures = null
	Palette = null
	RawKvp = {FORMAT=image/png, CRS=EPSG:3857, STYLES=, WIDTH=1060, HEIGHT=1664, LAYERS=gis:roads, TILED=true, REQUEST=GetMap, FORMAT_OPTIONS=dpi:180, BBOX=-2266892.978901777,-3917872.3935482944,2315563.568843731,3275719.771969182, VERSION=1.3.0, SERVICE=WMS, TRANSPARENT=TRUE}
	RemoteOwsType = null
	RemoteOwsURL = null
	Request = GetMap
	RequestCharset = UTF-8
	ScaleMethod = null
	Sld = null
	SldBody = null
	SldVersion = null
	SortBy = null
	SortByArrays = null
	SRS = urn:ogc:def:crs:EPSG::3857
	StartIndex = null
	StyleBody = null
	StyleFormat = sld
	Styles = [StyleImpl[ name=line]]
	StyleUrl = null
	StyleVersion = null
	Tiled = true
	TilesOrigin = null
	Time = []
	Transparent = true
	ValidateSchema = false
	Version = 1.3.0
	ViewParams = null
	Width = 1060
20 Apr 20:08:28 INFO   [geoserver.flow] - Request control-flow performed, running requests: 6, blocked requests: 0
20 Apr 20:08:28 INFO   [geoserver.flow] - releasing flow controllers for [WMS 1.3.0 GetMap]
20 Apr 20:08:28 INFO   [geoserver.flow] - Request completed, running requests: 5, blocked requests: 0
20 Apr 20:08:28 INFO   [geoserver.flow] - releasing flow controllers for [WMS 1.3.0 GetMap]
20 Apr 20:08:28 INFO   [geoserver.flow] - Request completed, running requests: 4, blocked requests: 0
20 Apr 20:08:28 INFO   [geoserver.wms] - 
Request: getServiceInfo
20 Apr 20:08:28 INFO   [geoserver.flow] - Request [WMS 1.3.0 GetMap] starting, processing through flow controllers
20 Apr 20:08:28 INFO   [geoserver.flow] - Request control-flow performed, running requests: 5, blocked requests: 0
20 Apr 20:08:28 INFO   [geoserver.wms] - 
Request: getServiceInfo
20 Apr 20:08:28 INFO   [geoserver.flow] - Request [WMS 1.3.0 GetMap] starting, processing through flow controllers
20 Apr 20:08:28 INFO   [geoserver.flow] - Request control-flow performed, running requests: 6, blocked requests: 0
20 Apr 20:08:28 INFO   [geoserver.flow] - releasing flow controllers for [WMS 1.3.0 GetMap]
20 Apr 20:08:28 INFO   [geoserver.flow] - Request completed, running requests: 5, blocked requests: 0
20 Apr 20:08:28 INFO   [geoserver.wms] - 
Request: getMap
	Angle = 0.0
	BaseUrl = http://localhost:8080/geoserver/
	Bbox = SRSEnvelope[-3517430.842881293 : 3624041.411077125, -6073866.8466802705 : 5136897.14443936]
	BgColor = java.awt.Color[r=255,g=255,b=255]
	Buffer = 0
	Clip = null
	CQLFilter = null
	Crs = PROJCS["WGS 84 / Pseudo-Mercator", 
  GEOGCS["WGS 84", 
    DATUM["World Geodetic System 1984", 
      SPHEROID["WGS 84", 6378137.0, 298.257223563, AUTHORITY["EPSG","7030"]], 
      AUTHORITY["EPSG","6326"]], 
    PRIMEM["Greenwich", 0.0, AUTHORITY["EPSG","8901"]], 
    UNIT["degree", 0.017453292519943295], 
    AXIS["Geodetic latitude", NORTH], 
    AXIS["Geodetic longitude", EAST], 
    AUTHORITY["EPSG","4326"]], 
  PROJECTION["Popular Visualisation Pseudo Mercator", AUTHORITY["EPSG","1024"]], 
  PARAMETER["semi_minor", 6378137.0], 
  PARAMETER["latitude_of_origin", 0.0], 
  PARAMETER["central_meridian", 0.0], 
  PARAMETER["scale_factor", 1.0], 
  PARAMETER["false_easting", 0.0], 
  PARAMETER["false_northing", 0.0], 
  UNIT["m", 1.0], 
  AXIS["Easting", EAST], 
  AXIS["Northing", NORTH], 
  AUTHORITY["EPSG","3857"]]
	Elevation = []
	Env = {}
	Exceptions = SE_XML
	FeatureId = null
	FeatureVersion = null
	Filter = null
	Format = image/png
	FormatOptions = {DPI=180}
	Get = true
	Height = 1664
	Interpolations = []
	Layers = [org.geoserver.wms.MapLayerInfo@c8d248ce]
	MaxFeatures = null
	Palette = null
	RawKvp = {FORMAT=image/png, CRS=EPSG:3857, STYLES=, WIDTH=1060, HEIGHT=1664, LAYERS=gis:roads, TILED=true, REQUEST=GetMap, FORMAT_OPTIONS=dpi:180, BBOX=-3517430.842881293,-6073866.8466802705,3624041.411077125,5136897.14443936, VERSION=1.3.0, SERVICE=WMS, TRANSPARENT=TRUE}
	RemoteOwsType = null
	RemoteOwsURL = null
	Request = GetMap
	RequestCharset = UTF-8
	ScaleMethod = null
	Sld = null
	SldBody = null
	SldVersion = null
	SortBy = null
	SortByArrays = null
	SRS = urn:ogc:def:crs:EPSG::3857
	StartIndex = null
	StyleBody = null
	StyleFormat = sld
	Styles = [StyleImpl[ name=line]]
	StyleUrl = null
	StyleVersion = null
	Tiled = true
	TilesOrigin = null
	Time = []
	Transparent = true
	ValidateSchema = false
	Version = 1.3.0
	ViewParams = null
	Width = 1060
20 Apr 20:08:28 INFO   [geoserver.wms] - 
Request: getServiceInfo
20 Apr 20:08:28 INFO   [geoserver.flow] - Request [WMS 1.3.0 GetMap] starting, processing through flow controllers
20 Apr 20:08:28 INFO   [geoserver.flow] - Request control-flow performed, running requests: 6, blocked requests: 0
20 Apr 20:08:28 INFO   [geoserver.wms] - 
Request: getMap
	Angle = 0.0
	BaseUrl = http://localhost:8080/geoserver/
	Bbox = SRSEnvelope[-3517430.842881293 : 3624041.411077125, -6073866.8466802705 : 5136897.14443936]
	BgColor = java.awt.Color[r=255,g=255,b=255]
	Buffer = 0
	Clip = null
	CQLFilter = null
	Crs = PROJCS["WGS 84 / Pseudo-Mercator", 
  GEOGCS["WGS 84", 
    DATUM["World Geodetic System 1984", 
      SPHEROID["WGS 84", 6378137.0, 298.257223563, AUTHORITY["EPSG","7030"]], 
      AUTHORITY["EPSG","6326"]], 
    PRIMEM["Greenwich", 0.0, AUTHORITY["EPSG","8901"]], 
    UNIT["degree", 0.017453292519943295], 
    AXIS["Geodetic latitude", NORTH], 
    AXIS["Geodetic longitude", EAST], 
    AUTHORITY["EPSG","4326"]], 
  PROJECTION["Popular Visualisation Pseudo Mercator", AUTHORITY["EPSG","1024"]], 
  PARAMETER["semi_minor", 6378137.0], 
  PARAMETER["latitude_of_origin", 0.0], 
  PARAMETER["central_meridian", 0.0], 
  PARAMETER["scale_factor", 1.0], 
  PARAMETER["false_easting", 0.0], 
  PARAMETER["false_northing", 0.0], 
  UNIT["m", 1.0], 
  AXIS["Easting", EAST], 
  AXIS["Northing", NORTH], 
  AUTHORITY["EPSG","3857"]]
	Elevation = []
	Env = {}
	Exceptions = SE_XML
	FeatureId = null
	FeatureVersion = null
	Filter = null
	Format = image/png
	FormatOptions = {DPI=180}
	Get = true
	Height = 1664
	Interpolations = []
	Layers = [org.geoserver.wms.MapLayerInfo@e4804762]
	MaxFeatures = null
	Palette = null
	RawKvp = {FORMAT=image/png, CRS=EPSG:3857, STYLES=, WIDTH=1060, HEIGHT=1664, LAYERS=gis:buildings, TILED=true, REQUEST=GetMap, FORMAT_OPTIONS=dpi:180, BBOX=-3517430.842881293,-6073866.8466802705,3624041.411077125,5136897.14443936, VERSION=1.3.0, SERVICE=WMS, TRANSPARENT=TRUE}
	RemoteOwsType = null
	RemoteOwsURL = null
	Request = GetMap
	RequestCharset = UTF-8
	ScaleMethod = null
	Sld = null
	SldBody = null
	SldVersion = null
	SortBy = null
	SortByArrays = null
	SRS = urn:ogc:def:crs:EPSG::3857
	StartIndex = null
	StyleBody = null
	StyleFormat = sld
	Styles = [StyleImpl[ name=polygon]]
	StyleUrl = null
	StyleVersion = null
	Tiled = true
	TilesOrigin = null
	Time = []
	Transparent = true
	ValidateSchema = false
	Version = 1.3.0
	ViewParams = null
	Width = 1060
20 Apr 20:08:28 INFO   [geoserver.wms] - 
Request: getMap
	Angle = 0.0
	BaseUrl = http://localhost:8080/geoserver/
	Bbox = SRSEnvelope[-2266892.978901777 : 2315563.568843731, -3917872.3935482944 : 3275719.771969182]
	BgColor = java.awt.Color[r=255,g=255,b=255]
	Buffer = 0
	Clip = null
	CQLFilter = null
	Crs = PROJCS["WGS 84 / Pseudo-Mercator", 
  GEOGCS["WGS 84", 
    DATUM["World Geodetic System 1984", 
      SPHEROID["WGS 84", 6378137.0, 298.257223563, AUTHORITY["EPSG","7030"]], 
      AUTHORITY["EPSG","6326"]], 
    PRIMEM["Greenwich", 0.0, AUTHORITY["EPSG","8901"]], 
    UNIT["degree", 0.017453292519943295], 
    AXIS["Geodetic latitude", NORTH], 
    AXIS["Geodetic longitude", EAST], 
    AUTHORITY["EPSG","4326"]], 
  PROJECTION["Popular Visualisation Pseudo Mercator", AUTHORITY["EPSG","1024"]], 
  PARAMETER["semi_minor", 6378137.0], 
  PARAMETER["latitude_of_origin", 0.0], 
  PARAMETER["central_meridian", 0.0], 
  PARAMETER["scale_factor", 1.0], 
  PARAMETER["false_easting", 0.0], 
  PARAMETER["false_northing", 0.0], 
  UNIT["m", 1.0], 
  AXIS["Easting", EAST], 
  AXIS["Northing", NORTH], 
  AUTHORITY["EPSG","3857"]]
	Elevation = []
	Env = {}
	Exceptions = SE_XML
	FeatureId = null
	FeatureVersion = null
	Filter = null
	Format = image/png
	FormatOptions = {DPI=180}
	Get = true
	Height = 1664
	Interpolations = []
	Layers = [org.geoserver.wms.MapLayerInfo@349ab7]
	MaxFeatures = null
	Palette = null
	RawKvp = {FORMAT=image/png, CRS=EPSG:3857, STYLES=, WIDTH=1060, HEIGHT=1664, LAYERS=gis:poi, TILED=true, REQUEST=GetMap, FORMAT_OPTIONS=dpi:180, BBOX=-2266892.978901777,-3917872.3935482944,2315563.568843731,3275719.771969182, VERSION=1.3.0, SERVICE=WMS, TRANSPARENT=TRUE}
	RemoteOwsType = null
	RemoteOwsURL = null
	Request = GetMap
	RequestCharset = UTF-8
	ScaleMethod = null
	Sld = null
	SldBody = null
	SldVersion = null
	SortBy = null
	SortByArrays = null
	SRS = urn:ogc:def:crs:EPSG::3857
	StartIndex = null
	StyleBody = null
	StyleFormat = sld
	Styles = [StyleImpl[ name=point]]
	StyleUrl = null
	StyleVersion = null
	Tiled = true
	TilesOrigin = null
	Time = []
	Transparent = true
	ValidateSchema = false
	Version = 1.3.0
	ViewParams = null
	Width = 1060
20 Apr 20:08:28 INFO   [geoserver.flow] - releasing flow controllers for [WMS 1.3.0 GetMap]
20 Apr 20:08:28 INFO   [geoserver.flow] - Request completed, running requests: 5, blocked requests: 0
20 Apr 20:08:28 INFO   [geoserver.wms] - 
Request: getServiceInfo
20 Apr 20:08:28 INFO   [geoserver.flow] - Request [WMS 1.3.0 GetMap] starting, processing through flow controllers
20 Apr 20:08:28 INFO   [geoserver.wms] - 
Request: getMap
	Angle = 0.0
	BaseUrl = http://localhost:8080/geoserver/
	Bbox = SRSEnvelope[-3517430.842881293 : 3624041.411077125, -6073866.8466802705 : 5136897.14443936]
	BgColor = java.awt.Color[r=255,g=255,b=255]
	Buffer = 0
	Clip = null
	CQLFilter = null
	Crs = PROJCS["WGS 84 / Pseudo-Mercator", 
  GEOGCS["WGS 84", 
    DATUM["World Geodetic System 1984", 
      SPHEROID["WGS 84", 6378137.0, 298.257223563, AUTHORITY["EPSG","7030"]], 
      AUTHORITY["EPSG","6326"]], 
    PRIMEM["Greenwich", 0.0, AUTHORITY["EPSG","8901"]], 
    UNIT["degree", 0.017453292519943295], 
    AXIS["Geodetic latitude", NORTH], 
    AXIS["Geodetic longitude", EAST], 
    AUTHORITY["EPSG","4326"]], 
  PROJECTION["Popular Visualisation Pseudo Mercator", AUTHORITY["EPSG","1024"]], 
  PARAMETER["semi_minor", 6378137.0], 
  PARAMETER["latitude_of_origin", 0.0], 
  PARAMETER["central_meridian", 0.0], 
  PARAMETER["scale_factor", 1.0], 
  PARAMETER["false_easting", 0.0], 
  PARAMETER["false_northing", 0.0], 
  UNIT["m", 1.0], 
  AXIS["Easting", EAST], 
  AXIS["Northing", NORTH], 
  AUTHORITY["EPSG","3857"]]
	Elevation = []
	Env = {}
	Exceptions = SE_XML
	FeatureId = null
	FeatureVersion = null
	Filter = null
	Format = image/png
	FormatOptions = {DPI=180}
	Get = true
	Height = 1664
	Interpolations = []
	Layers = [org.geoserver.wms.MapLayerInfo@349ab7]
	MaxFeatures = null
	Palette = null
	RawKvp = {FORMAT=image/png, CRS=EPSG:3857, STYLES=, WIDTH=1060, HEIGHT=1664, LAYERS=gis:poi, TILED=true, REQUEST=GetMap, FORMAT_OPTIONS=dpi:180, BBOX=-3517430.842881293,-6073866.8466802705,3624041.411077125,5136897.14443936, VERSION=1.3.0, SERVICE=WMS, TRANSPARENT=TRUE}
	RemoteOwsType = null
	RemoteOwsURL = null
	Request = GetMap
	RequestCharset = UTF-8
	ScaleMethod = null
	Sld = null
	SldBody = null
	SldVersion = null
	SortBy = null
	SortByArrays = null
	SRS = urn:ogc:def:crs:EPSG::3857
	StartIndex = null
	StyleBody = null
	StyleFormat = sld
	Styles = [StyleImpl[ name=point]]
	StyleUrl = null
	StyleVersion = null
	Tiled = true
	TilesOrigin = null
	Time = []
	Transparent = true
	ValidateSchema = false
	Version = 1.3.0
	ViewParams = null
	Width = 1060
20 Apr 20:08:28 INFO   [geoserver.flow] - Request control-flow performed, running requests: 6, blocked requests: 0
20 Apr 20:08:28 INFO   [geoserver.flow] - releasing flow controllers for [WMS 1.3.0 GetMap]
20 Apr 20:08:28 INFO   [geoserver.flow] - Request completed, running requests: 5, blocked requests: 0
20 Apr 20:08:28 INFO   [geoserver.flow] - releasing flow controllers for [WMS 1.3.0 GetMap]
20 Apr 20:08:28 INFO   [geoserver.flow] - Request completed, running requests: 4, blocked requests: 0
20 Apr 20:08:28 INFO   [geoserver.wms] - 
Request: getServiceInfo
20 Apr 20:08:28 INFO   [geoserver.wms] - 
Request: getServiceInfo
20 Apr 20:08:28 INFO   [geoserver.flow] - Request [WMS 1.3.0 GetMap] starting, processing through flow controllers
20 Apr 20:08:28 INFO   [geoserver.flow] - Request control-flow performed, running requests: 5, blocked requests: 1
20 Apr 20:08:28 INFO   [geoserver.flow] - Request [WMS 1.3.0 GetMap] starting, processing through flow controllers
20 Apr 20:08:28 INFO   [geoserver.flow] - releasing flow controllers for [WMS 1.3.0 GetMap]
20 Apr 20:08:28 INFO   [geoserver.flow] - Request control-flow performed, running requests: 5, blocked requests: 0
20 Apr 20:08:28 INFO   [geoserver.flow] - Request completed, running requests: 5, blocked requests: 0
20 Apr 20:08:28 INFO   [geoserver.wms] - 
Request: getServiceInfo
20 Apr 20:08:28 INFO   [geoserver.flow] - Request [WMS 1.3.0 GetMap] starting, processing through flow controllers
20 Apr 20:08:28 INFO   [geoserver.flow] - Request control-flow performed, running requests: 6, blocked requests: 0
20 Apr 20:08:28 INFO   [geoserver.wms] - 
Request: getMap
	Angle = 0.0
	BaseUrl = http://localhost:8080/geoserver/
	Bbox = SRSEnvelope[-6043774.799745387 : 6267436.053201332, -1.0424250648847785E7 : 8902027.520306312]
	BgColor = java.awt.Color[r=255,g=255,b=255]
	Buffer = 0
	Clip = null
	CQLFilter = null
	Crs = PROJCS["WGS 84 / Pseudo-Mercator", 
  GEOGCS["WGS 84", 
    DATUM["World Geodetic System 1984", 
      SPHEROID["WGS 84", 6378137.0, 298.257223563, AUTHORITY["EPSG","7030"]], 
      AUTHORITY["EPSG","6326"]], 
    PRIMEM["Greenwich", 0.0, AUTHORITY["EPSG","8901"]], 
    UNIT["degree", 0.017453292519943295], 
    AXIS["Geodetic latitude", NORTH], 
    AXIS["Geodetic longitude", EAST], 
    AUTHORITY["EPSG","4326"]], 
  PROJECTION["Popular Visualisation Pseudo Mercator", AUTHORITY["EPSG","1024"]], 
  PARAMETER["semi_minor", 6378137.0], 
  PARAMETER["latitude_of_origin", 0.0], 
  PARAMETER["central_meridian", 0.0], 
  PARAMETER["scale_factor", 1.0], 
  PARAMETER["false_easting", 0.0], 
  PARAMETER["false_northing", 0.0], 
  UNIT["m", 1.0], 
  AXIS["Easting", EAST], 
  AXIS["Northing", NORTH], 
  AUTHORITY["EPSG","3857"]]
	Elevation = []
	Env = {}
	Exceptions = SE_XML
	FeatureId = null
	FeatureVersion = null
	Filter = null
	Format = image/png
	FormatOptions = {DPI=180}
	Get = true
	Height = 1664
	Interpolations = []
	Layers = [org.geoserver.wms.MapLayerInfo@c8d248ce]
	MaxFeatures = null
	Palette = null
	RawKvp = {FORMAT=image/png, CRS=EPSG:3857, STYLES=, WIDTH=1060, HEIGHT=1664, LAYERS=gis:roads, TILED=true, REQUEST=GetMap, FORMAT_OPTIONS=dpi:180, BBOX=-6043774.799745387,-10424250.648847785,6267436.053201332,8902027.520306312, VERSION=1.3.0, SERVICE=WMS, TRANSPARENT=TRUE}
	RemoteOwsType = null
	RemoteOwsURL = null
	Request = GetMap
	RequestCharset = UTF-8
	ScaleMethod = null
	Sld = null
	SldBody = null
	SldVersion = null
	SortBy = null
	SortByArrays = null
	SRS = urn:ogc:def:crs:EPSG::3857
	StartIndex = null
	StyleBody = null
	StyleFormat = sld
	Styles = [StyleImpl[ name=line]]
	StyleUrl = null
	StyleVersion = null
	Tiled = true
	TilesOrigin = null
	Time = []
	Transparent = true
	ValidateSchema = false
	Version = 1.3.0
	ViewParams = null
	Width = 1060
20 Apr 20:08:28 INFO   [geoserver.wms] - 
Request: getMap
	Angle = 0.0
	BaseUrl = http://localhost:8080/geoserver/
	Bbox = SRSEnvelope[-6043774.799745387 : 6267436.053201332, -1.0424250648847785E7 : 8902027.520306312]
	BgColor = java.awt.Color[r=255,g=255,b=255]
	Buffer = 0
	Clip = null
	CQLFilter = null
	Crs = PROJCS["WGS 84 / Pseudo-Mercator", 
  GEOGCS["WGS 84", 
    DATUM["World Geodetic System 1984", 
      SPHEROID["WGS 84", 6378137.0, 298.257223563, AUTHORITY["EPSG","7030"]], 
      AUTHORITY["EPSG","6326"]], 
    PRIMEM["Greenwich", 0.0, AUTHORITY["EPSG","8901"]], 
    UNIT["degree", 0.017453292519943295], 
    AXIS["Geodetic latitude", NORTH], 
    AXIS["Geodetic longitude", EAST], 
    AUTHORITY["EPSG","4326"]], 
  PROJECTION["Popular Visualisation Pseudo Mercator", AUTHORITY["EPSG","1024"]], 
  PARAMETER["semi_minor", 6378137.0], 
  PARAMETER["latitude_of_origin", 0.0], 
  PARAMETER["central_meridian", 0.0], 
  PARAMETER["scale_factor", 1.0], 
  PARAMETER["false_easting", 0.0], 
  PARAMETER["false_northing", 0.0], 
  UNIT["m", 1.0], 
  AXIS["Easting", EAST], 
  AXIS["Northing", NORTH], 
  AUTHORITY["EPSG","3857"]]
	Elevation = []
	Env = {}
	Exceptions = SE_XML
	FeatureId = null
	FeatureVersion = null
	Filter = null
	Format = image/png
	FormatOptions = {DPI=180}
	Get = true
	Height = 1664
	Interpolations = []
	Layers = [org.geoserver.wms.MapLayerInfo@e4804762]
	MaxFeatures = null
	Palette = null
	RawKvp = {FORMAT=image/png, CRS=EPSG:3857, STYLES=, WIDTH=1060, HEIGHT=1664, LAYERS=gis:buildings, TILED=true, REQUEST=GetMap, FORMAT_OPTIONS=dpi:180, BBOX=-6043774.799745387,-10424250.648847785,6267436.053201332,8902027.520306312, VERSION=1.3.0, SERVICE=WMS, TRANSPARENT=TRUE}
	RemoteOwsType = null
	RemoteOwsURL = null
	Request = GetMap
	RequestCharset = UTF-8
	ScaleMethod = null
	Sld = null
	SldBody = null
	SldVersion = null
	SortBy = null
	SortByArrays = null
	SRS = urn:ogc:def:crs:EPSG::3857
	StartIndex = null
	StyleBody = null
	StyleFormat = sld
	Styles = [StyleImpl[ name=polygon]]
	StyleUrl = null
	StyleVersion = null
	Tiled = true
	TilesOrigin = null
	Time = []
	Transparent = true
	ValidateSchema = false
	Version = 1.3.0
	ViewParams = null
	Width = 1060
20 Apr 20:08:28 INFO   [geoserver.wms] - 
Request: getMap
	Angle = 0.0
	BaseUrl = http://localhost:8080/geoserver/
	Bbox = SRSEnvelope[-6043774.799745387 : 6267436.053201332, -1.0424250648847785E7 : 8902027.520306312]
	BgColor = java.awt.Color[r=255,g=255,b=255]
	Buffer = 0
	Clip = null
	CQLFilter = null
	Crs = PROJCS["WGS 84 / Pseudo-Mercator", 
  GEOGCS["WGS 84", 
    DATUM["World Geodetic System 1984", 
      SPHEROID["WGS 84", 6378137.0, 298.257223563, AUTHORITY["EPSG","7030"]], 
      AUTHORITY["EPSG","6326"]], 
    PRIMEM["Greenwich", 0.0, AUTHORITY["EPSG","8901"]], 
    UNIT["degree", 0.017453292519943295], 
    AXIS["Geodetic latitude", NORTH], 
    AXIS["Geodetic longitude", EAST], 
    AUTHORITY["EPSG","4326"]], 
  PROJECTION["Popular Visualisation Pseudo Mercator", AUTHORITY["EPSG","1024"]], 
  PARAMETER["semi_minor", 6378137.0], 
  PARAMETER["latitude_of_origin", 0.0], 
  PARAMETER["central_meridian", 0.0], 
  PARAMETER["scale_factor", 1.0], 
  PARAMETER["false_easting", 0.0], 
  PARAMETER["false_northing", 0.0], 
  UNIT["m", 1.0], 
  AXIS["Easting", EAST], 
  AXIS["Northing", NORTH], 
  AUTHORITY["EPSG","3857"]]
	Elevation = []
	Env = {}
	Exceptions = SE_XML
	FeatureId = null
	FeatureVersion = null
	Filter = null
	Format = image/png
	FormatOptions = {DPI=180}
	Get = true
	Height = 1664
	Interpolations = []
	Layers = [org.geoserver.wms.MapLayerInfo@349ab7]
	MaxFeatures = null
	Palette = null
	RawKvp = {FORMAT=image/png, CRS=EPSG:3857, STYLES=, WIDTH=1060, HEIGHT=1664, LAYERS=gis:poi, TILED=true, REQUEST=GetMap, FORMAT_OPTIONS=dpi:180, BBOX=-6043774.799745387,-10424250.648847785,6267436.053201332,8902027.520306312, VERSION=1.3.0, SERVICE=WMS, TRANSPARENT=TRUE}
	RemoteOwsType = null
	RemoteOwsURL = null
	Request = GetMap
	RequestCharset = UTF-8
	ScaleMethod = null
	Sld = null
	SldBody = null
	SldVersion = null
	SortBy = null
	SortByArrays = null
	SRS = urn:ogc:def:crs:EPSG::3857
	StartIndex = null
	StyleBody = null
	StyleFormat = sld
	Styles = [StyleImpl[ name=point]]
	StyleUrl = null
	StyleVersion = null
	Tiled = true
	TilesOrigin = null
	Time = []
	Transparent = true
	ValidateSchema = false
	Version = 1.3.0
	ViewParams = null
	Width = 1060
20 Apr 20:08:28 INFO   [geoserver.wms] - 
Request: getMap
	Angle = 0.0
	BaseUrl = http://localhost:8080/geoserver/
	Bbox = SRSEnvelope[-9439648.744971419 : 9562317.464740345, -1.6049235387306638E7 : 1.378026628529749E7]
	BgColor = java.awt.Color[r=255,g=255,b=255]
	Buffer = 0
	Clip = null
	CQLFilter = null
	Crs = PROJCS["WGS 84 / Pseudo-Mercator", 
  GEOGCS["WGS 84", 
    DATUM["World Geodetic System 1984", 
      SPHEROID["WGS 84", 6378137.0, 298.257223563, AUTHORITY["EPSG","7030"]], 
      AUTHORITY["EPSG","6326"]], 
    PRIMEM["Greenwich", 0.0, AUTHORITY["EPSG","8901"]], 
    UNIT["degree", 0.017453292519943295], 
    AXIS["Geodetic latitude", NORTH], 
    AXIS["Geodetic longitude", EAST], 
    AUTHORITY["EPSG","4326"]], 
  PROJECTION["Popular Visualisation Pseudo Mercator", AUTHORITY["EPSG","1024"]], 
  PARAMETER["semi_minor", 6378137.0], 
  PARAMETER["latitude_of_origin", 0.0], 
  PARAMETER["central_meridian", 0.0], 
  PARAMETER["scale_factor", 1.0], 
  PARAMETER["false_easting", 0.0], 
  PARAMETER["false_northing", 0.0], 
  UNIT["m", 1.0], 
  AXIS["Easting", EAST], 
  AXIS["Northing", NORTH], 
  AUTHORITY["EPSG","3857"]]
	Elevation = []
	Env = {}
	Exceptions = SE_XML
	FeatureId = null
	FeatureVersion = null
	Filter = null
	Format = image/png
	FormatOptions = {DPI=180}
	Get = true
	Height = 1664
	Interpolations = []
	Layers = [org.geoserver.wms.MapLayerInfo@c8d248ce]
	MaxFeatures = null
	Palette = null
	RawKvp = {FORMAT=image/png, CRS=EPSG:3857, STYLES=, WIDTH=1060, HEIGHT=1664, LAYERS=gis:roads, TILED=true, REQUEST=GetMap, FORMAT_OPTIONS=dpi:180, BBOX=-9439648.744971419,-16049235.387306638,9562317.464740345,13780266.28529749, VERSION=1.3.0, SERVICE=WMS, TRANSPARENT=TRUE}
	RemoteOwsType = null
	RemoteOwsURL = null
	Request = GetMap
	RequestCharset = UTF-8
	ScaleMethod = null
	Sld = null
	SldBody = null
	SldVersion = null
	SortBy = null
	SortByArrays = null
	SRS = urn:ogc:def:crs:EPSG::3857
	StartIndex = null
	StyleBody = null
	StyleFormat = sld
	Styles = [StyleImpl[ name=line]]
	StyleUrl = null
	StyleVersion = null
	Tiled = true
	TilesOrigin = null
	Time = []
	Transparent = true
	ValidateSchema = false
	Version = 1.3.0
	ViewParams = null
	Width = 1060
20 Apr 20:08:28 INFO   [geoserver.wms] - 
Request: getMap
	Angle = 0.0
	BaseUrl = http://localhost:8080/geoserver/
	Bbox = SRSEnvelope[-9439648.744971419 : 9562317.464740345, -1.6049235387306638E7 : 1.378026628529749E7]
	BgColor = java.awt.Color[r=255,g=255,b=255]
	Buffer = 0
	Clip = null
	CQLFilter = null
	Crs = PROJCS["WGS 84 / Pseudo-Mercator", 
  GEOGCS["WGS 84", 
    DATUM["World Geodetic System 1984", 
      SPHEROID["WGS 84", 6378137.0, 298.257223563, AUTHORITY["EPSG","7030"]], 
      AUTHORITY["EPSG","6326"]], 
    PRIMEM["Greenwich", 0.0, AUTHORITY["EPSG","8901"]], 
    UNIT["degree", 0.017453292519943295], 
    AXIS["Geodetic latitude", NORTH], 
    AXIS["Geodetic longitude", EAST], 
    AUTHORITY["EPSG","4326"]], 
  PROJECTION["Popular Visualisation Pseudo Mercator", AUTHORITY["EPSG","1024"]], 
  PARAMETER["semi_minor", 6378137.0], 
  PARAMETER["latitude_of_origin", 0.0], 
  PARAMETER["central_meridian", 0.0], 
  PARAMETER["scale_factor", 1.0], 
  PARAMETER["false_easting", 0.0], 
  PARAMETER["false_northing", 0.0], 
  UNIT["m", 1.0], 
  AXIS["Easting", EAST], 
  AXIS["Northing", NORTH], 
  AUTHORITY["EPSG","3857"]]
	Elevation = []
	Env = {}
	Exceptions = SE_XML
	FeatureId = null
	FeatureVersion = null
	Filter = null
	Format = image/png
	FormatOptions = {DPI=180}
	Get = true
	Height = 1664
	Interpolations = []
	Layers = [org.geoserver.wms.MapLayerInfo@349ab7]
	MaxFeatures = null
	Palette = null
	RawKvp = {FORMAT=image/png, CRS=EPSG:3857, STYLES=, WIDTH=1060, HEIGHT=1664, LAYERS=gis:poi, TILED=true, REQUEST=GetMap, FORMAT_OPTIONS=dpi:180, BBOX=-9439648.744971419,-16049235.387306638,9562317.464740345,13780266.28529749, VERSION=1.3.0, SERVICE=WMS, TRANSPARENT=TRUE}
	RemoteOwsType = null
	RemoteOwsURL = null
	Request = GetMap
	RequestCharset = UTF-8
	ScaleMethod = null
	Sld = null
	SldBody = null
	SldVersion = null
	SortBy = null
	SortByArrays = null
	SRS = urn:ogc:def:crs:EPSG::3857
	StartIndex = null
	StyleBody = null
	StyleFormat = sld
	Styles = [StyleImpl[ name=point]]
	StyleUrl = null
	StyleVersion = null
	Tiled = true
	TilesOrigin = null
	Time = []
	Transparent = true
	ValidateSchema = false
	Version = 1.3.0
	ViewParams = null
	Width = 1060
20 Apr 20:08:28 INFO   [geoserver.wms] - 
Request: getMap
	Angle = 0.0
	BaseUrl = http://localhost:8080/geoserver/
	Bbox = SRSEnvelope[-9439648.744971419 : 9562317.464740345, -1.6049235387306638E7 : 1.378026628529749E7]
	BgColor = java.awt.Color[r=255,g=255,b=255]
	Buffer = 0
	Clip = null
	CQLFilter = null
	Crs = PROJCS["WGS 84 / Pseudo-Mercator", 
  GEOGCS["WGS 84", 
    DATUM["World Geodetic System 1984", 
      SPHEROID["WGS 84", 6378137.0, 298.257223563, AUTHORITY["EPSG","7030"]], 
      AUTHORITY["EPSG","6326"]], 
    PRIMEM["Greenwich", 0.0, AUTHORITY["EPSG","8901"]], 
    UNIT["degree", 0.017453292519943295], 
    AXIS["Geodetic latitude", NORTH], 
    AXIS["Geodetic longitude", EAST], 
    AUTHORITY["EPSG","4326"]], 
  PROJECTION["Popular Visualisation Pseudo Mercator", AUTHORITY["EPSG","1024"]], 
  PARAMETER["semi_minor", 6378137.0], 
  PARAMETER["latitude_of_origin", 0.0], 
  PARAMETER["central_meridian", 0.0], 
  PARAMETER["scale_factor", 1.0], 
  PARAMETER["false_easting", 0.0], 
  PARAMETER["false_northing", 0.0], 
  UNIT["m", 1.0], 
  AXIS["Easting", EAST], 
  AXIS["Northing", NORTH], 
  AUTHORITY["EPSG","3857"]]
	Elevation = []
	Env = {}
	Exceptions = SE_XML
	FeatureId = null
	FeatureVersion = null
	Filter = null
	Format = image/png
	FormatOptions = {DPI=180}
	Get = true
	Height = 1664
	Interpolations = []
	Layers = [org.geoserver.wms.MapLayerInfo@e4804762]
	MaxFeatures = null
	Palette = null
	RawKvp = {FORMAT=image/png, CRS=EPSG:3857, STYLES=, WIDTH=1060, HEIGHT=1664, LAYERS=gis:buildings, TILED=true, REQUEST=GetMap, FORMAT_OPTIONS=dpi:180, BBOX=-9439648.744971419,-16049235.387306638,9562317.464740345,13780266.28529749, VERSION=1.3.0, SERVICE=WMS, TRANSPARENT=TRUE}
	RemoteOwsType = null
	RemoteOwsURL = null
	Request = GetMap
	RequestCharset = UTF-8
	ScaleMethod = null
	Sld = null
	SldBody = null
	SldVersion = null
	SortBy = null
	SortByArrays = null
	SRS = urn:ogc:def:crs:EPSG::3857
	StartIndex = null
	StyleBody = null
	StyleFormat = sld
	Styles = [StyleImpl[ name=polygon]]
	StyleUrl = null
	StyleVersion = null
	Tiled = true
	TilesOrigin = null
	Time = []
	Transparent = true
	ValidateSchema = false
	Version = 1.3.0
	ViewParams = null
	Width = 1060
20 Apr 20:08:28 INFO   [geoserver.flow] - releasing flow controllers for [WMS 1.3.0 GetMap]
20 Apr 20:08:28 INFO   [geoserver.flow] - Request completed, running requests: 5, blocked requests: 0
20 Apr 20:08:28 INFO   [geoserver.wms] - 
Request: getServiceInfo
20 Apr 20:08:28 INFO   [geoserver.flow] - Request [WMS 1.3.0 GetMap] starting, processing through flow controllers
20 Apr 20:08:28 INFO   [geoserver.flow] - Request control-flow performed, running requests: 6, blocked requests: 0
20 Apr 20:08:28 INFO   [geoserver.flow] - releasing flow controllers for [WMS 1.3.0 GetMap]
20 Apr 20:08:28 INFO   [geoserver.flow] - Request completed, running requests: 5, blocked requests: 0
20 Apr 20:08:29 INFO   [geoserver.flow] - releasing flow controllers for [WMS 1.3.0 GetMap]
20 Apr 20:08:29 INFO   [geoserver.flow] - Request completed, running requests: 2, blocked requests: 0
20 Apr 20:08:29 INFO   [geoserver.flow] - releasing flow controllers for [WMS 1.3.0 GetMap]
20 Apr 20:08:29 INFO   [geoserver.flow] - Request completed, running requests: 2, blocked requests: 0
20 Apr 20:08:29 INFO   [geoserver.flow] - releasing flow controllers for [WMS 1.3.0 GetMap]
20 Apr 20:08:29 INFO   [geoserver.flow] - Request completed, running requests: 2, blocked requests: 0
20 Apr 20:08:29 INFO   [geoserver.flow] - releasing flow controllers for [WMS 1.3.0 GetMap]
20 Apr 20:08:29 INFO   [geoserver.flow] - Request completed, running requests: 1, blocked requests: 0
20 Apr 20:08:29 INFO   [geoserver.wms] - 
Request: getServiceInfo
20 Apr 20:08:29 INFO   [geoserver.wms] - 
Request: getServiceInfo
20 Apr 20:08:29 INFO   [geoserver.flow] - Request [WMS 1.3.0 GetMap] starting, processing through flow controllers
20 Apr 20:08:29 INFO   [geoserver.flow] - Request control-flow performed, running requests: 2, blocked requests: 1
20 Apr 20:08:29 INFO   [geoserver.flow] - Request [WMS 1.3.0 GetMap] starting, processing through flow controllers
20 Apr 20:08:29 INFO   [geoserver.flow] - Request control-flow performed, running requests: 3, blocked requests: 0
20 Apr 20:08:29 INFO   [geoserver.wms] - 
Request: getMap
	Angle = 0.0
	BaseUrl = http://localhost:8080/geoserver/
	Bbox = SRSEnvelope[-1.275220107488741E7 : 1.2776355227223888E7, -2.0037508342789244E7 : 2.0037508342789244E7]
	BgColor = java.awt.Color[r=255,g=255,b=255]
	Buffer = 0
	Clip = null
	CQLFilter = null
	Crs = PROJCS["WGS 84 / Pseudo-Mercator", 
  GEOGCS["WGS 84", 
    DATUM["World Geodetic System 1984", 
      SPHEROID["WGS 84", 6378137.0, 298.257223563, AUTHORITY["EPSG","7030"]], 
      AUTHORITY["EPSG","6326"]], 
    PRIMEM["Greenwich", 0.0, AUTHORITY["EPSG","8901"]], 
    UNIT["degree", 0.017453292519943295], 
    AXIS["Geodetic latitude", NORTH], 
    AXIS["Geodetic longitude", EAST], 
    AUTHORITY["EPSG","4326"]], 
  PROJECTION["Popular Visualisation Pseudo Mercator", AUTHORITY["EPSG","1024"]], 
  PARAMETER["semi_minor", 6378137.0], 
  PARAMETER["latitude_of_origin", 0.0], 
  PARAMETER["central_meridian", 0.0], 
  PARAMETER["scale_factor", 1.0], 
  PARAMETER["false_easting", 0.0], 
  PARAMETER["false_northing", 0.0], 
  UNIT["m", 1.0], 
  AXIS["Easting", EAST], 
  AXIS["Northing", NORTH], 
  AUTHORITY["EPSG","3857"]]
	Elevation = []
	Env = {}
	Exceptions = SE_XML
	FeatureId = null
	FeatureVersion = null
	Filter = null
	Format = image/png
	FormatOptions = {DPI=180}
	Get = true
	Height = 1664
	Interpolations = []
	Layers = [org.geoserver.wms.MapLayerInfo@e4804762]
	MaxFeatures = null
	Palette = null
	RawKvp = {FORMAT=image/png, CRS=EPSG:3857, STYLES=, WIDTH=1060, HEIGHT=1664, LAYERS=gis:buildings, TILED=true, REQUEST=GetMap, FORMAT_OPTIONS=dpi:180, BBOX=-12752201.07488741,-20037508.342789244,12776355.227223888,20037508.342789244, VERSION=1.3.0, SERVICE=WMS, TRANSPARENT=TRUE}
	RemoteOwsType = null
	RemoteOwsURL = null
	Request = GetMap
	RequestCharset = UTF-8
	ScaleMethod = null
	Sld = null
	SldBody = null
	SldVersion = null
	SortBy = null
	SortByArrays = null
	SRS = urn:ogc:def:crs:EPSG::3857
	StartIndex = null
	StyleBody = null
	StyleFormat = sld
	Styles = [StyleImpl[ name=polygon]]
	StyleUrl = null
	StyleVersion = null
	Tiled = true
	TilesOrigin = null
	Time = []
	Transparent = true
	ValidateSchema = false
	Version = 1.3.0
	ViewParams = null
	Width = 1060
20 Apr 20:08:29 INFO   [geoserver.wms] - 
Request: getMap
	Angle = 0.0
	BaseUrl = http://localhost:8080/geoserver/
	Bbox = SRSEnvelope[-1.275220107488741E7 : 1.2776355227223888E7, -2.0037508342789244E7 : 2.0037508342789244E7]
	BgColor = java.awt.Color[r=255,g=255,b=255]
	Buffer = 0
	Clip = null
	CQLFilter = null
	Crs = PROJCS["WGS 84 / Pseudo-Mercator", 
  GEOGCS["WGS 84", 
    DATUM["World Geodetic System 1984", 
      SPHEROID["WGS 84", 6378137.0, 298.257223563, AUTHORITY["EPSG","7030"]], 
      AUTHORITY["EPSG","6326"]], 
    PRIMEM["Greenwich", 0.0, AUTHORITY["EPSG","8901"]], 
    UNIT["degree", 0.017453292519943295], 
    AXIS["Geodetic latitude", NORTH], 
    AXIS["Geodetic longitude", EAST], 
    AUTHORITY["EPSG","4326"]], 
  PROJECTION["Popular Visualisation Pseudo Mercator", AUTHORITY["EPSG","1024"]], 
  PARAMETER["semi_minor", 6378137.0], 
  PARAMETER["latitude_of_origin", 0.0], 
  PARAMETER["central_meridian", 0.0], 
  PARAMETER["scale_factor", 1.0], 
  PARAMETER["false_easting", 0.0], 
  PARAMETER["false_northing", 0.0], 
  UNIT["m", 1.0], 
  AXIS["Easting", EAST], 
  AXIS["Northing", NORTH], 
  AUTHORITY["EPSG","3857"]]
	Elevation = []
	Env = {}
	Exceptions = SE_XML
	FeatureId = null
	FeatureVersion = null
	Filter = null
	Format = image/png
	FormatOptions = {DPI=180}
	Get = true
	Height = 1664
	Interpolations = []
	Layers = [org.geoserver.wms.MapLayerInfo@c8d248ce]
	MaxFeatures = null
	Palette = null
	RawKvp = {FORMAT=image/png, CRS=EPSG:3857, STYLES=, WIDTH=1060, HEIGHT=1664, LAYERS=gis:roads, TILED=true, REQUEST=GetMap, FORMAT_OPTIONS=dpi:180, BBOX=-12752201.07488741,-20037508.342789244,12776355.227223888,20037508.342789244, VERSION=1.3.0, SERVICE=WMS, TRANSPARENT=TRUE}
	RemoteOwsType = null
	RemoteOwsURL = null
	Request = GetMap
	RequestCharset = UTF-8
	ScaleMethod = null
	Sld = null
	SldBody = null
	SldVersion = null
	SortBy = null
	SortByArrays = null
	SRS = urn:ogc:def:crs:EPSG::3857
	StartIndex = null
	StyleBody = null
	StyleFormat = sld
	Styles = [StyleImpl[ name=line]]
	StyleUrl = null
	StyleVersion = null
	Tiled = true
	TilesOrigin = null
	Time = []
	Transparent = true
	ValidateSchema = false
	Version = 1.3.0
	ViewParams = null
	Width = 1060
20 Apr 20:08:29 INFO   [geoserver.flow] - releasing flow controllers for [WMS 1.3.0 GetMap]
20 Apr 20:08:29 INFO   [geoserver.flow] - Request completed, running requests: 2, blocked requests: 0
20 Apr 20:08:29 INFO   [geoserver.wms] - 
Request: getMap
	Angle = 0.0
	BaseUrl = http://localhost:8080/geoserver/
	Bbox = SRSEnvelope[-1.275220107488741E7 : 1.2776355227223888E7, -2.0037508342789244E7 : 2.0037508342789244E7]
	BgColor = java.awt.Color[r=255,g=255,b=255]
	Buffer = 0
	Clip = null
	CQLFilter = null
	Crs = PROJCS["WGS 84 / Pseudo-Mercator", 
  GEOGCS["WGS 84", 
    DATUM["World Geodetic System 1984", 
      SPHEROID["WGS 84", 6378137.0, 298.257223563, AUTHORITY["EPSG","7030"]], 
      AUTHORITY["EPSG","6326"]], 
    PRIMEM["Greenwich", 0.0, AUTHORITY["EPSG","8901"]], 
    UNIT["degree", 0.017453292519943295], 
    AXIS["Geodetic latitude", NORTH], 
    AXIS["Geodetic longitude", EAST], 
    AUTHORITY["EPSG","4326"]], 
  PROJECTION["Popular Visualisation Pseudo Mercator", AUTHORITY["EPSG","1024"]], 
  PARAMETER["semi_minor", 6378137.0], 
  PARAMETER["latitude_of_origin", 0.0], 
  PARAMETER["central_meridian", 0.0], 
  PARAMETER["scale_factor", 1.0], 
  PARAMETER["false_easting", 0.0], 
  PARAMETER["false_northing", 0.0], 
  UNIT["m", 1.0], 
  AXIS["Easting", EAST], 
  AXIS["Northing", NORTH], 
  AUTHORITY["EPSG","3857"]]
	Elevation = []
	Env = {}
	Exceptions = SE_XML
	FeatureId = null
	FeatureVersion = null
	Filter = null
	Format = image/png
	FormatOptions = {DPI=180}
	Get = true
	Height = 1664
	Interpolations = []
	Layers = [org.geoserver.wms.MapLayerInfo@349ab7]
	MaxFeatures = null
	Palette = null
	RawKvp = {FORMAT=image/png, CRS=EPSG:3857, STYLES=, WIDTH=1060, HEIGHT=1664, LAYERS=gis:poi, TILED=true, REQUEST=GetMap, FORMAT_OPTIONS=dpi:180, BBOX=-12752201.07488741,-20037508.342789244,12776355.227223888,20037508.342789244, VERSION=1.3.0, SERVICE=WMS, TRANSPARENT=TRUE}
	RemoteOwsType = null
	RemoteOwsURL = null
	Request = GetMap
	RequestCharset = UTF-8
	ScaleMethod = null
	Sld = null
	SldBody = null
	SldVersion = null
	SortBy = null
	SortByArrays = null
	SRS = urn:ogc:def:crs:EPSG::3857
	StartIndex = null
	StyleBody = null
	StyleFormat = sld
	Styles = [StyleImpl[ name=point]]
	StyleUrl = null
	StyleVersion = null
	Tiled = true
	TilesOrigin = null
	Time = []
	Transparent = true
	ValidateSchema = false
	Version = 1.3.0
	ViewParams = null
	Width = 1060
20 Apr 20:08:29 INFO   [geoserver.flow] - releasing flow controllers for [WMS 1.3.0 GetMap]
20 Apr 20:08:29 INFO   [geoserver.flow] - Request completed, running requests: 1, blocked requests: 0
20 Apr 20:08:29 INFO   [geoserver.flow] - releasing flow controllers for [WMS 1.3.0 GetMap]
20 Apr 20:08:29 INFO   [geoserver.flow] - Request completed, running requests: 0, blocked requests: 0
20 Apr 20:08:30 INFO   [geoserver.wms] - 
Request: getServiceInfo
20 Apr 20:08:30 INFO   [geoserver.wms] - 
Request: getServiceInfo
20 Apr 20:08:30 INFO   [geoserver.wms] - 
Request: getServiceInfo
20 Apr 20:08:30 INFO   [geoserver.flow] - Request [WMS 1.3.0 GetMap] starting, processing through flow controllers
20 Apr 20:08:30 INFO   [geoserver.flow] - Request [WMS 1.3.0 GetMap] starting, processing through flow controllers
20 Apr 20:08:30 INFO   [geoserver.flow] - Request [WMS 1.3.0 GetMap] starting, processing through flow controllers
20 Apr 20:08:30 INFO   [geoserver.flow] - Request control-flow performed, running requests: 2, blocked requests: 1
20 Apr 20:08:30 INFO   [geoserver.flow] - Request control-flow performed, running requests: 1, blocked requests: 2
20 Apr 20:08:30 INFO   [geoserver.flow] - Request control-flow performed, running requests: 3, blocked requests: 0
20 Apr 20:08:30 INFO   [geoserver.wms] - 
Request: getServiceInfo
20 Apr 20:08:30 INFO   [geoserver.wms] - 
Request: getMap
	Angle = 0.0
	BaseUrl = http://localhost:8080/geoserver/
	Bbox = SRSEnvelope[1446083.2864909992 : 1.7501820356435977E7, -1.1794759965864748E7 : 1.3409717849596046E7]
	BgColor = java.awt.Color[r=255,g=255,b=255]
	Buffer = 0
	Clip = null
	CQLFilter = null
	Crs = PROJCS["WGS 84 / Pseudo-Mercator", 
  GEOGCS["WGS 84", 
    DATUM["World Geodetic System 1984", 
      SPHEROID["WGS 84", 6378137.0, 298.257223563, AUTHORITY["EPSG","7030"]], 
      AUTHORITY["EPSG","6326"]], 
    PRIMEM["Greenwich", 0.0, AUTHORITY["EPSG","8901"]], 
    UNIT["degree", 0.017453292519943295], 
    AXIS["Geodetic latitude", NORTH], 
    AXIS["Geodetic longitude", EAST], 
    AUTHORITY["EPSG","4326"]], 
  PROJECTION["Popular Visualisation Pseudo Mercator", AUTHORITY["EPSG","1024"]], 
  PARAMETER["semi_minor", 6378137.0], 
  PARAMETER["latitude_of_origin", 0.0], 
  PARAMETER["central_meridian", 0.0], 
  PARAMETER["scale_factor", 1.0], 
  PARAMETER["false_easting", 0.0], 
  PARAMETER["false_northing", 0.0], 
  UNIT["m", 1.0], 
  AXIS["Easting", EAST], 
  AXIS["Northing", NORTH], 
  AUTHORITY["EPSG","3857"]]
	Elevation = []
	Env = {}
	Exceptions = SE_XML
	FeatureId = null
	FeatureVersion = null
	Filter = null
	Format = image/png
	FormatOptions = {DPI=180}
	Get = true
	Height = 1664
	Interpolations = []
	Layers = [org.geoserver.wms.MapLayerInfo@c8d248ce]
	MaxFeatures = null
	Palette = null
	RawKvp = {FORMAT=image/png, CRS=EPSG:3857, STYLES=, WIDTH=1060, HEIGHT=1664, LAYERS=gis:roads, TILED=true, REQUEST=GetMap, FORMAT_OPTIONS=dpi:180, BBOX=1446083.2864909992,-11794759.965864748,17501820.356435977,13409717.849596046, VERSION=1.3.0, SERVICE=WMS, TRANSPARENT=TRUE}
	RemoteOwsType = null
	RemoteOwsURL = null
	Request = GetMap
	RequestCharset = UTF-8
	ScaleMethod = null
	Sld = null
	SldBody = null
	SldVersion = null
	SortBy = null
	SortByArrays = null
	SRS = urn:ogc:def:crs:EPSG::3857
	StartIndex = null
	StyleBody = null
	StyleFormat = sld
	Styles = [StyleImpl[ name=line]]
	StyleUrl = null
	StyleVersion = null
	Tiled = true
	TilesOrigin = null
	Time = []
	Transparent = true
	ValidateSchema = false
	Version = 1.3.0
	ViewParams = null
	Width = 1060
20 Apr 20:08:30 INFO   [geoserver.wms] - 
Request: getServiceInfo
20 Apr 20:08:30 INFO   [geoserver.wms] - 
Request: getServiceInfo
20 Apr 20:08:30 INFO   [geoserver.flow] - Request [WMS 1.3.0 GetMap] starting, processing through flow controllers
20 Apr 20:08:30 INFO   [geoserver.flow] - Request control-flow performed, running requests: 4, blocked requests: 0
20 Apr 20:08:30 INFO   [geoserver.flow] - Request [WMS 1.3.0 GetMap] starting, processing through flow controllers
20 Apr 20:08:30 INFO   [geoserver.flow] - Request control-flow performed, running requests: 5, blocked requests: 0
20 Apr 20:08:30 INFO   [geoserver.flow] - Request [WMS 1.3.0 GetMap] starting, processing through flow controllers
20 Apr 20:08:30 INFO   [geoserver.flow] - Request control-flow performed, running requests: 6, blocked requests: 0
20 Apr 20:08:30 INFO   [geoserver.wms] - 
Request: getMap
	Angle = 0.0
	BaseUrl = http://localhost:8080/geoserver/
	Bbox = SRSEnvelope[1446083.2864909992 : 1.7501820356435977E7, -1.1794759965864748E7 : 1.3409717849596046E7]
	BgColor = java.awt.Color[r=255,g=255,b=255]
	Buffer = 0
	Clip = null
	CQLFilter = null
	Crs = PROJCS["WGS 84 / Pseudo-Mercator", 
  GEOGCS["WGS 84", 
    DATUM["World Geodetic System 1984", 
      SPHEROID["WGS 84", 6378137.0, 298.257223563, AUTHORITY["EPSG","7030"]], 
      AUTHORITY["EPSG","6326"]], 
    PRIMEM["Greenwich", 0.0, AUTHORITY["EPSG","8901"]], 
    UNIT["degree", 0.017453292519943295], 
    AXIS["Geodetic latitude", NORTH], 
    AXIS["Geodetic longitude", EAST], 
    AUTHORITY["EPSG","4326"]], 
  PROJECTION["Popular Visualisation Pseudo Mercator", AUTHORITY["EPSG","1024"]], 
  PARAMETER["semi_minor", 6378137.0], 
  PARAMETER["latitude_of_origin", 0.0], 
  PARAMETER["central_meridian", 0.0], 
  PARAMETER["scale_factor", 1.0], 
  PARAMETER["false_easting", 0.0], 
  PARAMETER["false_northing", 0.0], 
  UNIT["m", 1.0], 
  AXIS["Easting", EAST], 
  AXIS["Northing", NORTH], 
  AUTHORITY["EPSG","3857"]]
	Elevation = []
	Env = {}
	Exceptions = SE_XML
	FeatureId = null
	FeatureVersion = null
	Filter = null
	Format = image/png
	FormatOptions = {DPI=180}
	Get = true
	Height = 1664
	Interpolations = []
	Layers = [org.geoserver.wms.MapLayerInfo@e4804762]
	MaxFeatures = null
	Palette = null
	RawKvp = {FORMAT=image/png, CRS=EPSG:3857, STYLES=, WIDTH=1060, HEIGHT=1664, LAYERS=gis:buildings, TILED=true, REQUEST=GetMap, FORMAT_OPTIONS=dpi:180, BBOX=1446083.2864909992,-11794759.965864748,17501820.356435977,13409717.849596046, VERSION=1.3.0, SERVICE=WMS, TRANSPARENT=TRUE}
	RemoteOwsType = null
	RemoteOwsURL = null
	Request = GetMap
	RequestCharset = UTF-8
	ScaleMethod = null
	Sld = null
	SldBody = null
	SldVersion = null
	SortBy = null
	SortByArrays = null
	SRS = urn:ogc:def:crs:EPSG::3857
	StartIndex = null
	StyleBody = null
	StyleFormat = sld
	Styles = [StyleImpl[ name=polygon]]
	StyleUrl = null
	StyleVersion = null
	Tiled = true
	TilesOrigin = null
	Time = []
	Transparent = true
	ValidateSchema = false
	Version = 1.3.0
	ViewParams = null
	Width = 1060
20 Apr 20:08:30 INFO   [geoserver.wms] - 
Request: getMap
	Angle = 0.0
	BaseUrl = http://localhost:8080/geoserver/
	Bbox = SRSEnvelope[1446083.2864909992 : 1.7501820356435977E7, -1.1794759965864748E7 : 1.3409717849596046E7]
	BgColor = java.awt.Color[r=255,g=255,b=255]
	Buffer = 0
	Clip = null
	CQLFilter = null
	Crs = PROJCS["WGS 84 / Pseudo-Mercator", 
  GEOGCS["WGS 84", 
    DATUM["World Geodetic System 1984", 
      SPHEROID["WGS 84", 6378137.0, 298.257223563, AUTHORITY["EPSG","7030"]], 
      AUTHORITY["EPSG","6326"]], 
    PRIMEM["Greenwich", 0.0, AUTHORITY["EPSG","8901"]], 
    UNIT["degree", 0.017453292519943295], 
    AXIS["Geodetic latitude", NORTH], 
    AXIS["Geodetic longitude", EAST], 
    AUTHORITY["EPSG","4326"]], 
  PROJECTION["Popular Visualisation Pseudo Mercator", AUTHORITY["EPSG","1024"]], 
  PARAMETER["semi_minor", 6378137.0], 
  PARAMETER["latitude_of_origin", 0.0], 
  PARAMETER["central_meridian", 0.0], 
  PARAMETER["scale_factor", 1.0], 
  PARAMETER["false_easting", 0.0], 
  PARAMETER["false_northing", 0.0], 
  UNIT["m", 1.0], 
  AXIS["Easting", EAST], 
  AXIS["Northing", NORTH], 
  AUTHORITY["EPSG","3857"]]
	Elevation = []
	Env = {}
	Exceptions = SE_XML
	FeatureId = null
	FeatureVersion = null
	Filter = null
	Format = image/png
	FormatOptions = {DPI=180}
	Get = true
	Height = 1664
	Interpolations = []
	Layers = [org.geoserver.wms.MapLayerInfo@349ab7]
	MaxFeatures = null
	Palette = null
	RawKvp = {FORMAT=image/png, CRS=EPSG:3857, STYLES=, WIDTH=1060, HEIGHT=1664, LAYERS=gis:poi, TILED=true, REQUEST=GetMap, FORMAT_OPTIONS=dpi:180, BBOX=1446083.2864909992,-11794759.965864748,17501820.356435977,13409717.849596046, VERSION=1.3.0, SERVICE=WMS, TRANSPARENT=TRUE}
	RemoteOwsType = null
	RemoteOwsURL = null
	Request = GetMap
	RequestCharset = UTF-8
	ScaleMethod = null
	Sld = null
	SldBody = null
	SldVersion = null
	SortBy = null
	SortByArrays = null
	SRS = urn:ogc:def:crs:EPSG::3857
	StartIndex = null
	StyleBody = null
	StyleFormat = sld
	Styles = [StyleImpl[ name=point]]
	StyleUrl = null
	StyleVersion = null
	Tiled = true
	TilesOrigin = null
	Time = []
	Transparent = true
	ValidateSchema = false
	Version = 1.3.0
	ViewParams = null
	Width = 1060
20 Apr 20:08:30 INFO   [geoserver.flow] - releasing flow controllers for [WMS 1.3.0 GetMap]
20 Apr 20:08:30 INFO   [geoserver.flow] - Request completed, running requests: 5, blocked requests: 0
20 Apr 20:08:30 INFO   [geoserver.flow] - releasing flow controllers for [WMS 1.3.0 GetMap]
20 Apr 20:08:30 INFO   [geoserver.flow] - releasing flow controllers for [WMS 1.3.0 GetMap]
20 Apr 20:08:30 INFO   [geoserver.flow] - Request completed, running requests: 3, blocked requests: 0
20 Apr 20:08:30 INFO   [geoserver.flow] - Request completed, running requests: 3, blocked requests: 0
20 Apr 20:08:30 INFO   [geoserver.wms] - 
Request: getMap
	Angle = 0.0
	BaseUrl = http://localhost:8080/geoserver/
	Bbox = SRSEnvelope[4108067.911134406 : 1.4029666498205457E7, -6100427.638366688 : 9474610.143601453]
	BgColor = java.awt.Color[r=255,g=255,b=255]
	Buffer = 0
	Clip = null
	CQLFilter = null
	Crs = PROJCS["WGS 84 / Pseudo-Mercator", 
  GEOGCS["WGS 84", 
    DATUM["World Geodetic System 1984", 
      SPHEROID["WGS 84", 6378137.0, 298.257223563, AUTHORITY["EPSG","7030"]], 
      AUTHORITY["EPSG","6326"]], 
    PRIMEM["Greenwich", 0.0, AUTHORITY["EPSG","8901"]], 
    UNIT["degree", 0.017453292519943295], 
    AXIS["Geodetic latitude", NORTH], 
    AXIS["Geodetic longitude", EAST], 
    AUTHORITY["EPSG","4326"]], 
  PROJECTION["Popular Visualisation Pseudo Mercator", AUTHORITY["EPSG","1024"]], 
  PARAMETER["semi_minor", 6378137.0], 
  PARAMETER["latitude_of_origin", 0.0], 
  PARAMETER["central_meridian", 0.0], 
  PARAMETER["scale_factor", 1.0], 
  PARAMETER["false_easting", 0.0], 
  PARAMETER["false_northing", 0.0], 
  UNIT["m", 1.0], 
  AXIS["Easting", EAST], 
  AXIS["Northing", NORTH], 
  AUTHORITY["EPSG","3857"]]
	Elevation = []
	Env = {}
	Exceptions = SE_XML
	FeatureId = null
	FeatureVersion = null
	Filter = null
	Format = image/png
	FormatOptions = {DPI=180}
	Get = true
	Height = 1664
	Interpolations = []
	Layers = [org.geoserver.wms.MapLayerInfo@349ab7]
	MaxFeatures = null
	Palette = null
	RawKvp = {FORMAT=image/png, CRS=EPSG:3857, STYLES=, WIDTH=1060, HEIGHT=1664, LAYERS=gis:poi, TILED=true, REQUEST=GetMap, FORMAT_OPTIONS=dpi:180, BBOX=4108067.911134406,-6100427.638366688,14029666.498205457,9474610.143601453, VERSION=1.3.0, SERVICE=WMS, TRANSPARENT=TRUE}
	RemoteOwsType = null
	RemoteOwsURL = null
	Request = GetMap
	RequestCharset = UTF-8
	ScaleMethod = null
	Sld = null
	SldBody = null
	SldVersion = null
	SortBy = null
	SortByArrays = null
	SRS = urn:ogc:def:crs:EPSG::3857
	StartIndex = null
	StyleBody = null
	StyleFormat = sld
	Styles = [StyleImpl[ name=point]]
	StyleUrl = null
	StyleVersion = null
	Tiled = true
	TilesOrigin = null
	Time = []
	Transparent = true
	ValidateSchema = false
	Version = 1.3.0
	ViewParams = null
	Width = 1060
20 Apr 20:08:30 INFO   [geoserver.wms] - 
Request: getMap
	Angle = 0.0
	BaseUrl = http://localhost:8080/geoserver/
	Bbox = SRSEnvelope[4108067.911134406 : 1.4029666498205457E7, -6100427.638366688 : 9474610.143601453]
	BgColor = java.awt.Color[r=255,g=255,b=255]
	Buffer = 0
	Clip = null
	CQLFilter = null
	Crs = PROJCS["WGS 84 / Pseudo-Mercator", 
  GEOGCS["WGS 84", 
    DATUM["World Geodetic System 1984", 
      SPHEROID["WGS 84", 6378137.0, 298.257223563, AUTHORITY["EPSG","7030"]], 
      AUTHORITY["EPSG","6326"]], 
    PRIMEM["Greenwich", 0.0, AUTHORITY["EPSG","8901"]], 
    UNIT["degree", 0.017453292519943295], 
    AXIS["Geodetic latitude", NORTH], 
    AXIS["Geodetic longitude", EAST], 
    AUTHORITY["EPSG","4326"]], 
  PROJECTION["Popular Visualisation Pseudo Mercator", AUTHORITY["EPSG","1024"]], 
  PARAMETER["semi_minor", 6378137.0], 
  PARAMETER["latitude_of_origin", 0.0], 
  PARAMETER["central_meridian", 0.0], 
  PARAMETER["scale_factor", 1.0], 
  PARAMETER["false_easting", 0.0], 
  PARAMETER["false_northing", 0.0], 
  UNIT["m", 1.0], 
  AXIS["Easting", EAST], 
  AXIS["Northing", NORTH], 
  AUTHORITY["EPSG","3857"]]
	Elevation = []
	Env = {}
	Exceptions = SE_XML
	FeatureId = null
	FeatureVersion = null
	Filter = null
	Format = image/png
	FormatOptions = {DPI=180}
	Get = true
	Height = 1664
	Interpolations = []
	Layers = [org.geoserver.wms.MapLayerInfo@e4804762]
	MaxFeatures = null
	Palette = null
	RawKvp = {FORMAT=image/png, CRS=EPSG:3857, STYLES=, WIDTH=1060, HEIGHT=1664, LAYERS=gis:buildings, TILED=true, REQUEST=GetMap, FORMAT_OPTIONS=dpi:180, BBOX=4108067.911134406,-6100427.638366688,14029666.498205457,9474610.143601453, VERSION=1.3.0, SERVICE=WMS, TRANSPARENT=TRUE}
	RemoteOwsType = null
	RemoteOwsURL = null
	Request = GetMap
	RequestCharset = UTF-8
	ScaleMethod = null
	Sld = null
	SldBody = null
	SldVersion = null
	SortBy = null
	SortByArrays = null
	SRS = urn:ogc:def:crs:EPSG::3857
	StartIndex = null
	StyleBody = null
	StyleFormat = sld
	Styles = [StyleImpl[ name=polygon]]
	StyleUrl = null
	StyleVersion = null
	Tiled = true
	TilesOrigin = null
	Time = []
	Transparent = true
	ValidateSchema = false
	Version = 1.3.0
	ViewParams = null
	Width = 1060
20 Apr 20:08:30 INFO   [geoserver.wms] - 
Request: getMap
	Angle = 0.0
	BaseUrl = http://localhost:8080/geoserver/
	Bbox = SRSEnvelope[4108067.911134406 : 1.4029666498205457E7, -6100427.638366688 : 9474610.143601453]
	BgColor = java.awt.Color[r=255,g=255,b=255]
	Buffer = 0
	Clip = null
	CQLFilter = null
	Crs = PROJCS["WGS 84 / Pseudo-Mercator", 
  GEOGCS["WGS 84", 
    DATUM["World Geodetic System 1984", 
      SPHEROID["WGS 84", 6378137.0, 298.257223563, AUTHORITY["EPSG","7030"]], 
      AUTHORITY["EPSG","6326"]], 
    PRIMEM["Greenwich", 0.0, AUTHORITY["EPSG","8901"]], 
    UNIT["degree", 0.017453292519943295], 
    AXIS["Geodetic latitude", NORTH], 
    AXIS["Geodetic longitude", EAST], 
    AUTHORITY["EPSG","4326"]], 
  PROJECTION["Popular Visualisation Pseudo Mercator", AUTHORITY["EPSG","1024"]], 
  PARAMETER["semi_minor", 6378137.0], 
  PARAMETER["latitude_of_origin", 0.0], 
  PARAMETER["central_meridian", 0.0], 
  PARAMETER["scale_factor", 1.0], 
  PARAMETER["false_easting", 0.0], 
  PARAMETER["false_northing", 0.0], 
  UNIT["m", 1.0], 
  AXIS["Easting", EAST], 
  AXIS["Northing", NORTH], 
  AUTHORITY["EPSG","3857"]]
	Elevation = []
	Env = {}
	Exceptions = SE_XML
	FeatureId = null
	FeatureVersion = null
	Filter = null
	Format = image/png
	FormatOptions = {DPI=180}
	Get = true
	Height = 1664
	Interpolations = []
	Layers = [org.geoserver.wms.MapLayerInfo@c8d248ce]
	MaxFeatures = null
	Palette = null
	RawKvp = {FORMAT=image/png, CRS=EPSG:3857, STYLES=, WIDTH=1060, HEIGHT=1664, LAYERS=gis:roads, TILED=true, REQUEST=GetMap, FORMAT_OPTIONS=dpi:180, BBOX=4108067.911134406,-6100427.638366688,14029666.498205457,9474610.143601453, VERSION=1.3.0, SERVICE=WMS, TRANSPARENT=TRUE}
	RemoteOwsType = null
	RemoteOwsURL = null
	Request = GetMap
	RequestCharset = UTF-8
	ScaleMethod = null
	Sld = null
	SldBody = null
	SldVersion = null
	SortBy = null
	SortByArrays = null
	SRS = urn:ogc:def:crs:EPSG::3857
	StartIndex = null
	StyleBody = null
	StyleFormat = sld
	Styles = [StyleImpl[ name=line]]
	StyleUrl = null
	StyleVersion = null
	Tiled = true
	TilesOrigin = null
	Time = []
	Transparent = true
	ValidateSchema = false
	Version = 1.3.0
	ViewParams = null
	Width = 1060
20 Apr 20:08:31 INFO   [geoserver.wms] - 
Request: getServiceInfo
20 Apr 20:08:31 INFO   [geoserver.flow] - Request [WMS 1.3.0 GetMap] starting, processing through flow controllers
20 Apr 20:08:31 INFO   [geoserver.flow] - Request control-flow performed, running requests: 4, blocked requests: 0
20 Apr 20:08:31 INFO   [geoserver.flow] - releasing flow controllers for [WMS 1.3.0 GetMap]
20 Apr 20:08:31 INFO   [geoserver.wms] - 
Request: getServiceInfo
20 Apr 20:08:31 INFO   [geoserver.flow] - releasing flow controllers for [WMS 1.3.0 GetMap]
20 Apr 20:08:31 INFO   [geoserver.flow] - Request completed, running requests: 2, blocked requests: 0
20 Apr 20:08:31 INFO   [geoserver.flow] - Request completed, running requests: 2, blocked requests: 0
20 Apr 20:08:31 INFO   [geoserver.wms] - 
Request: getServiceInfo
20 Apr 20:08:31 INFO   [geoserver.flow] - Request [WMS 1.3.0 GetMap] starting, processing through flow controllers
20 Apr 20:08:31 INFO   [geoserver.flow] - Request control-flow performed, running requests: 3, blocked requests: 0
20 Apr 20:08:31 INFO   [geoserver.flow] - Request [WMS 1.3.0 GetMap] starting, processing through flow controllers
20 Apr 20:08:31 INFO   [geoserver.flow] - Request control-flow performed, running requests: 4, blocked requests: 0
20 Apr 20:08:31 INFO   [geoserver.flow] - releasing flow controllers for [WMS 1.3.0 GetMap]
20 Apr 20:08:31 INFO   [geoserver.flow] - Request completed, running requests: 3, blocked requests: 0
20 Apr 20:08:31 INFO   [geoserver.wms] - 
Request: getMap
	Angle = 0.0
	BaseUrl = http://localhost:8080/geoserver/
	Bbox = SRSEnvelope[2766468.2926204987 : 1.268806687969155E7, -4930427.80498567 : 1.064460997698247E7]
	BgColor = java.awt.Color[r=255,g=255,b=255]
	Buffer = 0
	Clip = null
	CQLFilter = null
	Crs = PROJCS["WGS 84 / Pseudo-Mercator", 
  GEOGCS["WGS 84", 
    DATUM["World Geodetic System 1984", 
      SPHEROID["WGS 84", 6378137.0, 298.257223563, AUTHORITY["EPSG","7030"]], 
      AUTHORITY["EPSG","6326"]], 
    PRIMEM["Greenwich", 0.0, AUTHORITY["EPSG","8901"]], 
    UNIT["degree", 0.017453292519943295], 
    AXIS["Geodetic latitude", NORTH], 
    AXIS["Geodetic longitude", EAST], 
    AUTHORITY["EPSG","4326"]], 
  PROJECTION["Popular Visualisation Pseudo Mercator", AUTHORITY["EPSG","1024"]], 
  PARAMETER["semi_minor", 6378137.0], 
  PARAMETER["latitude_of_origin", 0.0], 
  PARAMETER["central_meridian", 0.0], 
  PARAMETER["scale_factor", 1.0], 
  PARAMETER["false_easting", 0.0], 
  PARAMETER["false_northing", 0.0], 
  UNIT["m", 1.0], 
  AXIS["Easting", EAST], 
  AXIS["Northing", NORTH], 
  AUTHORITY["EPSG","3857"]]
	Elevation = []
	Env = {}
	Exceptions = SE_XML
	FeatureId = null
	FeatureVersion = null
	Filter = null
	Format = image/png
	FormatOptions = {DPI=180}
	Get = true
	Height = 1664
	Interpolations = []
	Layers = [org.geoserver.wms.MapLayerInfo@349ab7]
	MaxFeatures = null
	Palette = null
	RawKvp = {FORMAT=image/png, CRS=EPSG:3857, STYLES=, WIDTH=1060, HEIGHT=1664, LAYERS=gis:poi, TILED=true, REQUEST=GetMap, FORMAT_OPTIONS=dpi:180, BBOX=2766468.2926204987,-4930427.80498567,12688066.87969155,10644609.97698247, VERSION=1.3.0, SERVICE=WMS, TRANSPARENT=TRUE}
	RemoteOwsType = null
	RemoteOwsURL = null
	Request = GetMap
	RequestCharset = UTF-8
	ScaleMethod = null
	Sld = null
	SldBody = null
	SldVersion = null
	SortBy = null
	SortByArrays = null
	SRS = urn:ogc:def:crs:EPSG::3857
	StartIndex = null
	StyleBody = null
	StyleFormat = sld
	Styles = [StyleImpl[ name=point]]
	StyleUrl = null
	StyleVersion = null
	Tiled = true
	TilesOrigin = null
	Time = []
	Transparent = true
	ValidateSchema = false
	Version = 1.3.0
	ViewParams = null
	Width = 1060
20 Apr 20:08:31 INFO   [geoserver.wms] - 
Request: getMap
	Angle = 0.0
	BaseUrl = http://localhost:8080/geoserver/
	Bbox = SRSEnvelope[2766468.2926204987 : 1.268806687969155E7, -4930427.80498567 : 1.064460997698247E7]
	BgColor = java.awt.Color[r=255,g=255,b=255]
	Buffer = 0
	Clip = null
	CQLFilter = null
	Crs = PROJCS["WGS 84 / Pseudo-Mercator", 
  GEOGCS["WGS 84", 
    DATUM["World Geodetic System 1984", 
      SPHEROID["WGS 84", 6378137.0, 298.257223563, AUTHORITY["EPSG","7030"]], 
      AUTHORITY["EPSG","6326"]], 
    PRIMEM["Greenwich", 0.0, AUTHORITY["EPSG","8901"]], 
    UNIT["degree", 0.017453292519943295], 
    AXIS["Geodetic latitude", NORTH], 
    AXIS["Geodetic longitude", EAST], 
    AUTHORITY["EPSG","4326"]], 
  PROJECTION["Popular Visualisation Pseudo Mercator", AUTHORITY["EPSG","1024"]], 
  PARAMETER["semi_minor", 6378137.0], 
  PARAMETER["latitude_of_origin", 0.0], 
  PARAMETER["central_meridian", 0.0], 
  PARAMETER["scale_factor", 1.0], 
  PARAMETER["false_easting", 0.0], 
  PARAMETER["false_northing", 0.0], 
  UNIT["m", 1.0], 
  AXIS["Easting", EAST], 
  AXIS["Northing", NORTH], 
  AUTHORITY["EPSG","3857"]]
	Elevation = []
	Env = {}
	Exceptions = SE_XML
	FeatureId = null
	FeatureVersion = null
	Filter = null
	Format = image/png
	FormatOptions = {DPI=180}
	Get = true
	Height = 1664
	Interpolations = []
	Layers = [org.geoserver.wms.MapLayerInfo@c8d248ce]
	MaxFeatures = null
	Palette = null
	RawKvp = {FORMAT=image/png, CRS=EPSG:3857, STYLES=, WIDTH=1060, HEIGHT=1664, LAYERS=gis:roads, TILED=true, REQUEST=GetMap, FORMAT_OPTIONS=dpi:180, BBOX=2766468.2926204987,-4930427.80498567,12688066.87969155,10644609.97698247, VERSION=1.3.0, SERVICE=WMS, TRANSPARENT=TRUE}
	RemoteOwsType = null
	RemoteOwsURL = null
	Request = GetMap
	RequestCharset = UTF-8
	ScaleMethod = null
	Sld = null
	SldBody = null
	SldVersion = null
	SortBy = null
	SortByArrays = null
	SRS = urn:ogc:def:crs:EPSG::3857
	StartIndex = null
	StyleBody = null
	StyleFormat = sld
	Styles = [StyleImpl[ name=line]]
	StyleUrl = null
	StyleVersion = null
	Tiled = true
	TilesOrigin = null
	Time = []
	Transparent = true
	ValidateSchema = false
	Version = 1.3.0
	ViewParams = null
	Width = 1060
20 Apr 20:08:31 INFO   [geoserver.wms] - 
Request: getMap
	Angle = 0.0
	BaseUrl = http://localhost:8080/geoserver/
	Bbox = SRSEnvelope[2766468.2926204987 : 1.268806687969155E7, -4930427.80498567 : 1.064460997698247E7]
	BgColor = java.awt.Color[r=255,g=255,b=255]
	Buffer = 0
	Clip = null
	CQLFilter = null
	Crs = PROJCS["WGS 84 / Pseudo-Mercator", 
  GEOGCS["WGS 84", 
    DATUM["World Geodetic System 1984", 
      SPHEROID["WGS 84", 6378137.0, 298.257223563, AUTHORITY["EPSG","7030"]], 
      AUTHORITY["EPSG","6326"]], 
    PRIMEM["Greenwich", 0.0, AUTHORITY["EPSG","8901"]], 
    UNIT["degree", 0.017453292519943295], 
    AXIS["Geodetic latitude", NORTH], 
    AXIS["Geodetic longitude", EAST], 
    AUTHORITY["EPSG","4326"]], 
  PROJECTION["Popular Visualisation Pseudo Mercator", AUTHORITY["EPSG","1024"]], 
  PARAMETER["semi_minor", 6378137.0], 
  PARAMETER["latitude_of_origin", 0.0], 
  PARAMETER["central_meridian", 0.0], 
  PARAMETER["scale_factor", 1.0], 
  PARAMETER["false_easting", 0.0], 
  PARAMETER["false_northing", 0.0], 
  UNIT["m", 1.0], 
  AXIS["Easting", EAST], 
  AXIS["Northing", NORTH], 
  AUTHORITY["EPSG","3857"]]
	Elevation = []
	Env = {}
	Exceptions = SE_XML
	FeatureId = null
	FeatureVersion = null
	Filter = null
	Format = image/png
	FormatOptions = {DPI=180}
	Get = true
	Height = 1664
	Interpolations = []
	Layers = [org.geoserver.wms.MapLayerInfo@e4804762]
	MaxFeatures = null
	Palette = null
	RawKvp = {FORMAT=image/png, CRS=EPSG:3857, STYLES=, WIDTH=1060, HEIGHT=1664, LAYERS=gis:buildings, TILED=true, REQUEST=GetMap, FORMAT_OPTIONS=dpi:180, BBOX=2766468.2926204987,-4930427.80498567,12688066.87969155,10644609.97698247, VERSION=1.3.0, SERVICE=WMS, TRANSPARENT=TRUE}
	RemoteOwsType = null
	RemoteOwsURL = null
	Request = GetMap
	RequestCharset = UTF-8
	ScaleMethod = null
	Sld = null
	SldBody = null
	SldVersion = null
	SortBy = null
	SortByArrays = null
	SRS = urn:ogc:def:crs:EPSG::3857
	StartIndex = null
	StyleBody = null
	StyleFormat = sld
	Styles = [StyleImpl[ name=polygon]]
	StyleUrl = null
	StyleVersion = null
	Tiled = true
	TilesOrigin = null
	Time = []
	Transparent = true
	ValidateSchema = false
	Version = 1.3.0
	ViewParams = null
	Width = 1060
20 Apr 20:08:31 INFO   [geoserver.flow] - releasing flow controllers for [WMS 1.3.0 GetMap]
20 Apr 20:08:31 INFO   [geoserver.flow] - Request completed, running requests: 2, blocked requests: 0
20 Apr 20:08:31 INFO   [geoserver.flow] - releasing flow controllers for [WMS 1.3.0 GetMap]
20 Apr 20:08:31 INFO   [geoserver.flow] - Request completed, running requests: 1, blocked requests: 0
20 Apr 20:08:31 INFO   [geoserver.flow] - releasing flow controllers for [WMS 1.3.0 GetMap]
20 Apr 20:08:31 INFO   [geoserver.flow] - Request completed, running requests: 0, blocked requests: 0
20 Apr 20:08:33 INFO   [geoserver.wms] - 
Request: getServiceInfo
20 Apr 20:08:33 INFO   [geoserver.wms] - 
Request: getServiceInfo
20 Apr 20:08:33 INFO   [geoserver.flow] - Request [WMS 1.3.0 GetMap] starting, processing through flow controllers
20 Apr 20:08:33 INFO   [geoserver.flow] - Request control-flow performed, running requests: 1, blocked requests: 1
20 Apr 20:08:33 INFO   [geoserver.wms] - 
Request: getServiceInfo
20 Apr 20:08:33 INFO   [geoserver.flow] - Request [WMS 1.3.0 GetMap] starting, processing through flow controllers
20 Apr 20:08:33 INFO   [geoserver.flow] - Request [WMS 1.3.0 GetMap] starting, processing through flow controllers
20 Apr 20:08:33 INFO   [geoserver.flow] - Request control-flow performed, running requests: 3, blocked requests: 0
20 Apr 20:08:33 INFO   [geoserver.flow] - Request control-flow performed, running requests: 2, blocked requests: 1
20 Apr 20:08:33 INFO   [geoserver.wms] - 
Request: getMap
	Angle = 0.0
	BaseUrl = http://localhost:8080/geoserver/
	Bbox = SRSEnvelope[3686283.107664813 : 1.1651171969963107E7, -3097662.1198967285 : 9405710.584692292]
	BgColor = java.awt.Color[r=255,g=255,b=255]
	Buffer = 0
	Clip = null
	CQLFilter = null
	Crs = PROJCS["WGS 84 / Pseudo-Mercator", 
  GEOGCS["WGS 84", 
    DATUM["World Geodetic System 1984", 
      SPHEROID["WGS 84", 6378137.0, 298.257223563, AUTHORITY["EPSG","7030"]], 
      AUTHORITY["EPSG","6326"]], 
    PRIMEM["Greenwich", 0.0, AUTHORITY["EPSG","8901"]], 
    UNIT["degree", 0.017453292519943295], 
    AXIS["Geodetic latitude", NORTH], 
    AXIS["Geodetic longitude", EAST], 
    AUTHORITY["EPSG","4326"]], 
  PROJECTION["Popular Visualisation Pseudo Mercator", AUTHORITY["EPSG","1024"]], 
  PARAMETER["semi_minor", 6378137.0], 
  PARAMETER["latitude_of_origin", 0.0], 
  PARAMETER["central_meridian", 0.0], 
  PARAMETER["scale_factor", 1.0], 
  PARAMETER["false_easting", 0.0], 
  PARAMETER["false_northing", 0.0], 
  UNIT["m", 1.0], 
  AXIS["Easting", EAST], 
  AXIS["Northing", NORTH], 
  AUTHORITY["EPSG","3857"]]
	Elevation = []
	Env = {}
	Exceptions = SE_XML
	FeatureId = null
	FeatureVersion = null
	Filter = null
	Format = image/png
	FormatOptions = {DPI=180}
	Get = true
	Height = 1664
	Interpolations = []
	Layers = [org.geoserver.wms.MapLayerInfo@349ab7]
	MaxFeatures = null
	Palette = null
	RawKvp = {FORMAT=image/png, CRS=EPSG:3857, STYLES=, WIDTH=1060, HEIGHT=1664, LAYERS=gis:poi, TILED=true, REQUEST=GetMap, FORMAT_OPTIONS=dpi:180, BBOX=3686283.107664813,-3097662.1198967285,11651171.969963107,9405710.584692292, VERSION=1.3.0, SERVICE=WMS, TRANSPARENT=TRUE}
	RemoteOwsType = null
	RemoteOwsURL = null
	Request = GetMap
	RequestCharset = UTF-8
	ScaleMethod = null
	Sld = null
	SldBody = null
	SldVersion = null
	SortBy = null
	SortByArrays = null
	SRS = urn:ogc:def:crs:EPSG::3857
	StartIndex = null
	StyleBody = null
	StyleFormat = sld
	Styles = [StyleImpl[ name=point]]
	StyleUrl = null
	StyleVersion = null
	Tiled = true
	TilesOrigin = null
	Time = []
	Transparent = true
	ValidateSchema = false
	Version = 1.3.0
	ViewParams = null
	Width = 1060
20 Apr 20:08:33 INFO   [geoserver.wms] - 
Request: getMap
	Angle = 0.0
	BaseUrl = http://localhost:8080/geoserver/
	Bbox = SRSEnvelope[3686283.107664813 : 1.1651171969963107E7, -3097662.1198967285 : 9405710.584692292]
	BgColor = java.awt.Color[r=255,g=255,b=255]
	Buffer = 0
	Clip = null
	CQLFilter = null
	Crs = PROJCS["WGS 84 / Pseudo-Mercator", 
  GEOGCS["WGS 84", 
    DATUM["World Geodetic System 1984", 
      SPHEROID["WGS 84", 6378137.0, 298.257223563, AUTHORITY["EPSG","7030"]], 
      AUTHORITY["EPSG","6326"]], 
    PRIMEM["Greenwich", 0.0, AUTHORITY["EPSG","8901"]], 
    UNIT["degree", 0.017453292519943295], 
    AXIS["Geodetic latitude", NORTH], 
    AXIS["Geodetic longitude", EAST], 
    AUTHORITY["EPSG","4326"]], 
  PROJECTION["Popular Visualisation Pseudo Mercator", AUTHORITY["EPSG","1024"]], 
  PARAMETER["semi_minor", 6378137.0], 
  PARAMETER["latitude_of_origin", 0.0], 
  PARAMETER["central_meridian", 0.0], 
  PARAMETER["scale_factor", 1.0], 
  PARAMETER["false_easting", 0.0], 
  PARAMETER["false_northing", 0.0], 
  UNIT["m", 1.0], 
  AXIS["Easting", EAST], 
  AXIS["Northing", NORTH], 
  AUTHORITY["EPSG","3857"]]
	Elevation = []
	Env = {}
	Exceptions = SE_XML
	FeatureId = null
	FeatureVersion = null
	Filter = null
	Format = image/png
	FormatOptions = {DPI=180}
	Get = true
	Height = 1664
	Interpolations = []
	Layers = [org.geoserver.wms.MapLayerInfo@e4804762]
	MaxFeatures = null
	Palette = null
	RawKvp = {FORMAT=image/png, CRS=EPSG:3857, STYLES=, WIDTH=1060, HEIGHT=1664, LAYERS=gis:buildings, TILED=true, REQUEST=GetMap, FORMAT_OPTIONS=dpi:180, BBOX=3686283.107664813,-3097662.1198967285,11651171.969963107,9405710.584692292, VERSION=1.3.0, SERVICE=WMS, TRANSPARENT=TRUE}
	RemoteOwsType = null
	RemoteOwsURL = null
	Request = GetMap
	RequestCharset = UTF-8
	ScaleMethod = null
	Sld = null
	SldBody = null
	SldVersion = null
	SortBy = null
	SortByArrays = null
	SRS = urn:ogc:def:crs:EPSG::3857
	StartIndex = null
	StyleBody = null
	StyleFormat = sld
	Styles = [StyleImpl[ name=polygon]]
	StyleUrl = null
	StyleVersion = null
	Tiled = true
	TilesOrigin = null
	Time = []
	Transparent = true
	ValidateSchema = false
	Version = 1.3.0
	ViewParams = null
	Width = 1060
20 Apr 20:08:33 INFO   [geoserver.wms] - 
Request: getMap
	Angle = 0.0
	BaseUrl = http://localhost:8080/geoserver/
	Bbox = SRSEnvelope[3686283.107664813 : 1.1651171969963107E7, -3097662.1198967285 : 9405710.584692292]
	BgColor = java.awt.Color[r=255,g=255,b=255]
	Buffer = 0
	Clip = null
	CQLFilter = null
	Crs = PROJCS["WGS 84 / Pseudo-Mercator", 
  GEOGCS["WGS 84", 
    DATUM["World Geodetic System 1984", 
      SPHEROID["WGS 84", 6378137.0, 298.257223563, AUTHORITY["EPSG","7030"]], 
      AUTHORITY["EPSG","6326"]], 
    PRIMEM["Greenwich", 0.0, AUTHORITY["EPSG","8901"]], 
    UNIT["degree", 0.017453292519943295], 
    AXIS["Geodetic latitude", NORTH], 
    AXIS["Geodetic longitude", EAST], 
    AUTHORITY["EPSG","4326"]], 
  PROJECTION["Popular Visualisation Pseudo Mercator", AUTHORITY["EPSG","1024"]], 
  PARAMETER["semi_minor", 6378137.0], 
  PARAMETER["latitude_of_origin", 0.0], 
  PARAMETER["central_meridian", 0.0], 
  PARAMETER["scale_factor", 1.0], 
  PARAMETER["false_easting", 0.0], 
  PARAMETER["false_northing", 0.0], 
  UNIT["m", 1.0], 
  AXIS["Easting", EAST], 
  AXIS["Northing", NORTH], 
  AUTHORITY["EPSG","3857"]]
	Elevation = []
	Env = {}
	Exceptions = SE_XML
	FeatureId = null
	FeatureVersion = null
	Filter = null
	Format = image/png
	FormatOptions = {DPI=180}
	Get = true
	Height = 1664
	Interpolations = []
	Layers = [org.geoserver.wms.MapLayerInfo@c8d248ce]
	MaxFeatures = null
	Palette = null
	RawKvp = {FORMAT=image/png, CRS=EPSG:3857, STYLES=, WIDTH=1060, HEIGHT=1664, LAYERS=gis:roads, TILED=true, REQUEST=GetMap, FORMAT_OPTIONS=dpi:180, BBOX=3686283.107664813,-3097662.1198967285,11651171.969963107,9405710.584692292, VERSION=1.3.0, SERVICE=WMS, TRANSPARENT=TRUE}
	RemoteOwsType = null
	RemoteOwsURL = null
	Request = GetMap
	RequestCharset = UTF-8
	ScaleMethod = null
	Sld = null
	SldBody = null
	SldVersion = null
	SortBy = null
	SortByArrays = null
	SRS = urn:ogc:def:crs:EPSG::3857
	StartIndex = null
	StyleBody = null
	StyleFormat = sld
	Styles = [StyleImpl[ name=line]]
	StyleUrl = null
	StyleVersion = null
	Tiled = true
	TilesOrigin = null
	Time = []
	Transparent = true
	ValidateSchema = false
	Version = 1.3.0
	ViewParams = null
	Width = 1060
20 Apr 20:08:33 INFO   [geoserver.flow] - releasing flow controllers for [WMS 1.3.0 GetMap]
20 Apr 20:08:33 INFO   [geoserver.flow] - releasing flow controllers for [WMS 1.3.0 GetMap]
20 Apr 20:08:33 INFO   [geoserver.flow] - Request completed, running requests: 1, blocked requests: 0
20 Apr 20:08:33 INFO   [geoserver.flow] - Request completed, running requests: 1, blocked requests: 0
20 Apr 20:08:33 INFO   [geoserver.flow] - releasing flow controllers for [WMS 1.3.0 GetMap]
20 Apr 20:08:33 INFO   [geoserver.flow] - Request completed, running requests: 0, blocked requests: 0
20 Apr 20:08:35 INFO   [geoserver.wms] - 
Request: getServiceInfo
20 Apr 20:08:35 INFO   [geoserver.wms] - 
Request: getServiceInfo
20 Apr 20:08:35 INFO   [geoserver.wms] - 
Request: getServiceInfo
20 Apr 20:08:35 INFO   [geoserver.flow] - Request [WMS 1.3.0 GetMap] starting, processing through flow controllers
20 Apr 20:08:35 INFO   [geoserver.flow] - Request [WMS 1.3.0 GetMap] starting, processing through flow controllers
20 Apr 20:08:35 INFO   [geoserver.flow] - Request control-flow performed, running requests: 2, blocked requests: 0
20 Apr 20:08:35 INFO   [geoserver.flow] - Request control-flow performed, running requests: 1, blocked requests: 0
20 Apr 20:08:35 INFO   [geoserver.flow] - Request [WMS 1.3.0 GetMap] starting, processing through flow controllers
20 Apr 20:08:35 INFO   [geoserver.flow] - Request control-flow performed, running requests: 3, blocked requests: 0
20 Apr 20:08:35 INFO   [geoserver.wms] - 
Request: getMap
	Angle = 0.0
	BaseUrl = http://localhost:8080/geoserver/
	Bbox = SRSEnvelope[2070763.1969156326 : 1.0035652059213927E7, -1194103.9283217378 : 1.1309268776267283E7]
	BgColor = java.awt.Color[r=255,g=255,b=255]
	Buffer = 0
	Clip = null
	CQLFilter = null
	Crs = PROJCS["WGS 84 / Pseudo-Mercator", 
  GEOGCS["WGS 84", 
    DATUM["World Geodetic System 1984", 
      SPHEROID["WGS 84", 6378137.0, 298.257223563, AUTHORITY["EPSG","7030"]], 
      AUTHORITY["EPSG","6326"]], 
    PRIMEM["Greenwich", 0.0, AUTHORITY["EPSG","8901"]], 
    UNIT["degree", 0.017453292519943295], 
    AXIS["Geodetic latitude", NORTH], 
    AXIS["Geodetic longitude", EAST], 
    AUTHORITY["EPSG","4326"]], 
  PROJECTION["Popular Visualisation Pseudo Mercator", AUTHORITY["EPSG","1024"]], 
  PARAMETER["semi_minor", 6378137.0], 
  PARAMETER["latitude_of_origin", 0.0], 
  PARAMETER["central_meridian", 0.0], 
  PARAMETER["scale_factor", 1.0], 
  PARAMETER["false_easting", 0.0], 
  PARAMETER["false_northing", 0.0], 
  UNIT["m", 1.0], 
  AXIS["Easting", EAST], 
  AXIS["Northing", NORTH], 
  AUTHORITY["EPSG","3857"]]
	Elevation = []
	Env = {}
	Exceptions = SE_XML
	FeatureId = null
	FeatureVersion = null
	Filter = null
	Format = image/png
	FormatOptions = {DPI=180}
	Get = true
	Height = 1664
	Interpolations = []
	Layers = [org.geoserver.wms.MapLayerInfo@e4804762]
	MaxFeatures = null
	Palette = null
	RawKvp = {FORMAT=image/png, CRS=EPSG:3857, STYLES=, WIDTH=1060, HEIGHT=1664, LAYERS=gis:buildings, TILED=true, REQUEST=GetMap, FORMAT_OPTIONS=dpi:180, BBOX=2070763.1969156326,-1194103.9283217378,10035652.059213927,11309268.776267283, VERSION=1.3.0, SERVICE=WMS, TRANSPARENT=TRUE}
	RemoteOwsType = null
	RemoteOwsURL = null
	Request = GetMap
	RequestCharset = UTF-8
	ScaleMethod = null
	Sld = null
	SldBody = null
	SldVersion = null
	SortBy = null
	SortByArrays = null
	SRS = urn:ogc:def:crs:EPSG::3857
	StartIndex = null
	StyleBody = null
	StyleFormat = sld
	Styles = [StyleImpl[ name=polygon]]
	StyleUrl = null
	StyleVersion = null
	Tiled = true
	TilesOrigin = null
	Time = []
	Transparent = true
	ValidateSchema = false
	Version = 1.3.0
	ViewParams = null
	Width = 1060
20 Apr 20:08:35 INFO   [geoserver.wms] - 
Request: getMap
	Angle = 0.0
	BaseUrl = http://localhost:8080/geoserver/
	Bbox = SRSEnvelope[2070763.1969156326 : 1.0035652059213927E7, -1194103.9283217378 : 1.1309268776267283E7]
	BgColor = java.awt.Color[r=255,g=255,b=255]
	Buffer = 0
	Clip = null
	CQLFilter = null
	Crs = PROJCS["WGS 84 / Pseudo-Mercator", 
  GEOGCS["WGS 84", 
    DATUM["World Geodetic System 1984", 
      SPHEROID["WGS 84", 6378137.0, 298.257223563, AUTHORITY["EPSG","7030"]], 
      AUTHORITY["EPSG","6326"]], 
    PRIMEM["Greenwich", 0.0, AUTHORITY["EPSG","8901"]], 
    UNIT["degree", 0.017453292519943295], 
    AXIS["Geodetic latitude", NORTH], 
    AXIS["Geodetic longitude", EAST], 
    AUTHORITY["EPSG","4326"]], 
  PROJECTION["Popular Visualisation Pseudo Mercator", AUTHORITY["EPSG","1024"]], 
  PARAMETER["semi_minor", 6378137.0], 
  PARAMETER["latitude_of_origin", 0.0], 
  PARAMETER["central_meridian", 0.0], 
  PARAMETER["scale_factor", 1.0], 
  PARAMETER["false_easting", 0.0], 
  PARAMETER["false_northing", 0.0], 
  UNIT["m", 1.0], 
  AXIS["Easting", EAST], 
  AXIS["Northing", NORTH], 
  AUTHORITY["EPSG","3857"]]
	Elevation = []
	Env = {}
	Exceptions = SE_XML
	FeatureId = null
	FeatureVersion = null
	Filter = null
	Format = image/png
	FormatOptions = {DPI=180}
	Get = true
	Height = 1664
	Interpolations = []
	Layers = [org.geoserver.wms.MapLayerInfo@349ab7]
	MaxFeatures = null
	Palette = null
	RawKvp = {FORMAT=image/png, CRS=EPSG:3857, STYLES=, WIDTH=1060, HEIGHT=1664, LAYERS=gis:poi, TILED=true, REQUEST=GetMap, FORMAT_OPTIONS=dpi:180, BBOX=2070763.1969156326,-1194103.9283217378,10035652.059213927,11309268.776267283, VERSION=1.3.0, SERVICE=WMS, TRANSPARENT=TRUE}
	RemoteOwsType = null
	RemoteOwsURL = null
	Request = GetMap
	RequestCharset = UTF-8
	ScaleMethod = null
	Sld = null
	SldBody = null
	SldVersion = null
	SortBy = null
	SortByArrays = null
	SRS = urn:ogc:def:crs:EPSG::3857
	StartIndex = null
	StyleBody = null
	StyleFormat = sld
	Styles = [StyleImpl[ name=point]]
	StyleUrl = null
	StyleVersion = null
	Tiled = true
	TilesOrigin = null
	Time = []
	Transparent = true
	ValidateSchema = false
	Version = 1.3.0
	ViewParams = null
	Width = 1060
20 Apr 20:08:35 INFO   [geoserver.wms] - 
Request: getMap
	Angle = 0.0
	BaseUrl = http://localhost:8080/geoserver/
	Bbox = SRSEnvelope[2070763.1969156326 : 1.0035652059213927E7, -1194103.9283217378 : 1.1309268776267283E7]
	BgColor = java.awt.Color[r=255,g=255,b=255]
	Buffer = 0
	Clip = null
	CQLFilter = null
	Crs = PROJCS["WGS 84 / Pseudo-Mercator", 
  GEOGCS["WGS 84", 
    DATUM["World Geodetic System 1984", 
      SPHEROID["WGS 84", 6378137.0, 298.257223563, AUTHORITY["EPSG","7030"]], 
      AUTHORITY["EPSG","6326"]], 
    PRIMEM["Greenwich", 0.0, AUTHORITY["EPSG","8901"]], 
    UNIT["degree", 0.017453292519943295], 
    AXIS["Geodetic latitude", NORTH], 
    AXIS["Geodetic longitude", EAST], 
    AUTHORITY["EPSG","4326"]], 
  PROJECTION["Popular Visualisation Pseudo Mercator", AUTHORITY["EPSG","1024"]], 
  PARAMETER["semi_minor", 6378137.0], 
  PARAMETER["latitude_of_origin", 0.0], 
  PARAMETER["central_meridian", 0.0], 
  PARAMETER["scale_factor", 1.0], 
  PARAMETER["false_easting", 0.0], 
  PARAMETER["false_northing", 0.0], 
  UNIT["m", 1.0], 
  AXIS["Easting", EAST], 
  AXIS["Northing", NORTH], 
  AUTHORITY["EPSG","3857"]]
	Elevation = []
	Env = {}
	Exceptions = SE_XML
	FeatureId = null
	FeatureVersion = null
	Filter = null
	Format = image/png
	FormatOptions = {DPI=180}
	Get = true
	Height = 1664
	Interpolations = []
	Layers = [org.geoserver.wms.MapLayerInfo@c8d248ce]
	MaxFeatures = null
	Palette = null
	RawKvp = {FORMAT=image/png, CRS=EPSG:3857, STYLES=, WIDTH=1060, HEIGHT=1664, LAYERS=gis:roads, TILED=true, REQUEST=GetMap, FORMAT_OPTIONS=dpi:180, BBOX=2070763.1969156326,-1194103.9283217378,10035652.059213927,11309268.776267283, VERSION=1.3.0, SERVICE=WMS, TRANSPARENT=TRUE}
	RemoteOwsType = null
	RemoteOwsURL = null
	Request = GetMap
	RequestCharset = UTF-8
	ScaleMethod = null
	Sld = null
	SldBody = null
	SldVersion = null
	SortBy = null
	SortByArrays = null
	SRS = urn:ogc:def:crs:EPSG::3857
	StartIndex = null
	StyleBody = null
	StyleFormat = sld
	Styles = [StyleImpl[ name=line]]
	StyleUrl = null
	StyleVersion = null
	Tiled = true
	TilesOrigin = null
	Time = []
	Transparent = true
	ValidateSchema = false
	Version = 1.3.0
	ViewParams = null
	Width = 1060
20 Apr 20:08:35 INFO   [geoserver.flow] - releasing flow controllers for [WMS 1.3.0 GetMap]
20 Apr 20:08:35 INFO   [geoserver.flow] - Request completed, running requests: 2, blocked requests: 0
20 Apr 20:08:35 INFO   [geoserver.flow] - releasing flow controllers for [WMS 1.3.0 GetMap]
20 Apr 20:08:35 INFO   [geoserver.flow] - Request completed, running requests: 1, blocked requests: 0
20 Apr 20:08:35 INFO   [geoserver.flow] - releasing flow controllers for [WMS 1.3.0 GetMap]
20 Apr 20:08:35 INFO   [geoserver.flow] - Request completed, running requests: 0, blocked requests: 0
20 Apr 20:08:36 INFO   [geoserver.wms] - 
Request: getServiceInfo
20 Apr 20:08:36 INFO   [geoserver.wms] - 
Request: getServiceInfo
20 Apr 20:08:36 INFO   [geoserver.wms] - 
Request: getServiceInfo
20 Apr 20:08:36 INFO   [geoserver.flow] - Request [WMS 1.3.0 GetMap] starting, processing through flow controllers
20 Apr 20:08:36 INFO   [geoserver.flow] - Request control-flow performed, running requests: 1, blocked requests: 0
20 Apr 20:08:36 INFO   [geoserver.flow] - Request [WMS 1.3.0 GetMap] starting, processing through flow controllers
20 Apr 20:08:36 INFO   [geoserver.flow] - Request control-flow performed, running requests: 2, blocked requests: 0
20 Apr 20:08:36 INFO   [geoserver.flow] - Request [WMS 1.3.0 GetMap] starting, processing through flow controllers
20 Apr 20:08:36 INFO   [geoserver.flow] - Request control-flow performed, running requests: 3, blocked requests: 0
20 Apr 20:08:36 INFO   [geoserver.wms] - 
Request: getMap
	Angle = 0.0
	BaseUrl = http://localhost:8080/geoserver/
	Bbox = SRSEnvelope[1287285.1211822596 : 9252173.983480554, -180164.45696727186 : 1.2323208247621749E7]
	BgColor = java.awt.Color[r=255,g=255,b=255]
	Buffer = 0
	Clip = null
	CQLFilter = null
	Crs = PROJCS["WGS 84 / Pseudo-Mercator", 
  GEOGCS["WGS 84", 
    DATUM["World Geodetic System 1984", 
      SPHEROID["WGS 84", 6378137.0, 298.257223563, AUTHORITY["EPSG","7030"]], 
      AUTHORITY["EPSG","6326"]], 
    PRIMEM["Greenwich", 0.0, AUTHORITY["EPSG","8901"]], 
    UNIT["degree", 0.017453292519943295], 
    AXIS["Geodetic latitude", NORTH], 
    AXIS["Geodetic longitude", EAST], 
    AUTHORITY["EPSG","4326"]], 
  PROJECTION["Popular Visualisation Pseudo Mercator", AUTHORITY["EPSG","1024"]], 
  PARAMETER["semi_minor", 6378137.0], 
  PARAMETER["latitude_of_origin", 0.0], 
  PARAMETER["central_meridian", 0.0], 
  PARAMETER["scale_factor", 1.0], 
  PARAMETER["false_easting", 0.0], 
  PARAMETER["false_northing", 0.0], 
  UNIT["m", 1.0], 
  AXIS["Easting", EAST], 
  AXIS["Northing", NORTH], 
  AUTHORITY["EPSG","3857"]]
	Elevation = []
	Env = {}
	Exceptions = SE_XML
	FeatureId = null
	FeatureVersion = null
	Filter = null
	Format = image/png
	FormatOptions = {DPI=180}
	Get = true
	Height = 1664
	Interpolations = []
	Layers = [org.geoserver.wms.MapLayerInfo@349ab7]
	MaxFeatures = null
	Palette = null
	RawKvp = {FORMAT=image/png, CRS=EPSG:3857, STYLES=, WIDTH=1060, HEIGHT=1664, LAYERS=gis:poi, TILED=true, REQUEST=GetMap, FORMAT_OPTIONS=dpi:180, BBOX=1287285.1211822596,-180164.45696727186,9252173.983480554,12323208.247621749, VERSION=1.3.0, SERVICE=WMS, TRANSPARENT=TRUE}
	RemoteOwsType = null
	RemoteOwsURL = null
	Request = GetMap
	RequestCharset = UTF-8
	ScaleMethod = null
	Sld = null
	SldBody = null
	SldVersion = null
	SortBy = null
	SortByArrays = null
	SRS = urn:ogc:def:crs:EPSG::3857
	StartIndex = null
	StyleBody = null
	StyleFormat = sld
	Styles = [StyleImpl[ name=point]]
	StyleUrl = null
	StyleVersion = null
	Tiled = true
	TilesOrigin = null
	Time = []
	Transparent = true
	ValidateSchema = false
	Version = 1.3.0
	ViewParams = null
	Width = 1060
20 Apr 20:08:36 INFO   [geoserver.wms] - 
Request: getMap
	Angle = 0.0
	BaseUrl = http://localhost:8080/geoserver/
	Bbox = SRSEnvelope[1287285.1211822596 : 9252173.983480554, -180164.45696727186 : 1.2323208247621749E7]
	BgColor = java.awt.Color[r=255,g=255,b=255]
	Buffer = 0
	Clip = null
	CQLFilter = null
	Crs = PROJCS["WGS 84 / Pseudo-Mercator", 
  GEOGCS["WGS 84", 
    DATUM["World Geodetic System 1984", 
      SPHEROID["WGS 84", 6378137.0, 298.257223563, AUTHORITY["EPSG","7030"]], 
      AUTHORITY["EPSG","6326"]], 
    PRIMEM["Greenwich", 0.0, AUTHORITY["EPSG","8901"]], 
    UNIT["degree", 0.017453292519943295], 
    AXIS["Geodetic latitude", NORTH], 
    AXIS["Geodetic longitude", EAST], 
    AUTHORITY["EPSG","4326"]], 
  PROJECTION["Popular Visualisation Pseudo Mercator", AUTHORITY["EPSG","1024"]], 
  PARAMETER["semi_minor", 6378137.0], 
  PARAMETER["latitude_of_origin", 0.0], 
  PARAMETER["central_meridian", 0.0], 
  PARAMETER["scale_factor", 1.0], 
  PARAMETER["false_easting", 0.0], 
  PARAMETER["false_northing", 0.0], 
  UNIT["m", 1.0], 
  AXIS["Easting", EAST], 
  AXIS["Northing", NORTH], 
  AUTHORITY["EPSG","3857"]]
	Elevation = []
	Env = {}
	Exceptions = SE_XML
	FeatureId = null
	FeatureVersion = null
	Filter = null
	Format = image/png
	FormatOptions = {DPI=180}
	Get = true
	Height = 1664
	Interpolations = []
	Layers = [org.geoserver.wms.MapLayerInfo@e4804762]
	MaxFeatures = null
	Palette = null
	RawKvp = {FORMAT=image/png, CRS=EPSG:3857, STYLES=, WIDTH=1060, HEIGHT=1664, LAYERS=gis:buildings, TILED=true, REQUEST=GetMap, FORMAT_OPTIONS=dpi:180, BBOX=1287285.1211822596,-180164.45696727186,9252173.983480554,12323208.247621749, VERSION=1.3.0, SERVICE=WMS, TRANSPARENT=TRUE}
	RemoteOwsType = null
	RemoteOwsURL = null
	Request = GetMap
	RequestCharset = UTF-8
	ScaleMethod = null
	Sld = null
	SldBody = null
	SldVersion = null
	SortBy = null
	SortByArrays = null
	SRS = urn:ogc:def:crs:EPSG::3857
	StartIndex = null
	StyleBody = null
	StyleFormat = sld
	Styles = [StyleImpl[ name=polygon]]
	StyleUrl = null
	StyleVersion = null
	Tiled = true
	TilesOrigin = null
	Time = []
	Transparent = true
	ValidateSchema = false
	Version = 1.3.0
	ViewParams = null
	Width = 1060
20 Apr 20:08:36 INFO   [geoserver.wms] - 
Request: getMap
	Angle = 0.0
	BaseUrl = http://localhost:8080/geoserver/
	Bbox = SRSEnvelope[1287285.1211822596 : 9252173.983480554, -180164.45696727186 : 1.2323208247621749E7]
	BgColor = java.awt.Color[r=255,g=255,b=255]
	Buffer = 0
	Clip = null
	CQLFilter = null
	Crs = PROJCS["WGS 84 / Pseudo-Mercator", 
  GEOGCS["WGS 84", 
    DATUM["World Geodetic System 1984", 
      SPHEROID["WGS 84", 6378137.0, 298.257223563, AUTHORITY["EPSG","7030"]], 
      AUTHORITY["EPSG","6326"]], 
    PRIMEM["Greenwich", 0.0, AUTHORITY["EPSG","8901"]], 
    UNIT["degree", 0.017453292519943295], 
    AXIS["Geodetic latitude", NORTH], 
    AXIS["Geodetic longitude", EAST], 
    AUTHORITY["EPSG","4326"]], 
  PROJECTION["Popular Visualisation Pseudo Mercator", AUTHORITY["EPSG","1024"]], 
  PARAMETER["semi_minor", 6378137.0], 
  PARAMETER["latitude_of_origin", 0.0], 
  PARAMETER["central_meridian", 0.0], 
  PARAMETER["scale_factor", 1.0], 
  PARAMETER["false_easting", 0.0], 
  PARAMETER["false_northing", 0.0], 
  UNIT["m", 1.0], 
  AXIS["Easting", EAST], 
  AXIS["Northing", NORTH], 
  AUTHORITY["EPSG","3857"]]
	Elevation = []
	Env = {}
	Exceptions = SE_XML
	FeatureId = null
	FeatureVersion = null
	Filter = null
	Format = image/png
	FormatOptions = {DPI=180}
	Get = true
	Height = 1664
	Interpolations = []
	Layers = [org.geoserver.wms.MapLayerInfo@c8d248ce]
	MaxFeatures = null
	Palette = null
	RawKvp = {FORMAT=image/png, CRS=EPSG:3857, STYLES=, WIDTH=1060, HEIGHT=1664, LAYERS=gis:roads, TILED=true, REQUEST=GetMap, FORMAT_OPTIONS=dpi:180, BBOX=1287285.1211822596,-180164.45696727186,9252173.983480554,12323208.247621749, VERSION=1.3.0, SERVICE=WMS, TRANSPARENT=TRUE}
	RemoteOwsType = null
	RemoteOwsURL = null
	Request = GetMap
	RequestCharset = UTF-8
	ScaleMethod = null
	Sld = null
	SldBody = null
	SldVersion = null
	SortBy = null
	SortByArrays = null
	SRS = urn:ogc:def:crs:EPSG::3857
	StartIndex = null
	StyleBody = null
	StyleFormat = sld
	Styles = [StyleImpl[ name=line]]
	StyleUrl = null
	StyleVersion = null
	Tiled = true
	TilesOrigin = null
	Time = []
	Transparent = true
	ValidateSchema = false
	Version = 1.3.0
	ViewParams = null
	Width = 1060
20 Apr 20:08:36 INFO   [geoserver.flow] - releasing flow controllers for [WMS 1.3.0 GetMap]
20 Apr 20:08:36 INFO   [geoserver.flow] - Request completed, running requests: 2, blocked requests: 0
20 Apr 20:08:36 INFO   [geoserver.flow] - releasing flow controllers for [WMS 1.3.0 GetMap]
20 Apr 20:08:36 INFO   [geoserver.flow] - Request completed, running requests: 1, blocked requests: 0
20 Apr 20:08:36 INFO   [geoserver.flow] - releasing flow controllers for [WMS 1.3.0 GetMap]
20 Apr 20:08:36 INFO   [geoserver.flow] - Request completed, running requests: 0, blocked requests: 0
20 Apr 20:08:36 INFO   [geoserver.wms] - 
Request: getServiceInfo
20 Apr 20:08:36 INFO   [geoserver.wms] - 
Request: getServiceInfo
20 Apr 20:08:36 INFO   [geoserver.wms] - 
Request: getServiceInfo
20 Apr 20:08:36 INFO   [geoserver.flow] - Request [WMS 1.3.0 GetMap] starting, processing through flow controllers
20 Apr 20:08:36 INFO   [geoserver.flow] - Request [WMS 1.3.0 GetMap] starting, processing through flow controllers
20 Apr 20:08:36 INFO   [geoserver.flow] - Request [WMS 1.3.0 GetMap] starting, processing through flow controllers
20 Apr 20:08:36 INFO   [geoserver.flow] - Request control-flow performed, running requests: 2, blocked requests: 1
20 Apr 20:08:36 INFO   [geoserver.flow] - Request control-flow performed, running requests: 1, blocked requests: 2
20 Apr 20:08:36 INFO   [geoserver.flow] - Request control-flow performed, running requests: 3, blocked requests: 0
20 Apr 20:08:36 INFO   [geoserver.wms] - 
Request: getMap
	Angle = 0.0
	BaseUrl = http://localhost:8080/geoserver/
	Bbox = SRSEnvelope[6491904.75594469 : 1.4456793618242985E7, -2540359.814106168 : 9963012.890482852]
	BgColor = java.awt.Color[r=255,g=255,b=255]
	Buffer = 0
	Clip = null
	CQLFilter = null
	Crs = PROJCS["WGS 84 / Pseudo-Mercator", 
  GEOGCS["WGS 84", 
    DATUM["World Geodetic System 1984", 
      SPHEROID["WGS 84", 6378137.0, 298.257223563, AUTHORITY["EPSG","7030"]], 
      AUTHORITY["EPSG","6326"]], 
    PRIMEM["Greenwich", 0.0, AUTHORITY["EPSG","8901"]], 
    UNIT["degree", 0.017453292519943295], 
    AXIS["Geodetic latitude", NORTH], 
    AXIS["Geodetic longitude", EAST], 
    AUTHORITY["EPSG","4326"]], 
  PROJECTION["Popular Visualisation Pseudo Mercator", AUTHORITY["EPSG","1024"]], 
  PARAMETER["semi_minor", 6378137.0], 
  PARAMETER["latitude_of_origin", 0.0], 
  PARAMETER["central_meridian", 0.0], 
  PARAMETER["scale_factor", 1.0], 
  PARAMETER["false_easting", 0.0], 
  PARAMETER["false_northing", 0.0], 
  UNIT["m", 1.0], 
  AXIS["Easting", EAST], 
  AXIS["Northing", NORTH], 
  AUTHORITY["EPSG","3857"]]
	Elevation = []
	Env = {}
	Exceptions = SE_XML
	FeatureId = null
	FeatureVersion = null
	Filter = null
	Format = image/png
	FormatOptions = {DPI=180}
	Get = true
	Height = 1664
	Interpolations = []
	Layers = [org.geoserver.wms.MapLayerInfo@e4804762]
	MaxFeatures = null
	Palette = null
	RawKvp = {FORMAT=image/png, CRS=EPSG:3857, STYLES=, WIDTH=1060, HEIGHT=1664, LAYERS=gis:buildings, TILED=true, REQUEST=GetMap, FORMAT_OPTIONS=dpi:180, BBOX=6491904.75594469,-2540359.814106168,14456793.618242985,9963012.890482852, VERSION=1.3.0, SERVICE=WMS, TRANSPARENT=TRUE}
	RemoteOwsType = null
	RemoteOwsURL = null
	Request = GetMap
	RequestCharset = UTF-8
	ScaleMethod = null
	Sld = null
	SldBody = null
	SldVersion = null
	SortBy = null
	SortByArrays = null
	SRS = urn:ogc:def:crs:EPSG::3857
	StartIndex = null
	StyleBody = null
	StyleFormat = sld
	Styles = [StyleImpl[ name=polygon]]
	StyleUrl = null
	StyleVersion = null
	Tiled = true
	TilesOrigin = null
	Time = []
	Transparent = true
	ValidateSchema = false
	Version = 1.3.0
	ViewParams = null
	Width = 1060
20 Apr 20:08:36 INFO   [geoserver.wms] - 
Request: getMap
	Angle = 0.0
	BaseUrl = http://localhost:8080/geoserver/
	Bbox = SRSEnvelope[6491904.75594469 : 1.4456793618242985E7, -2540359.814106168 : 9963012.890482852]
	BgColor = java.awt.Color[r=255,g=255,b=255]
	Buffer = 0
	Clip = null
	CQLFilter = null
	Crs = PROJCS["WGS 84 / Pseudo-Mercator", 
  GEOGCS["WGS 84", 
    DATUM["World Geodetic System 1984", 
      SPHEROID["WGS 84", 6378137.0, 298.257223563, AUTHORITY["EPSG","7030"]], 
      AUTHORITY["EPSG","6326"]], 
    PRIMEM["Greenwich", 0.0, AUTHORITY["EPSG","8901"]], 
    UNIT["degree", 0.017453292519943295], 
    AXIS["Geodetic latitude", NORTH], 
    AXIS["Geodetic longitude", EAST], 
    AUTHORITY["EPSG","4326"]], 
  PROJECTION["Popular Visualisation Pseudo Mercator", AUTHORITY["EPSG","1024"]], 
  PARAMETER["semi_minor", 6378137.0], 
  PARAMETER["latitude_of_origin", 0.0], 
  PARAMETER["central_meridian", 0.0], 
  PARAMETER["scale_factor", 1.0], 
  PARAMETER["false_easting", 0.0], 
  PARAMETER["false_northing", 0.0], 
  UNIT["m", 1.0], 
  AXIS["Easting", EAST], 
  AXIS["Northing", NORTH], 
  AUTHORITY["EPSG","3857"]]
	Elevation = []
	Env = {}
	Exceptions = SE_XML
	FeatureId = null
	FeatureVersion = null
	Filter = null
	Format = image/png
	FormatOptions = {DPI=180}
	Get = true
	Height = 1664
	Interpolations = []
	Layers = [org.geoserver.wms.MapLayerInfo@349ab7]
	MaxFeatures = null
	Palette = null
	RawKvp = {FORMAT=image/png, CRS=EPSG:3857, STYLES=, WIDTH=1060, HEIGHT=1664, LAYERS=gis:poi, TILED=true, REQUEST=GetMap, FORMAT_OPTIONS=dpi:180, BBOX=6491904.75594469,-2540359.814106168,14456793.618242985,9963012.890482852, VERSION=1.3.0, SERVICE=WMS, TRANSPARENT=TRUE}
	RemoteOwsType = null
	RemoteOwsURL = null
	Request = GetMap
	RequestCharset = UTF-8
	ScaleMethod = null
	Sld = null
	SldBody = null
	SldVersion = null
	SortBy = null
	SortByArrays = null
	SRS = urn:ogc:def:crs:EPSG::3857
	StartIndex = null
	StyleBody = null
	StyleFormat = sld
	Styles = [StyleImpl[ name=point]]
	StyleUrl = null
	StyleVersion = null
	Tiled = true
	TilesOrigin = null
	Time = []
	Transparent = true
	ValidateSchema = false
	Version = 1.3.0
	ViewParams = null
	Width = 1060
20 Apr 20:08:37 INFO   [geoserver.wms] - 
Request: getMap
	Angle = 0.0
	BaseUrl = http://localhost:8080/geoserver/
	Bbox = SRSEnvelope[6491904.75594469 : 1.4456793618242985E7, -2540359.814106168 : 9963012.890482852]
	BgColor = java.awt.Color[r=255,g=255,b=255]
	Buffer = 0
	Clip = null
	CQLFilter = null
	Crs = PROJCS["WGS 84 / Pseudo-Mercator", 
  GEOGCS["WGS 84", 
    DATUM["World Geodetic System 1984", 
      SPHEROID["WGS 84", 6378137.0, 298.257223563, AUTHORITY["EPSG","7030"]], 
      AUTHORITY["EPSG","6326"]], 
    PRIMEM["Greenwich", 0.0, AUTHORITY["EPSG","8901"]], 
    UNIT["degree", 0.017453292519943295], 
    AXIS["Geodetic latitude", NORTH], 
    AXIS["Geodetic longitude", EAST], 
    AUTHORITY["EPSG","4326"]], 
  PROJECTION["Popular Visualisation Pseudo Mercator", AUTHORITY["EPSG","1024"]], 
  PARAMETER["semi_minor", 6378137.0], 
  PARAMETER["latitude_of_origin", 0.0], 
  PARAMETER["central_meridian", 0.0], 
  PARAMETER["scale_factor", 1.0], 
  PARAMETER["false_easting", 0.0], 
  PARAMETER["false_northing", 0.0], 
  UNIT["m", 1.0], 
  AXIS["Easting", EAST], 
  AXIS["Northing", NORTH], 
  AUTHORITY["EPSG","3857"]]
	Elevation = []
	Env = {}
	Exceptions = SE_XML
	FeatureId = null
	FeatureVersion = null
	Filter = null
	Format = image/png
	FormatOptions = {DPI=180}
	Get = true
	Height = 1664
	Interpolations = []
	Layers = [org.geoserver.wms.MapLayerInfo@c8d248ce]
	MaxFeatures = null
	Palette = null
	RawKvp = {FORMAT=image/png, CRS=EPSG:3857, STYLES=, WIDTH=1060, HEIGHT=1664, LAYERS=gis:roads, TILED=true, REQUEST=GetMap, FORMAT_OPTIONS=dpi:180, BBOX=6491904.75594469,-2540359.814106168,14456793.618242985,9963012.890482852, VERSION=1.3.0, SERVICE=WMS, TRANSPARENT=TRUE}
	RemoteOwsType = null
	RemoteOwsURL = null
	Request = GetMap
	RequestCharset = UTF-8
	ScaleMethod = null
	Sld = null
	SldBody = null
	SldVersion = null
	SortBy = null
	SortByArrays = null
	SRS = urn:ogc:def:crs:EPSG::3857
	StartIndex = null
	StyleBody = null
	StyleFormat = sld
	Styles = [StyleImpl[ name=line]]
	StyleUrl = null
	StyleVersion = null
	Tiled = true
	TilesOrigin = null
	Time = []
	Transparent = true
	ValidateSchema = false
	Version = 1.3.0
	ViewParams = null
	Width = 1060
20 Apr 20:08:37 INFO   [geoserver.flow] - releasing flow controllers for [WMS 1.3.0 GetMap]
20 Apr 20:08:37 INFO   [geoserver.flow] - Request completed, running requests: 2, blocked requests: 0
20 Apr 20:08:37 INFO   [geoserver.flow] - releasing flow controllers for [WMS 1.3.0 GetMap]
20 Apr 20:08:37 INFO   [geoserver.flow] - Request completed, running requests: 1, blocked requests: 0
20 Apr 20:08:37 INFO   [geoserver.flow] - releasing flow controllers for [WMS 1.3.0 GetMap]
20 Apr 20:08:37 INFO   [geoserver.flow] - Request completed, running requests: 0, blocked requests: 0
20 Apr 20:08:38 INFO   [geoserver.wms] - 
Request: getServiceInfo
20 Apr 20:08:38 INFO   [geoserver.wms] - 
Request: getServiceInfo
20 Apr 20:08:38 INFO   [geoserver.wms] - 
Request: getServiceInfo
20 Apr 20:08:38 INFO   [geoserver.flow] - Request [WMS 1.3.0 GetMap] starting, processing through flow controllers
20 Apr 20:08:38 INFO   [geoserver.flow] - Request [WMS 1.3.0 GetMap] starting, processing through flow controllers
20 Apr 20:08:38 INFO   [geoserver.flow] - Request control-flow performed, running requests: 1, blocked requests: 2
20 Apr 20:08:38 INFO   [geoserver.flow] - Request control-flow performed, running requests: 2, blocked requests: 1
20 Apr 20:08:38 INFO   [geoserver.flow] - Request [WMS 1.3.0 GetMap] starting, processing through flow controllers
20 Apr 20:08:38 INFO   [geoserver.flow] - Request control-flow performed, running requests: 3, blocked requests: 0
20 Apr 20:08:38 INFO   [geoserver.wms] - 
Request: getMap
	Angle = 0.0
	BaseUrl = http://localhost:8080/geoserver/
	Bbox = SRSEnvelope[-917477.6260053837 : 7047411.23629291, 363884.68228894845 : 1.2867257386877969E7]
	BgColor = java.awt.Color[r=255,g=255,b=255]
	Buffer = 0
	Clip = null
	CQLFilter = null
	Crs = PROJCS["WGS 84 / Pseudo-Mercator", 
  GEOGCS["WGS 84", 
    DATUM["World Geodetic System 1984", 
      SPHEROID["WGS 84", 6378137.0, 298.257223563, AUTHORITY["EPSG","7030"]], 
      AUTHORITY["EPSG","6326"]], 
    PRIMEM["Greenwich", 0.0, AUTHORITY["EPSG","8901"]], 
    UNIT["degree", 0.017453292519943295], 
    AXIS["Geodetic latitude", NORTH], 
    AXIS["Geodetic longitude", EAST], 
    AUTHORITY["EPSG","4326"]], 
  PROJECTION["Popular Visualisation Pseudo Mercator", AUTHORITY["EPSG","1024"]], 
  PARAMETER["semi_minor", 6378137.0], 
  PARAMETER["latitude_of_origin", 0.0], 
  PARAMETER["central_meridian", 0.0], 
  PARAMETER["scale_factor", 1.0], 
  PARAMETER["false_easting", 0.0], 
  PARAMETER["false_northing", 0.0], 
  UNIT["m", 1.0], 
  AXIS["Easting", EAST], 
  AXIS["Northing", NORTH], 
  AUTHORITY["EPSG","3857"]]
	Elevation = []
	Env = {}
	Exceptions = SE_XML
	FeatureId = null
	FeatureVersion = null
	Filter = null
	Format = image/png
	FormatOptions = {DPI=180}
	Get = true
	Height = 1664
	Interpolations = []
	Layers = [org.geoserver.wms.MapLayerInfo@349ab7]
	MaxFeatures = null
	Palette = null
	RawKvp = {FORMAT=image/png, CRS=EPSG:3857, STYLES=, WIDTH=1060, HEIGHT=1664, LAYERS=gis:poi, TILED=true, REQUEST=GetMap, FORMAT_OPTIONS=dpi:180, BBOX=-917477.6260053837,363884.68228894845,7047411.23629291,12867257.386877969, VERSION=1.3.0, SERVICE=WMS, TRANSPARENT=TRUE}
	RemoteOwsType = null
	RemoteOwsURL = null
	Request = GetMap
	RequestCharset = UTF-8
	ScaleMethod = null
	Sld = null
	SldBody = null
	SldVersion = null
	SortBy = null
	SortByArrays = null
	SRS = urn:ogc:def:crs:EPSG::3857
	StartIndex = null
	StyleBody = null
	StyleFormat = sld
	Styles = [StyleImpl[ name=point]]
	StyleUrl = null
	StyleVersion = null
	Tiled = true
	TilesOrigin = null
	Time = []
	Transparent = true
	ValidateSchema = false
	Version = 1.3.0
	ViewParams = null
	Width = 1060
20 Apr 20:08:38 INFO   [geoserver.wms] - 
Request: getMap
	Angle = 0.0
	BaseUrl = http://localhost:8080/geoserver/
	Bbox = SRSEnvelope[-917477.6260053837 : 7047411.23629291, 363884.68228894845 : 1.2867257386877969E7]
	BgColor = java.awt.Color[r=255,g=255,b=255]
	Buffer = 0
	Clip = null
	CQLFilter = null
	Crs = PROJCS["WGS 84 / Pseudo-Mercator", 
  GEOGCS["WGS 84", 
    DATUM["World Geodetic System 1984", 
      SPHEROID["WGS 84", 6378137.0, 298.257223563, AUTHORITY["EPSG","7030"]], 
      AUTHORITY["EPSG","6326"]], 
    PRIMEM["Greenwich", 0.0, AUTHORITY["EPSG","8901"]], 
    UNIT["degree", 0.017453292519943295], 
    AXIS["Geodetic latitude", NORTH], 
    AXIS["Geodetic longitude", EAST], 
    AUTHORITY["EPSG","4326"]], 
  PROJECTION["Popular Visualisation Pseudo Mercator", AUTHORITY["EPSG","1024"]], 
  PARAMETER["semi_minor", 6378137.0], 
  PARAMETER["latitude_of_origin", 0.0], 
  PARAMETER["central_meridian", 0.0], 
  PARAMETER["scale_factor", 1.0], 
  PARAMETER["false_easting", 0.0], 
  PARAMETER["false_northing", 0.0], 
  UNIT["m", 1.0], 
  AXIS["Easting", EAST], 
  AXIS["Northing", NORTH], 
  AUTHORITY["EPSG","3857"]]
	Elevation = []
	Env = {}
	Exceptions = SE_XML
	FeatureId = null
	FeatureVersion = null
	Filter = null
	Format = image/png
	FormatOptions = {DPI=180}
	Get = true
	Height = 1664
	Interpolations = []
	Layers = [org.geoserver.wms.MapLayerInfo@e4804762]
	MaxFeatures = null
	Palette = null
	RawKvp = {FORMAT=image/png, CRS=EPSG:3857, STYLES=, WIDTH=1060, HEIGHT=1664, LAYERS=gis:buildings, TILED=true, REQUEST=GetMap, FORMAT_OPTIONS=dpi:180, BBOX=-917477.6260053837,363884.68228894845,7047411.23629291,12867257.386877969, VERSION=1.3.0, SERVICE=WMS, TRANSPARENT=TRUE}
	RemoteOwsType = null
	RemoteOwsURL = null
	Request = GetMap
	RequestCharset = UTF-8
	ScaleMethod = null
	Sld = null
	SldBody = null
	SldVersion = null
	SortBy = null
	SortByArrays = null
	SRS = urn:ogc:def:crs:EPSG::3857
	StartIndex = null
	StyleBody = null
	StyleFormat = sld
	Styles = [StyleImpl[ name=polygon]]
	StyleUrl = null
	StyleVersion = null
	Tiled = true
	TilesOrigin = null
	Time = []
	Transparent = true
	ValidateSchema = false
	Version = 1.3.0
	ViewParams = null
	Width = 1060
20 Apr 20:08:38 INFO   [geoserver.wms] - 
Request: getMap
	Angle = 0.0
	BaseUrl = http://localhost:8080/geoserver/
	Bbox = SRSEnvelope[-917477.6260053837 : 7047411.23629291, 363884.68228894845 : 1.2867257386877969E7]
	BgColor = java.awt.Color[r=255,g=255,b=255]
	Buffer = 0
	Clip = null
	CQLFilter = null
	Crs = PROJCS["WGS 84 / Pseudo-Mercator", 
  GEOGCS["WGS 84", 
    DATUM["World Geodetic System 1984", 
      SPHEROID["WGS 84", 6378137.0, 298.257223563, AUTHORITY["EPSG","7030"]], 
      AUTHORITY["EPSG","6326"]], 
    PRIMEM["Greenwich", 0.0, AUTHORITY["EPSG","8901"]], 
    UNIT["degree", 0.017453292519943295], 
    AXIS["Geodetic latitude", NORTH], 
    AXIS["Geodetic longitude", EAST], 
    AUTHORITY["EPSG","4326"]], 
  PROJECTION["Popular Visualisation Pseudo Mercator", AUTHORITY["EPSG","1024"]], 
  PARAMETER["semi_minor", 6378137.0], 
  PARAMETER["latitude_of_origin", 0.0], 
  PARAMETER["central_meridian", 0.0], 
  PARAMETER["scale_factor", 1.0], 
  PARAMETER["false_easting", 0.0], 
  PARAMETER["false_northing", 0.0], 
  UNIT["m", 1.0], 
  AXIS["Easting", EAST], 
  AXIS["Northing", NORTH], 
  AUTHORITY["EPSG","3857"]]
	Elevation = []
	Env = {}
	Exceptions = SE_XML
	FeatureId = null
	FeatureVersion = null
	Filter = null
	Format = image/png
	FormatOptions = {DPI=180}
	Get = true
	Height = 1664
	Interpolations = []
	Layers = [org.geoserver.wms.MapLayerInfo@c8d248ce]
	MaxFeatures = null
	Palette = null
	RawKvp = {FORMAT=image/png, CRS=EPSG:3857, STYLES=, WIDTH=1060, HEIGHT=1664, LAYERS=gis:roads, TILED=true, REQUEST=GetMap, FORMAT_OPTIONS=dpi:180, BBOX=-917477.6260053837,363884.68228894845,7047411.23629291,12867257.386877969, VERSION=1.3.0, SERVICE=WMS, TRANSPARENT=TRUE}
	RemoteOwsType = null
	RemoteOwsURL = null
	Request = GetMap
	RequestCharset = UTF-8
	ScaleMethod = null
	Sld = null
	SldBody = null
	SldVersion = null
	SortBy = null
	SortByArrays = null
	SRS = urn:ogc:def:crs:EPSG::3857
	StartIndex = null
	StyleBody = null
	StyleFormat = sld
	Styles = [StyleImpl[ name=line]]
	StyleUrl = null
	StyleVersion = null
	Tiled = true
	TilesOrigin = null
	Time = []
	Transparent = true
	ValidateSchema = false
	Version = 1.3.0
	ViewParams = null
	Width = 1060
20 Apr 20:08:38 INFO   [geoserver.flow] - releasing flow controllers for [WMS 1.3.0 GetMap]
20 Apr 20:08:38 INFO   [geoserver.flow] - Request completed, running requests: 2, blocked requests: 0
20 Apr 20:08:38 INFO   [geoserver.flow] - releasing flow controllers for [WMS 1.3.0 GetMap]
20 Apr 20:08:38 INFO   [geoserver.flow] - Request completed, running requests: 1, blocked requests: 0
20 Apr 20:08:38 INFO   [geoserver.flow] - releasing flow controllers for [WMS 1.3.0 GetMap]
20 Apr 20:08:38 INFO   [geoserver.flow] - Request completed, running requests: 0, blocked requests: 0
20 Apr 20:08:38 INFO   [geoserver.wms] - 
Request: getServiceInfo
20 Apr 20:08:38 INFO   [geoserver.wms] - 
Request: getServiceInfo
20 Apr 20:08:38 INFO   [geoserver.wms] - 
Request: getServiceInfo
20 Apr 20:08:38 INFO   [geoserver.flow] - Request [WMS 1.3.0 GetMap] starting, processing through flow controllers
20 Apr 20:08:38 INFO   [geoserver.flow] - Request [WMS 1.3.0 GetMap] starting, processing through flow controllers
20 Apr 20:08:38 INFO   [geoserver.flow] - Request [WMS 1.3.0 GetMap] starting, processing through flow controllers
20 Apr 20:08:38 INFO   [geoserver.flow] - Request control-flow performed, running requests: 2, blocked requests: 1
20 Apr 20:08:38 INFO   [geoserver.flow] - Request control-flow performed, running requests: 2, blocked requests: 1
20 Apr 20:08:38 INFO   [geoserver.flow] - Request control-flow performed, running requests: 3, blocked requests: 0
20 Apr 20:08:39 INFO   [geoserver.wms] - 
Request: getMap
	Angle = 0.0
	BaseUrl = http://localhost:8080/geoserver/
	Bbox = SRSEnvelope[272862.45821410744 : 8237751.320512401, 412896.52237839624 : 1.2916269226967417E7]
	BgColor = java.awt.Color[r=255,g=255,b=255]
	Buffer = 0
	Clip = null
	CQLFilter = null
	Crs = PROJCS["WGS 84 / Pseudo-Mercator", 
  GEOGCS["WGS 84", 
    DATUM["World Geodetic System 1984", 
      SPHEROID["WGS 84", 6378137.0, 298.257223563, AUTHORITY["EPSG","7030"]], 
      AUTHORITY["EPSG","6326"]], 
    PRIMEM["Greenwich", 0.0, AUTHORITY["EPSG","8901"]], 
    UNIT["degree", 0.017453292519943295], 
    AXIS["Geodetic latitude", NORTH], 
    AXIS["Geodetic longitude", EAST], 
    AUTHORITY["EPSG","4326"]], 
  PROJECTION["Popular Visualisation Pseudo Mercator", AUTHORITY["EPSG","1024"]], 
  PARAMETER["semi_minor", 6378137.0], 
  PARAMETER["latitude_of_origin", 0.0], 
  PARAMETER["central_meridian", 0.0], 
  PARAMETER["scale_factor", 1.0], 
  PARAMETER["false_easting", 0.0], 
  PARAMETER["false_northing", 0.0], 
  UNIT["m", 1.0], 
  AXIS["Easting", EAST], 
  AXIS["Northing", NORTH], 
  AUTHORITY["EPSG","3857"]]
	Elevation = []
	Env = {}
	Exceptions = SE_XML
	FeatureId = null
	FeatureVersion = null
	Filter = null
	Format = image/png
	FormatOptions = {DPI=180}
	Get = true
	Height = 1664
	Interpolations = []
	Layers = [org.geoserver.wms.MapLayerInfo@349ab7]
	MaxFeatures = null
	Palette = null
	RawKvp = {FORMAT=image/png, CRS=EPSG:3857, STYLES=, WIDTH=1060, HEIGHT=1664, LAYERS=gis:poi, TILED=true, REQUEST=GetMap, FORMAT_OPTIONS=dpi:180, BBOX=272862.45821410744,412896.52237839624,8237751.320512401,12916269.226967417, VERSION=1.3.0, SERVICE=WMS, TRANSPARENT=TRUE}
	RemoteOwsType = null
	RemoteOwsURL = null
	Request = GetMap
	RequestCharset = UTF-8
	ScaleMethod = null
	Sld = null
	SldBody = null
	SldVersion = null
	SortBy = null
	SortByArrays = null
	SRS = urn:ogc:def:crs:EPSG::3857
	StartIndex = null
	StyleBody = null
	StyleFormat = sld
	Styles = [StyleImpl[ name=point]]
	StyleUrl = null
	StyleVersion = null
	Tiled = true
	TilesOrigin = null
	Time = []
	Transparent = true
	ValidateSchema = false
	Version = 1.3.0
	ViewParams = null
	Width = 1060
20 Apr 20:08:39 INFO   [geoserver.wms] - 
Request: getMap
	Angle = 0.0
	BaseUrl = http://localhost:8080/geoserver/
	Bbox = SRSEnvelope[272862.45821410744 : 8237751.320512401, 412896.52237839624 : 1.2916269226967417E7]
	BgColor = java.awt.Color[r=255,g=255,b=255]
	Buffer = 0
	Clip = null
	CQLFilter = null
	Crs = PROJCS["WGS 84 / Pseudo-Mercator", 
  GEOGCS["WGS 84", 
    DATUM["World Geodetic System 1984", 
      SPHEROID["WGS 84", 6378137.0, 298.257223563, AUTHORITY["EPSG","7030"]], 
      AUTHORITY["EPSG","6326"]], 
    PRIMEM["Greenwich", 0.0, AUTHORITY["EPSG","8901"]], 
    UNIT["degree", 0.017453292519943295], 
    AXIS["Geodetic latitude", NORTH], 
    AXIS["Geodetic longitude", EAST], 
    AUTHORITY["EPSG","4326"]], 
  PROJECTION["Popular Visualisation Pseudo Mercator", AUTHORITY["EPSG","1024"]], 
  PARAMETER["semi_minor", 6378137.0], 
  PARAMETER["latitude_of_origin", 0.0], 
  PARAMETER["central_meridian", 0.0], 
  PARAMETER["scale_factor", 1.0], 
  PARAMETER["false_easting", 0.0], 
  PARAMETER["false_northing", 0.0], 
  UNIT["m", 1.0], 
  AXIS["Easting", EAST], 
  AXIS["Northing", NORTH], 
  AUTHORITY["EPSG","3857"]]
	Elevation = []
	Env = {}
	Exceptions = SE_XML
	FeatureId = null
	FeatureVersion = null
	Filter = null
	Format = image/png
	FormatOptions = {DPI=180}
	Get = true
	Height = 1664
	Interpolations = []
	Layers = [org.geoserver.wms.MapLayerInfo@e4804762]
	MaxFeatures = null
	Palette = null
	RawKvp = {FORMAT=image/png, CRS=EPSG:3857, STYLES=, WIDTH=1060, HEIGHT=1664, LAYERS=gis:buildings, TILED=true, REQUEST=GetMap, FORMAT_OPTIONS=dpi:180, BBOX=272862.45821410744,412896.52237839624,8237751.320512401,12916269.226967417, VERSION=1.3.0, SERVICE=WMS, TRANSPARENT=TRUE}
	RemoteOwsType = null
	RemoteOwsURL = null
	Request = GetMap
	RequestCharset = UTF-8
	ScaleMethod = null
	Sld = null
	SldBody = null
	SldVersion = null
	SortBy = null
	SortByArrays = null
	SRS = urn:ogc:def:crs:EPSG::3857
	StartIndex = null
	StyleBody = null
	StyleFormat = sld
	Styles = [StyleImpl[ name=polygon]]
	StyleUrl = null
	StyleVersion = null
	Tiled = true
	TilesOrigin = null
	Time = []
	Transparent = true
	ValidateSchema = false
	Version = 1.3.0
	ViewParams = null
	Width = 1060
20 Apr 20:08:39 INFO   [geoserver.wms] - 
Request: getMap
	Angle = 0.0
	BaseUrl = http://localhost:8080/geoserver/
	Bbox = SRSEnvelope[272862.45821410744 : 8237751.320512401, 412896.52237839624 : 1.2916269226967417E7]
	BgColor = java.awt.Color[r=255,g=255,b=255]
	Buffer = 0
	Clip = null
	CQLFilter = null
	Crs = PROJCS["WGS 84 / Pseudo-Mercator", 
  GEOGCS["WGS 84", 
    DATUM["World Geodetic System 1984", 
      SPHEROID["WGS 84", 6378137.0, 298.257223563, AUTHORITY["EPSG","7030"]], 
      AUTHORITY["EPSG","6326"]], 
    PRIMEM["Greenwich", 0.0, AUTHORITY["EPSG","8901"]], 
    UNIT["degree", 0.017453292519943295], 
    AXIS["Geodetic latitude", NORTH], 
    AXIS["Geodetic longitude", EAST], 
    AUTHORITY["EPSG","4326"]], 
  PROJECTION["Popular Visualisation Pseudo Mercator", AUTHORITY["EPSG","1024"]], 
  PARAMETER["semi_minor", 6378137.0], 
  PARAMETER["latitude_of_origin", 0.0], 
  PARAMETER["central_meridian", 0.0], 
  PARAMETER["scale_factor", 1.0], 
  PARAMETER["false_easting", 0.0], 
  PARAMETER["false_northing", 0.0], 
  UNIT["m", 1.0], 
  AXIS["Easting", EAST], 
  AXIS["Northing", NORTH], 
  AUTHORITY["EPSG","3857"]]
	Elevation = []
	Env = {}
	Exceptions = SE_XML
	FeatureId = null
	FeatureVersion = null
	Filter = null
	Format = image/png
	FormatOptions = {DPI=180}
	Get = true
	Height = 1664
	Interpolations = []
	Layers = [org.geoserver.wms.MapLayerInfo@c8d248ce]
	MaxFeatures = null
	Palette = null
	RawKvp = {FORMAT=image/png, CRS=EPSG:3857, STYLES=, WIDTH=1060, HEIGHT=1664, LAYERS=gis:roads, TILED=true, REQUEST=GetMap, FORMAT_OPTIONS=dpi:180, BBOX=272862.45821410744,412896.52237839624,8237751.320512401,12916269.226967417, VERSION=1.3.0, SERVICE=WMS, TRANSPARENT=TRUE}
	RemoteOwsType = null
	RemoteOwsURL = null
	Request = GetMap
	RequestCharset = UTF-8
	ScaleMethod = null
	Sld = null
	SldBody = null
	SldVersion = null
	SortBy = null
	SortByArrays = null
	SRS = urn:ogc:def:crs:EPSG::3857
	StartIndex = null
	StyleBody = null
	StyleFormat = sld
	Styles = [StyleImpl[ name=line]]
	StyleUrl = null
	StyleVersion = null
	Tiled = true
	TilesOrigin = null
	Time = []
	Transparent = true
	ValidateSchema = false
	Version = 1.3.0
	ViewParams = null
	Width = 1060
20 Apr 20:08:39 INFO   [geoserver.flow] - releasing flow controllers for [WMS 1.3.0 GetMap]
20 Apr 20:08:39 INFO   [geoserver.flow] - Request completed, running requests: 2, blocked requests: 0
20 Apr 20:08:39 INFO   [geoserver.flow] - releasing flow controllers for [WMS 1.3.0 GetMap]
20 Apr 20:08:39 INFO   [geoserver.flow] - Request completed, running requests: 1, blocked requests: 0
20 Apr 20:08:39 INFO   [geoserver.flow] - releasing flow controllers for [WMS 1.3.0 GetMap]
20 Apr 20:08:39 INFO   [geoserver.flow] - Request completed, running requests: 0, blocked requests: 0
20 Apr 20:08:39 INFO   [geoserver.wms] - 
Request: getServiceInfo
20 Apr 20:08:39 INFO   [geoserver.wms] - 
Request: getServiceInfo
20 Apr 20:08:39 INFO   [geoserver.flow] - Request [WMS 1.3.0 GetMap] starting, processing through flow controllers
20 Apr 20:08:39 INFO   [geoserver.wms] - 
Request: getServiceInfo
20 Apr 20:08:39 INFO   [geoserver.flow] - Request control-flow performed, running requests: 1, blocked requests: 1
20 Apr 20:08:39 INFO   [geoserver.flow] - Request [WMS 1.3.0 GetMap] starting, processing through flow controllers
20 Apr 20:08:39 INFO   [geoserver.flow] - Request control-flow performed, running requests: 2, blocked requests: 0
20 Apr 20:08:39 INFO   [geoserver.flow] - Request [WMS 1.3.0 GetMap] starting, processing through flow controllers
20 Apr 20:08:39 INFO   [geoserver.flow] - Request control-flow performed, running requests: 3, blocked requests: 0
20 Apr 20:08:39 INFO   [geoserver.wms] - 
Request: getMap
	Angle = 0.0
	BaseUrl = http://localhost:8080/geoserver/
	Bbox = SRSEnvelope[1920309.6933680186 : 7339580.378897878, 2579073.49921342 : 1.108630597159237E7]
	BgColor = java.awt.Color[r=255,g=255,b=255]
	Buffer = 0
	Clip = null
	CQLFilter = null
	Crs = PROJCS["WGS 84 / Pseudo-Mercator", 
  GEOGCS["WGS 84", 
    DATUM["World Geodetic System 1984", 
      SPHEROID["WGS 84", 6378137.0, 298.257223563, AUTHORITY["EPSG","7030"]], 
      AUTHORITY["EPSG","6326"]], 
    PRIMEM["Greenwich", 0.0, AUTHORITY["EPSG","8901"]], 
    UNIT["degree", 0.017453292519943295], 
    AXIS["Geodetic latitude", NORTH], 
    AXIS["Geodetic longitude", EAST], 
    AUTHORITY["EPSG","4326"]], 
  PROJECTION["Popular Visualisation Pseudo Mercator", AUTHORITY["EPSG","1024"]], 
  PARAMETER["semi_minor", 6378137.0], 
  PARAMETER["latitude_of_origin", 0.0], 
  PARAMETER["central_meridian", 0.0], 
  PARAMETER["scale_factor", 1.0], 
  PARAMETER["false_easting", 0.0], 
  PARAMETER["false_northing", 0.0], 
  UNIT["m", 1.0], 
  AXIS["Easting", EAST], 
  AXIS["Northing", NORTH], 
  AUTHORITY["EPSG","3857"]]
	Elevation = []
	Env = {}
	Exceptions = SE_XML
	FeatureId = null
	FeatureVersion = null
	Filter = null
	Format = image/png
	FormatOptions = {DPI=180}
	Get = true
	Height = 1664
	Interpolations = []
	Layers = [org.geoserver.wms.MapLayerInfo@c8d248ce]
	MaxFeatures = null
	Palette = null
	RawKvp = {FORMAT=image/png, CRS=EPSG:3857, STYLES=, WIDTH=1060, HEIGHT=1664, LAYERS=gis:roads, TILED=true, REQUEST=GetMap, FORMAT_OPTIONS=dpi:180, BBOX=1920309.6933680186,2579073.49921342,7339580.378897878,11086305.97159237, VERSION=1.3.0, SERVICE=WMS, TRANSPARENT=TRUE}
	RemoteOwsType = null
	RemoteOwsURL = null
	Request = GetMap
	RequestCharset = UTF-8
	ScaleMethod = null
	Sld = null
	SldBody = null
	SldVersion = null
	SortBy = null
	SortByArrays = null
	SRS = urn:ogc:def:crs:EPSG::3857
	StartIndex = null
	StyleBody = null
	StyleFormat = sld
	Styles = [StyleImpl[ name=line]]
	StyleUrl = null
	StyleVersion = null
	Tiled = true
	TilesOrigin = null
	Time = []
	Transparent = true
	ValidateSchema = false
	Version = 1.3.0
	ViewParams = null
	Width = 1060
20 Apr 20:08:39 INFO   [geoserver.wms] - 
Request: getMap
	Angle = 0.0
	BaseUrl = http://localhost:8080/geoserver/
	Bbox = SRSEnvelope[1920309.6933680186 : 7339580.378897878, 2579073.49921342 : 1.108630597159237E7]
	BgColor = java.awt.Color[r=255,g=255,b=255]
	Buffer = 0
	Clip = null
	CQLFilter = null
	Crs = PROJCS["WGS 84 / Pseudo-Mercator", 
  GEOGCS["WGS 84", 
    DATUM["World Geodetic System 1984", 
      SPHEROID["WGS 84", 6378137.0, 298.257223563, AUTHORITY["EPSG","7030"]], 
      AUTHORITY["EPSG","6326"]], 
    PRIMEM["Greenwich", 0.0, AUTHORITY["EPSG","8901"]], 
    UNIT["degree", 0.017453292519943295], 
    AXIS["Geodetic latitude", NORTH], 
    AXIS["Geodetic longitude", EAST], 
    AUTHORITY["EPSG","4326"]], 
  PROJECTION["Popular Visualisation Pseudo Mercator", AUTHORITY["EPSG","1024"]], 
  PARAMETER["semi_minor", 6378137.0], 
  PARAMETER["latitude_of_origin", 0.0], 
  PARAMETER["central_meridian", 0.0], 
  PARAMETER["scale_factor", 1.0], 
  PARAMETER["false_easting", 0.0], 
  PARAMETER["false_northing", 0.0], 
  UNIT["m", 1.0], 
  AXIS["Easting", EAST], 
  AXIS["Northing", NORTH], 
  AUTHORITY["EPSG","3857"]]
	Elevation = []
	Env = {}
	Exceptions = SE_XML
	FeatureId = null
	FeatureVersion = null
	Filter = null
	Format = image/png
	FormatOptions = {DPI=180}
	Get = true
	Height = 1664
	Interpolations = []
	Layers = [org.geoserver.wms.MapLayerInfo@349ab7]
	MaxFeatures = null
	Palette = null
	RawKvp = {FORMAT=image/png, CRS=EPSG:3857, STYLES=, WIDTH=1060, HEIGHT=1664, LAYERS=gis:poi, TILED=true, REQUEST=GetMap, FORMAT_OPTIONS=dpi:180, BBOX=1920309.6933680186,2579073.49921342,7339580.378897878,11086305.97159237, VERSION=1.3.0, SERVICE=WMS, TRANSPARENT=TRUE}
	RemoteOwsType = null
	RemoteOwsURL = null
	Request = GetMap
	RequestCharset = UTF-8
	ScaleMethod = null
	Sld = null
	SldBody = null
	SldVersion = null
	SortBy = null
	SortByArrays = null
	SRS = urn:ogc:def:crs:EPSG::3857
	StartIndex = null
	StyleBody = null
	StyleFormat = sld
	Styles = [StyleImpl[ name=point]]
	StyleUrl = null
	StyleVersion = null
	Tiled = true
	TilesOrigin = null
	Time = []
	Transparent = true
	ValidateSchema = false
	Version = 1.3.0
	ViewParams = null
	Width = 1060
20 Apr 20:08:39 INFO   [geoserver.wms] - 
Request: getMap
	Angle = 0.0
	BaseUrl = http://localhost:8080/geoserver/
	Bbox = SRSEnvelope[1920309.6933680186 : 7339580.378897878, 2579073.49921342 : 1.108630597159237E7]
	BgColor = java.awt.Color[r=255,g=255,b=255]
	Buffer = 0
	Clip = null
	CQLFilter = null
	Crs = PROJCS["WGS 84 / Pseudo-Mercator", 
  GEOGCS["WGS 84", 
    DATUM["World Geodetic System 1984", 
      SPHEROID["WGS 84", 6378137.0, 298.257223563, AUTHORITY["EPSG","7030"]], 
      AUTHORITY["EPSG","6326"]], 
    PRIMEM["Greenwich", 0.0, AUTHORITY["EPSG","8901"]], 
    UNIT["degree", 0.017453292519943295], 
    AXIS["Geodetic latitude", NORTH], 
    AXIS["Geodetic longitude", EAST], 
    AUTHORITY["EPSG","4326"]], 
  PROJECTION["Popular Visualisation Pseudo Mercator", AUTHORITY["EPSG","1024"]], 
  PARAMETER["semi_minor", 6378137.0], 
  PARAMETER["latitude_of_origin", 0.0], 
  PARAMETER["central_meridian", 0.0], 
  PARAMETER["scale_factor", 1.0], 
  PARAMETER["false_easting", 0.0], 
  PARAMETER["false_northing", 0.0], 
  UNIT["m", 1.0], 
  AXIS["Easting", EAST], 
  AXIS["Northing", NORTH], 
  AUTHORITY["EPSG","3857"]]
	Elevation = []
	Env = {}
	Exceptions = SE_XML
	FeatureId = null
	FeatureVersion = null
	Filter = null
	Format = image/png
	FormatOptions = {DPI=180}
	Get = true
	Height = 1664
	Interpolations = []
	Layers = [org.geoserver.wms.MapLayerInfo@e4804762]
	MaxFeatures = null
	Palette = null
	RawKvp = {FORMAT=image/png, CRS=EPSG:3857, STYLES=, WIDTH=1060, HEIGHT=1664, LAYERS=gis:buildings, TILED=true, REQUEST=GetMap, FORMAT_OPTIONS=dpi:180, BBOX=1920309.6933680186,2579073.49921342,7339580.378897878,11086305.97159237, VERSION=1.3.0, SERVICE=WMS, TRANSPARENT=TRUE}
	RemoteOwsType = null
	RemoteOwsURL = null
	Request = GetMap
	RequestCharset = UTF-8
	ScaleMethod = null
	Sld = null
	SldBody = null
	SldVersion = null
	SortBy = null
	SortByArrays = null
	SRS = urn:ogc:def:crs:EPSG::3857
	StartIndex = null
	StyleBody = null
	StyleFormat = sld
	Styles = [StyleImpl[ name=polygon]]
	StyleUrl = null
	StyleVersion = null
	Tiled = true
	TilesOrigin = null
	Time = []
	Transparent = true
	ValidateSchema = false
	Version = 1.3.0
	ViewParams = null
	Width = 1060
20 Apr 20:08:39 INFO   [geoserver.flow] - releasing flow controllers for [WMS 1.3.0 GetMap]
20 Apr 20:08:39 INFO   [geoserver.flow] - Request completed, running requests: 2, blocked requests: 0
20 Apr 20:08:39 INFO   [geoserver.flow] - releasing flow controllers for [WMS 1.3.0 GetMap]
20 Apr 20:08:39 INFO   [geoserver.flow] - Request completed, running requests: 1, blocked requests: 0
20 Apr 20:08:39 INFO   [geoserver.flow] - releasing flow controllers for [WMS 1.3.0 GetMap]
20 Apr 20:08:39 INFO   [geoserver.flow] - Request completed, running requests: 0, blocked requests: 0
20 Apr 20:08:40 INFO   [geoserver.wms] - 
Request: getServiceInfo
20 Apr 20:08:40 INFO   [geoserver.wms] - 
Request: getServiceInfo
20 Apr 20:08:40 INFO   [geoserver.flow] - Request [WMS 1.3.0 GetMap] starting, processing through flow controllers
20 Apr 20:08:40 INFO   [geoserver.flow] - Request control-flow performed, running requests: 1, blocked requests: 0
20 Apr 20:08:40 INFO   [geoserver.flow] - Request [WMS 1.3.0 GetMap] starting, processing through flow controllers
20 Apr 20:08:40 INFO   [geoserver.flow] - Request control-flow performed, running requests: 2, blocked requests: 0
20 Apr 20:08:40 INFO   [geoserver.wms] - 
Request: getServiceInfo
20 Apr 20:08:40 INFO   [geoserver.flow] - Request [WMS 1.3.0 GetMap] starting, processing through flow controllers
20 Apr 20:08:40 INFO   [geoserver.flow] - Request control-flow performed, running requests: 3, blocked requests: 0
20 Apr 20:08:40 INFO   [geoserver.wms] - 
Request: getMap
	Angle = 0.0
	BaseUrl = http://localhost:8080/geoserver/
	Bbox = SRSEnvelope[3117872.483591974 : 6834592.432523575, 4009221.0911354576 : 9843770.143043179]
	BgColor = java.awt.Color[r=255,g=255,b=255]
	Buffer = 0
	Clip = null
	CQLFilter = null
	Crs = PROJCS["WGS 84 / Pseudo-Mercator", 
  GEOGCS["WGS 84", 
    DATUM["World Geodetic System 1984", 
      SPHEROID["WGS 84", 6378137.0, 298.257223563, AUTHORITY["EPSG","7030"]], 
      AUTHORITY["EPSG","6326"]], 
    PRIMEM["Greenwich", 0.0, AUTHORITY["EPSG","8901"]], 
    UNIT["degree", 0.017453292519943295], 
    AXIS["Geodetic latitude", NORTH], 
    AXIS["Geodetic longitude", EAST], 
    AUTHORITY["EPSG","4326"]], 
  PROJECTION["Popular Visualisation Pseudo Mercator", AUTHORITY["EPSG","1024"]], 
  PARAMETER["semi_minor", 6378137.0], 
  PARAMETER["latitude_of_origin", 0.0], 
  PARAMETER["central_meridian", 0.0], 
  PARAMETER["scale_factor", 1.0], 
  PARAMETER["false_easting", 0.0], 
  PARAMETER["false_northing", 0.0], 
  UNIT["m", 1.0], 
  AXIS["Easting", EAST], 
  AXIS["Northing", NORTH], 
  AUTHORITY["EPSG","3857"]]
	Elevation = []
	Env = {}
	Exceptions = SE_XML
	FeatureId = null
	FeatureVersion = null
	Filter = null
	Format = image/png
	FormatOptions = {DPI=180}
	Get = true
	Height = 1664
	Interpolations = []
	Layers = [org.geoserver.wms.MapLayerInfo@349ab7]
	MaxFeatures = null
	Palette = null
	RawKvp = {FORMAT=image/png, CRS=EPSG:3857, STYLES=, WIDTH=1060, HEIGHT=1664, LAYERS=gis:poi, TILED=true, REQUEST=GetMap, FORMAT_OPTIONS=dpi:180, BBOX=3117872.483591974,4009221.0911354576,6834592.432523575,9843770.143043179, VERSION=1.3.0, SERVICE=WMS, TRANSPARENT=TRUE}
	RemoteOwsType = null
	RemoteOwsURL = null
	Request = GetMap
	RequestCharset = UTF-8
	ScaleMethod = null
	Sld = null
	SldBody = null
	SldVersion = null
	SortBy = null
	SortByArrays = null
	SRS = urn:ogc:def:crs:EPSG::3857
	StartIndex = null
	StyleBody = null
	StyleFormat = sld
	Styles = [StyleImpl[ name=point]]
	StyleUrl = null
	StyleVersion = null
	Tiled = true
	TilesOrigin = null
	Time = []
	Transparent = true
	ValidateSchema = false
	Version = 1.3.0
	ViewParams = null
	Width = 1060
20 Apr 20:08:40 INFO   [geoserver.wms] - 
Request: getMap
	Angle = 0.0
	BaseUrl = http://localhost:8080/geoserver/
	Bbox = SRSEnvelope[3117872.483591974 : 6834592.432523575, 4009221.0911354576 : 9843770.143043179]
	BgColor = java.awt.Color[r=255,g=255,b=255]
	Buffer = 0
	Clip = null
	CQLFilter = null
	Crs = PROJCS["WGS 84 / Pseudo-Mercator", 
  GEOGCS["WGS 84", 
    DATUM["World Geodetic System 1984", 
      SPHEROID["WGS 84", 6378137.0, 298.257223563, AUTHORITY["EPSG","7030"]], 
      AUTHORITY["EPSG","6326"]], 
    PRIMEM["Greenwich", 0.0, AUTHORITY["EPSG","8901"]], 
    UNIT["degree", 0.017453292519943295], 
    AXIS["Geodetic latitude", NORTH], 
    AXIS["Geodetic longitude", EAST], 
    AUTHORITY["EPSG","4326"]], 
  PROJECTION["Popular Visualisation Pseudo Mercator", AUTHORITY["EPSG","1024"]], 
  PARAMETER["semi_minor", 6378137.0], 
  PARAMETER["latitude_of_origin", 0.0], 
  PARAMETER["central_meridian", 0.0], 
  PARAMETER["scale_factor", 1.0], 
  PARAMETER["false_easting", 0.0], 
  PARAMETER["false_northing", 0.0], 
  UNIT["m", 1.0], 
  AXIS["Easting", EAST], 
  AXIS["Northing", NORTH], 
  AUTHORITY["EPSG","3857"]]
	Elevation = []
	Env = {}
	Exceptions = SE_XML
	FeatureId = null
	FeatureVersion = null
	Filter = null
	Format = image/png
	FormatOptions = {DPI=180}
	Get = true
	Height = 1664
	Interpolations = []
	Layers = [org.geoserver.wms.MapLayerInfo@c8d248ce]
	MaxFeatures = null
	Palette = null
	RawKvp = {FORMAT=image/png, CRS=EPSG:3857, STYLES=, WIDTH=1060, HEIGHT=1664, LAYERS=gis:roads, TILED=true, REQUEST=GetMap, FORMAT_OPTIONS=dpi:180, BBOX=3117872.483591974,4009221.0911354576,6834592.432523575,9843770.143043179, VERSION=1.3.0, SERVICE=WMS, TRANSPARENT=TRUE}
	RemoteOwsType = null
	RemoteOwsURL = null
	Request = GetMap
	RequestCharset = UTF-8
	ScaleMethod = null
	Sld = null
	SldBody = null
	SldVersion = null
	SortBy = null
	SortByArrays = null
	SRS = urn:ogc:def:crs:EPSG::3857
	StartIndex = null
	StyleBody = null
	StyleFormat = sld
	Styles = [StyleImpl[ name=line]]
	StyleUrl = null
	StyleVersion = null
	Tiled = true
	TilesOrigin = null
	Time = []
	Transparent = true
	ValidateSchema = false
	Version = 1.3.0
	ViewParams = null
	Width = 1060
20 Apr 20:08:40 INFO   [geoserver.wms] - 
Request: getMap
	Angle = 0.0
	BaseUrl = http://localhost:8080/geoserver/
	Bbox = SRSEnvelope[3117872.483591974 : 6834592.432523575, 4009221.0911354576 : 9843770.143043179]
	BgColor = java.awt.Color[r=255,g=255,b=255]
	Buffer = 0
	Clip = null
	CQLFilter = null
	Crs = PROJCS["WGS 84 / Pseudo-Mercator", 
  GEOGCS["WGS 84", 
    DATUM["World Geodetic System 1984", 
      SPHEROID["WGS 84", 6378137.0, 298.257223563, AUTHORITY["EPSG","7030"]], 
      AUTHORITY["EPSG","6326"]], 
    PRIMEM["Greenwich", 0.0, AUTHORITY["EPSG","8901"]], 
    UNIT["degree", 0.017453292519943295], 
    AXIS["Geodetic latitude", NORTH], 
    AXIS["Geodetic longitude", EAST], 
    AUTHORITY["EPSG","4326"]], 
  PROJECTION["Popular Visualisation Pseudo Mercator", AUTHORITY["EPSG","1024"]], 
  PARAMETER["semi_minor", 6378137.0], 
  PARAMETER["latitude_of_origin", 0.0], 
  PARAMETER["central_meridian", 0.0], 
  PARAMETER["scale_factor", 1.0], 
  PARAMETER["false_easting", 0.0], 
  PARAMETER["false_northing", 0.0], 
  UNIT["m", 1.0], 
  AXIS["Easting", EAST], 
  AXIS["Northing", NORTH], 
  AUTHORITY["EPSG","3857"]]
	Elevation = []
	Env = {}
	Exceptions = SE_XML
	FeatureId = null
	FeatureVersion = null
	Filter = null
	Format = image/png
	FormatOptions = {DPI=180}
	Get = true
	Height = 1664
	Interpolations = []
	Layers = [org.geoserver.wms.MapLayerInfo@e4804762]
	MaxFeatures = null
	Palette = null
	RawKvp = {FORMAT=image/png, CRS=EPSG:3857, STYLES=, WIDTH=1060, HEIGHT=1664, LAYERS=gis:buildings, TILED=true, REQUEST=GetMap, FORMAT_OPTIONS=dpi:180, BBOX=3117872.483591974,4009221.0911354576,6834592.432523575,9843770.143043179, VERSION=1.3.0, SERVICE=WMS, TRANSPARENT=TRUE}
	RemoteOwsType = null
	RemoteOwsURL = null
	Request = GetMap
	RequestCharset = UTF-8
	ScaleMethod = null
	Sld = null
	SldBody = null
	SldVersion = null
	SortBy = null
	SortByArrays = null
	SRS = urn:ogc:def:crs:EPSG::3857
	StartIndex = null
	StyleBody = null
	StyleFormat = sld
	Styles = [StyleImpl[ name=polygon]]
	StyleUrl = null
	StyleVersion = null
	Tiled = true
	TilesOrigin = null
	Time = []
	Transparent = true
	ValidateSchema = false
	Version = 1.3.0
	ViewParams = null
	Width = 1060
20 Apr 20:08:40 INFO   [geoserver.flow] - releasing flow controllers for [WMS 1.3.0 GetMap]
20 Apr 20:08:40 INFO   [geoserver.flow] - Request completed, running requests: 2, blocked requests: 0
20 Apr 20:08:40 INFO   [geoserver.flow] - releasing flow controllers for [WMS 1.3.0 GetMap]
20 Apr 20:08:40 INFO   [geoserver.flow] - Request completed, running requests: 1, blocked requests: 0
20 Apr 20:08:40 INFO   [geoserver.flow] - releasing flow controllers for [WMS 1.3.0 GetMap]
20 Apr 20:08:40 INFO   [geoserver.flow] - Request completed, running requests: 0, blocked requests: 0
20 Apr 20:08:43 INFO   [geoserver.wms] - 
Request: getServiceInfo
20 Apr 20:08:43 INFO   [geoserver.wms] - 
Request: getServiceInfo
20 Apr 20:08:43 INFO   [geoserver.wms] - 
Request: getServiceInfo
20 Apr 20:08:43 INFO   [geoserver.flow] - Request [WMS 1.3.0 GetMap] starting, processing through flow controllers
20 Apr 20:08:43 INFO   [geoserver.flow] - Request [WMS 1.3.0 GetMap] starting, processing through flow controllers
20 Apr 20:08:43 INFO   [geoserver.flow] - Request control-flow performed, running requests: 1, blocked requests: 2
20 Apr 20:08:43 INFO   [geoserver.flow] - Request control-flow performed, running requests: 2, blocked requests: 1
20 Apr 20:08:43 INFO   [geoserver.flow] - Request [WMS 1.3.0 GetMap] starting, processing through flow controllers
20 Apr 20:08:43 INFO   [geoserver.flow] - Request control-flow performed, running requests: 3, blocked requests: 0
20 Apr 20:08:43 INFO   [geoserver.wms] - 
Request: getMap
	Angle = 0.0
	BaseUrl = http://localhost:8080/geoserver/
	Bbox = SRSEnvelope[5269034.188205843 : 6146063.387312672, 6491806.623288562 : 7868576.988678903]
	BgColor = java.awt.Color[r=255,g=255,b=255]
	Buffer = 0
	Clip = null
	CQLFilter = null
	Crs = PROJCS["WGS 84 / Pseudo-Mercator", 
  GEOGCS["WGS 84", 
    DATUM["World Geodetic System 1984", 
      SPHEROID["WGS 84", 6378137.0, 298.257223563, AUTHORITY["EPSG","7030"]], 
      AUTHORITY["EPSG","6326"]], 
    PRIMEM["Greenwich", 0.0, AUTHORITY["EPSG","8901"]], 
    UNIT["degree", 0.017453292519943295], 
    AXIS["Geodetic latitude", NORTH], 
    AXIS["Geodetic longitude", EAST], 
    AUTHORITY["EPSG","4326"]], 
  PROJECTION["Popular Visualisation Pseudo Mercator", AUTHORITY["EPSG","1024"]], 
  PARAMETER["semi_minor", 6378137.0], 
  PARAMETER["latitude_of_origin", 0.0], 
  PARAMETER["central_meridian", 0.0], 
  PARAMETER["scale_factor", 1.0], 
  PARAMETER["false_easting", 0.0], 
  PARAMETER["false_northing", 0.0], 
  UNIT["m", 1.0], 
  AXIS["Easting", EAST], 
  AXIS["Northing", NORTH], 
  AUTHORITY["EPSG","3857"]]
	Elevation = []
	Env = {}
	Exceptions = SE_XML
	FeatureId = null
	FeatureVersion = null
	Filter = null
	Format = image/png
	FormatOptions = {DPI=180}
	Get = true
	Height = 1664
	Interpolations = []
	Layers = [org.geoserver.wms.MapLayerInfo@349ab7]
	MaxFeatures = null
	Palette = null
	RawKvp = {FORMAT=image/png, CRS=EPSG:3857, STYLES=, WIDTH=1060, HEIGHT=1664, LAYERS=gis:poi, TILED=true, REQUEST=GetMap, FORMAT_OPTIONS=dpi:180, BBOX=5269034.188205843,6491806.623288562,6146063.387312672,7868576.988678903, VERSION=1.3.0, SERVICE=WMS, TRANSPARENT=TRUE}
	RemoteOwsType = null
	RemoteOwsURL = null
	Request = GetMap
	RequestCharset = UTF-8
	ScaleMethod = null
	Sld = null
	SldBody = null
	SldVersion = null
	SortBy = null
	SortByArrays = null
	SRS = urn:ogc:def:crs:EPSG::3857
	StartIndex = null
	StyleBody = null
	StyleFormat = sld
	Styles = [StyleImpl[ name=point]]
	StyleUrl = null
	StyleVersion = null
	Tiled = true
	TilesOrigin = null
	Time = []
	Transparent = true
	ValidateSchema = false
	Version = 1.3.0
	ViewParams = null
	Width = 1060
20 Apr 20:08:43 INFO   [geoserver.wms] - 
Request: getMap
	Angle = 0.0
	BaseUrl = http://localhost:8080/geoserver/
	Bbox = SRSEnvelope[5269034.188205843 : 6146063.387312672, 6491806.623288562 : 7868576.988678903]
	BgColor = java.awt.Color[r=255,g=255,b=255]
	Buffer = 0
	Clip = null
	CQLFilter = null
	Crs = PROJCS["WGS 84 / Pseudo-Mercator", 
  GEOGCS["WGS 84", 
    DATUM["World Geodetic System 1984", 
      SPHEROID["WGS 84", 6378137.0, 298.257223563, AUTHORITY["EPSG","7030"]], 
      AUTHORITY["EPSG","6326"]], 
    PRIMEM["Greenwich", 0.0, AUTHORITY["EPSG","8901"]], 
    UNIT["degree", 0.017453292519943295], 
    AXIS["Geodetic latitude", NORTH], 
    AXIS["Geodetic longitude", EAST], 
    AUTHORITY["EPSG","4326"]], 
  PROJECTION["Popular Visualisation Pseudo Mercator", AUTHORITY["EPSG","1024"]], 
  PARAMETER["semi_minor", 6378137.0], 
  PARAMETER["latitude_of_origin", 0.0], 
  PARAMETER["central_meridian", 0.0], 
  PARAMETER["scale_factor", 1.0], 
  PARAMETER["false_easting", 0.0], 
  PARAMETER["false_northing", 0.0], 
  UNIT["m", 1.0], 
  AXIS["Easting", EAST], 
  AXIS["Northing", NORTH], 
  AUTHORITY["EPSG","3857"]]
	Elevation = []
	Env = {}
	Exceptions = SE_XML
	FeatureId = null
	FeatureVersion = null
	Filter = null
	Format = image/png
	FormatOptions = {DPI=180}
	Get = true
	Height = 1664
	Interpolations = []
	Layers = [org.geoserver.wms.MapLayerInfo@e4804762]
	MaxFeatures = null
	Palette = null
	RawKvp = {FORMAT=image/png, CRS=EPSG:3857, STYLES=, WIDTH=1060, HEIGHT=1664, LAYERS=gis:buildings, TILED=true, REQUEST=GetMap, FORMAT_OPTIONS=dpi:180, BBOX=5269034.188205843,6491806.623288562,6146063.387312672,7868576.988678903, VERSION=1.3.0, SERVICE=WMS, TRANSPARENT=TRUE}
	RemoteOwsType = null
	RemoteOwsURL = null
	Request = GetMap
	RequestCharset = UTF-8
	ScaleMethod = null
	Sld = null
	SldBody = null
	SldVersion = null
	SortBy = null
	SortByArrays = null
	SRS = urn:ogc:def:crs:EPSG::3857
	StartIndex = null
	StyleBody = null
	StyleFormat = sld
	Styles = [StyleImpl[ name=polygon]]
	StyleUrl = null
	StyleVersion = null
	Tiled = true
	TilesOrigin = null
	Time = []
	Transparent = true
	ValidateSchema = false
	Version = 1.3.0
	ViewParams = null
	Width = 1060
20 Apr 20:08:43 INFO   [geoserver.wms] - 
Request: getMap
	Angle = 0.0
	BaseUrl = http://localhost:8080/geoserver/
	Bbox = SRSEnvelope[5269034.188205843 : 6146063.387312672, 6491806.623288562 : 7868576.988678903]
	BgColor = java.awt.Color[r=255,g=255,b=255]
	Buffer = 0
	Clip = null
	CQLFilter = null
	Crs = PROJCS["WGS 84 / Pseudo-Mercator", 
  GEOGCS["WGS 84", 
    DATUM["World Geodetic System 1984", 
      SPHEROID["WGS 84", 6378137.0, 298.257223563, AUTHORITY["EPSG","7030"]], 
      AUTHORITY["EPSG","6326"]], 
    PRIMEM["Greenwich", 0.0, AUTHORITY["EPSG","8901"]], 
    UNIT["degree", 0.017453292519943295], 
    AXIS["Geodetic latitude", NORTH], 
    AXIS["Geodetic longitude", EAST], 
    AUTHORITY["EPSG","4326"]], 
  PROJECTION["Popular Visualisation Pseudo Mercator", AUTHORITY["EPSG","1024"]], 
  PARAMETER["semi_minor", 6378137.0], 
  PARAMETER["latitude_of_origin", 0.0], 
  PARAMETER["central_meridian", 0.0], 
  PARAMETER["scale_factor", 1.0], 
  PARAMETER["false_easting", 0.0], 
  PARAMETER["false_northing", 0.0], 
  UNIT["m", 1.0], 
  AXIS["Easting", EAST], 
  AXIS["Northing", NORTH], 
  AUTHORITY["EPSG","3857"]]
	Elevation = []
	Env = {}
	Exceptions = SE_XML
	FeatureId = null
	FeatureVersion = null
	Filter = null
	Format = image/png
	FormatOptions = {DPI=180}
	Get = true
	Height = 1664
	Interpolations = []
	Layers = [org.geoserver.wms.MapLayerInfo@c8d248ce]
	MaxFeatures = null
	Palette = null
	RawKvp = {FORMAT=image/png, CRS=EPSG:3857, STYLES=, WIDTH=1060, HEIGHT=1664, LAYERS=gis:roads, TILED=true, REQUEST=GetMap, FORMAT_OPTIONS=dpi:180, BBOX=5269034.188205843,6491806.623288562,6146063.387312672,7868576.988678903, VERSION=1.3.0, SERVICE=WMS, TRANSPARENT=TRUE}
	RemoteOwsType = null
	RemoteOwsURL = null
	Request = GetMap
	RequestCharset = UTF-8
	ScaleMethod = null
	Sld = null
	SldBody = null
	SldVersion = null
	SortBy = null
	SortByArrays = null
	SRS = urn:ogc:def:crs:EPSG::3857
	StartIndex = null
	StyleBody = null
	StyleFormat = sld
	Styles = [StyleImpl[ name=line]]
	StyleUrl = null
	StyleVersion = null
	Tiled = true
	TilesOrigin = null
	Time = []
	Transparent = true
	ValidateSchema = false
	Version = 1.3.0
	ViewParams = null
	Width = 1060
20 Apr 20:08:43 INFO   [geoserver.flow] - releasing flow controllers for [WMS 1.3.0 GetMap]
20 Apr 20:08:43 INFO   [geoserver.flow] - Request completed, running requests: 2, blocked requests: 0
20 Apr 20:08:43 INFO   [geoserver.flow] - releasing flow controllers for [WMS 1.3.0 GetMap]
20 Apr 20:08:43 INFO   [geoserver.flow] - Request completed, running requests: 1, blocked requests: 0
20 Apr 20:08:43 INFO   [geoserver.flow] - releasing flow controllers for [WMS 1.3.0 GetMap]
20 Apr 20:08:43 INFO   [geoserver.flow] - Request completed, running requests: 0, blocked requests: 0
20 Apr 20:08:44 INFO   [geoserver.wms] - 
Request: getServiceInfo
20 Apr 20:08:44 INFO   [geoserver.wms] - 
Request: getServiceInfo
20 Apr 20:08:44 INFO   [geoserver.wms] - 
Request: getServiceInfo
20 Apr 20:08:44 INFO   [geoserver.flow] - Request [WMS 1.3.0 GetMap] starting, processing through flow controllers
20 Apr 20:08:44 INFO   [geoserver.flow] - Request control-flow performed, running requests: 1, blocked requests: 1
20 Apr 20:08:44 INFO   [geoserver.flow] - Request [WMS 1.3.0 GetMap] starting, processing through flow controllers
20 Apr 20:08:44 INFO   [geoserver.flow] - Request [WMS 1.3.0 GetMap] starting, processing through flow controllers
20 Apr 20:08:44 INFO   [geoserver.flow] - Request control-flow performed, running requests: 2, blocked requests: 1
20 Apr 20:08:44 INFO   [geoserver.flow] - Request control-flow performed, running requests: 3, blocked requests: 0
20 Apr 20:08:44 INFO   [geoserver.wms] - 
Request: getMap
	Angle = 0.0
	BaseUrl = http://localhost:8080/geoserver/
	Bbox = SRSEnvelope[5474917.7948272135 : 5616457.91069564, 7100005.371671664 : 7322196.647902854]
	BgColor = java.awt.Color[r=255,g=255,b=255]
	Buffer = 0
	Clip = null
	CQLFilter = null
	Crs = PROJCS["WGS 84 / Pseudo-Mercator", 
  GEOGCS["WGS 84", 
    DATUM["World Geodetic System 1984", 
      SPHEROID["WGS 84", 6378137.0, 298.257223563, AUTHORITY["EPSG","7030"]], 
      AUTHORITY["EPSG","6326"]], 
    PRIMEM["Greenwich", 0.0, AUTHORITY["EPSG","8901"]], 
    UNIT["degree", 0.017453292519943295], 
    AXIS["Geodetic latitude", NORTH], 
    AXIS["Geodetic longitude", EAST], 
    AUTHORITY["EPSG","4326"]], 
  PROJECTION["Popular Visualisation Pseudo Mercator", AUTHORITY["EPSG","1024"]], 
  PARAMETER["semi_minor", 6378137.0], 
  PARAMETER["latitude_of_origin", 0.0], 
  PARAMETER["central_meridian", 0.0], 
  PARAMETER["scale_factor", 1.0], 
  PARAMETER["false_easting", 0.0], 
  PARAMETER["false_northing", 0.0], 
  UNIT["m", 1.0], 
  AXIS["Easting", EAST], 
  AXIS["Northing", NORTH], 
  AUTHORITY["EPSG","3857"]]
	Elevation = []
	Env = {}
	Exceptions = SE_XML
	FeatureId = null
	FeatureVersion = null
	Filter = null
	Format = image/png
	FormatOptions = {DPI=180}
	Get = true
	Height = 1664
	Interpolations = []
	Layers = [org.geoserver.wms.MapLayerInfo@c8d248ce]
	MaxFeatures = null
	Palette = null
	RawKvp = {FORMAT=image/png, CRS=EPSG:3857, STYLES=, WIDTH=1060, HEIGHT=1664, LAYERS=gis:roads, TILED=true, REQUEST=GetMap, FORMAT_OPTIONS=dpi:180, BBOX=5474917.7948272135,7100005.371671664,5616457.91069564,7322196.647902854, VERSION=1.3.0, SERVICE=WMS, TRANSPARENT=TRUE}
	RemoteOwsType = null
	RemoteOwsURL = null
	Request = GetMap
	RequestCharset = UTF-8
	ScaleMethod = null
	Sld = null
	SldBody = null
	SldVersion = null
	SortBy = null
	SortByArrays = null
	SRS = urn:ogc:def:crs:EPSG::3857
	StartIndex = null
	StyleBody = null
	StyleFormat = sld
	Styles = [StyleImpl[ name=line]]
	StyleUrl = null
	StyleVersion = null
	Tiled = true
	TilesOrigin = null
	Time = []
	Transparent = true
	ValidateSchema = false
	Version = 1.3.0
	ViewParams = null
	Width = 1060
20 Apr 20:08:44 INFO   [geoserver.wms] - 
Request: getMap
	Angle = 0.0
	BaseUrl = http://localhost:8080/geoserver/
	Bbox = SRSEnvelope[5474917.7948272135 : 5616457.91069564, 7100005.371671664 : 7322196.647902854]
	BgColor = java.awt.Color[r=255,g=255,b=255]
	Buffer = 0
	Clip = null
	CQLFilter = null
	Crs = PROJCS["WGS 84 / Pseudo-Mercator", 
  GEOGCS["WGS 84", 
    DATUM["World Geodetic System 1984", 
      SPHEROID["WGS 84", 6378137.0, 298.257223563, AUTHORITY["EPSG","7030"]], 
      AUTHORITY["EPSG","6326"]], 
    PRIMEM["Greenwich", 0.0, AUTHORITY["EPSG","8901"]], 
    UNIT["degree", 0.017453292519943295], 
    AXIS["Geodetic latitude", NORTH], 
    AXIS["Geodetic longitude", EAST], 
    AUTHORITY["EPSG","4326"]], 
  PROJECTION["Popular Visualisation Pseudo Mercator", AUTHORITY["EPSG","1024"]], 
  PARAMETER["semi_minor", 6378137.0], 
  PARAMETER["latitude_of_origin", 0.0], 
  PARAMETER["central_meridian", 0.0], 
  PARAMETER["scale_factor", 1.0], 
  PARAMETER["false_easting", 0.0], 
  PARAMETER["false_northing", 0.0], 
  UNIT["m", 1.0], 
  AXIS["Easting", EAST], 
  AXIS["Northing", NORTH], 
  AUTHORITY["EPSG","3857"]]
	Elevation = []
	Env = {}
	Exceptions = SE_XML
	FeatureId = null
	FeatureVersion = null
	Filter = null
	Format = image/png
	FormatOptions = {DPI=180}
	Get = true
	Height = 1664
	Interpolations = []
	Layers = [org.geoserver.wms.MapLayerInfo@e4804762]
	MaxFeatures = null
	Palette = null
	RawKvp = {FORMAT=image/png, CRS=EPSG:3857, STYLES=, WIDTH=1060, HEIGHT=1664, LAYERS=gis:buildings, TILED=true, REQUEST=GetMap, FORMAT_OPTIONS=dpi:180, BBOX=5474917.7948272135,7100005.371671664,5616457.91069564,7322196.647902854, VERSION=1.3.0, SERVICE=WMS, TRANSPARENT=TRUE}
	RemoteOwsType = null
	RemoteOwsURL = null
	Request = GetMap
	RequestCharset = UTF-8
	ScaleMethod = null
	Sld = null
	SldBody = null
	SldVersion = null
	SortBy = null
	SortByArrays = null
	SRS = urn:ogc:def:crs:EPSG::3857
	StartIndex = null
	StyleBody = null
	StyleFormat = sld
	Styles = [StyleImpl[ name=polygon]]
	StyleUrl = null
	StyleVersion = null
	Tiled = true
	TilesOrigin = null
	Time = []
	Transparent = true
	ValidateSchema = false
	Version = 1.3.0
	ViewParams = null
	Width = 1060
20 Apr 20:08:44 INFO   [geoserver.wms] - 
Request: getMap
	Angle = 0.0
	BaseUrl = http://localhost:8080/geoserver/
	Bbox = SRSEnvelope[5474917.7948272135 : 5616457.91069564, 7100005.371671664 : 7322196.647902854]
	BgColor = java.awt.Color[r=255,g=255,b=255]
	Buffer = 0
	Clip = null
	CQLFilter = null
	Crs = PROJCS["WGS 84 / Pseudo-Mercator", 
  GEOGCS["WGS 84", 
    DATUM["World Geodetic System 1984", 
      SPHEROID["WGS 84", 6378137.0, 298.257223563, AUTHORITY["EPSG","7030"]], 
      AUTHORITY["EPSG","6326"]], 
    PRIMEM["Greenwich", 0.0, AUTHORITY["EPSG","8901"]], 
    UNIT["degree", 0.017453292519943295], 
    AXIS["Geodetic latitude", NORTH], 
    AXIS["Geodetic longitude", EAST], 
    AUTHORITY["EPSG","4326"]], 
  PROJECTION["Popular Visualisation Pseudo Mercator", AUTHORITY["EPSG","1024"]], 
  PARAMETER["semi_minor", 6378137.0], 
  PARAMETER["latitude_of_origin", 0.0], 
  PARAMETER["central_meridian", 0.0], 
  PARAMETER["scale_factor", 1.0], 
  PARAMETER["false_easting", 0.0], 
  PARAMETER["false_northing", 0.0], 
  UNIT["m", 1.0], 
  AXIS["Easting", EAST], 
  AXIS["Northing", NORTH], 
  AUTHORITY["EPSG","3857"]]
	Elevation = []
	Env = {}
	Exceptions = SE_XML
	FeatureId = null
	FeatureVersion = null
	Filter = null
	Format = image/png
	FormatOptions = {DPI=180}
	Get = true
	Height = 1664
	Interpolations = []
	Layers = [org.geoserver.wms.MapLayerInfo@349ab7]
	MaxFeatures = null
	Palette = null
	RawKvp = {FORMAT=image/png, CRS=EPSG:3857, STYLES=, WIDTH=1060, HEIGHT=1664, LAYERS=gis:poi, TILED=true, REQUEST=GetMap, FORMAT_OPTIONS=dpi:180, BBOX=5474917.7948272135,7100005.371671664,5616457.91069564,7322196.647902854, VERSION=1.3.0, SERVICE=WMS, TRANSPARENT=TRUE}
	RemoteOwsType = null
	RemoteOwsURL = null
	Request = GetMap
	RequestCharset = UTF-8
	ScaleMethod = null
	Sld = null
	SldBody = null
	SldVersion = null
	SortBy = null
	SortByArrays = null
	SRS = urn:ogc:def:crs:EPSG::3857
	StartIndex = null
	StyleBody = null
	StyleFormat = sld
	Styles = [StyleImpl[ name=point]]
	StyleUrl = null
	StyleVersion = null
	Tiled = true
	TilesOrigin = null
	Time = []
	Transparent = true
	ValidateSchema = false
	Version = 1.3.0
	ViewParams = null
	Width = 1060
20 Apr 20:08:44 INFO   [geoserver.flow] - releasing flow controllers for [WMS 1.3.0 GetMap]
20 Apr 20:08:44 INFO   [geoserver.flow] - Request completed, running requests: 2, blocked requests: 0
20 Apr 20:08:44 INFO   [geoserver.flow] - releasing flow controllers for [WMS 1.3.0 GetMap]
20 Apr 20:08:44 INFO   [geoserver.flow] - Request completed, running requests: 1, blocked requests: 0
20 Apr 20:08:44 INFO   [geoserver.flow] - releasing flow controllers for [WMS 1.3.0 GetMap]
20 Apr 20:08:44 INFO   [geoserver.flow] - Request completed, running requests: 0, blocked requests: 0
20 Apr 20:08:45 INFO   [geoserver.wms] - 
Request: getServiceInfo
20 Apr 20:08:45 INFO   [geoserver.wms] - 
Request: getServiceInfo
20 Apr 20:08:45 INFO   [geoserver.wms] - 
Request: getServiceInfo
20 Apr 20:08:45 INFO   [geoserver.flow] - Request [WMS 1.3.0 GetMap] starting, processing through flow controllers
20 Apr 20:08:45 INFO   [geoserver.flow] - Request [WMS 1.3.0 GetMap] starting, processing through flow controllers
20 Apr 20:08:45 INFO   [geoserver.flow] - Request control-flow performed, running requests: 1, blocked requests: 1
20 Apr 20:08:45 INFO   [geoserver.flow] - Request control-flow performed, running requests: 2, blocked requests: 0
20 Apr 20:08:45 INFO   [geoserver.flow] - Request [WMS 1.3.0 GetMap] starting, processing through flow controllers
20 Apr 20:08:45 INFO   [geoserver.flow] - Request control-flow performed, running requests: 3, blocked requests: 0
20 Apr 20:08:45 INFO   [geoserver.wms] - 
Request: getMap
	Angle = 0.0
	BaseUrl = http://localhost:8080/geoserver/
	Bbox = SRSEnvelope[5508531.554757939 : 5594915.965476879, 7148604.832624135 : 7284212.058507453]
	BgColor = java.awt.Color[r=255,g=255,b=255]
	Buffer = 0
	Clip = null
	CQLFilter = null
	Crs = PROJCS["WGS 84 / Pseudo-Mercator", 
  GEOGCS["WGS 84", 
    DATUM["World Geodetic System 1984", 
      SPHEROID["WGS 84", 6378137.0, 298.257223563, AUTHORITY["EPSG","7030"]], 
      AUTHORITY["EPSG","6326"]], 
    PRIMEM["Greenwich", 0.0, AUTHORITY["EPSG","8901"]], 
    UNIT["degree", 0.017453292519943295], 
    AXIS["Geodetic latitude", NORTH], 
    AXIS["Geodetic longitude", EAST], 
    AUTHORITY["EPSG","4326"]], 
  PROJECTION["Popular Visualisation Pseudo Mercator", AUTHORITY["EPSG","1024"]], 
  PARAMETER["semi_minor", 6378137.0], 
  PARAMETER["latitude_of_origin", 0.0], 
  PARAMETER["central_meridian", 0.0], 
  PARAMETER["scale_factor", 1.0], 
  PARAMETER["false_easting", 0.0], 
  PARAMETER["false_northing", 0.0], 
  UNIT["m", 1.0], 
  AXIS["Easting", EAST], 
  AXIS["Northing", NORTH], 
  AUTHORITY["EPSG","3857"]]
	Elevation = []
	Env = {}
	Exceptions = SE_XML
	FeatureId = null
	FeatureVersion = null
	Filter = null
	Format = image/png
	FormatOptions = {DPI=180}
	Get = true
	Height = 1664
	Interpolations = []
	Layers = [org.geoserver.wms.MapLayerInfo@349ab7]
	MaxFeatures = null
	Palette = null
	RawKvp = {FORMAT=image/png, CRS=EPSG:3857, STYLES=, WIDTH=1060, HEIGHT=1664, LAYERS=gis:poi, TILED=true, REQUEST=GetMap, FORMAT_OPTIONS=dpi:180, BBOX=5508531.554757939,7148604.832624135,5594915.965476879,7284212.058507453, VERSION=1.3.0, SERVICE=WMS, TRANSPARENT=TRUE}
	RemoteOwsType = null
	RemoteOwsURL = null
	Request = GetMap
	RequestCharset = UTF-8
	ScaleMethod = null
	Sld = null
	SldBody = null
	SldVersion = null
	SortBy = null
	SortByArrays = null
	SRS = urn:ogc:def:crs:EPSG::3857
	StartIndex = null
	StyleBody = null
	StyleFormat = sld
	Styles = [StyleImpl[ name=point]]
	StyleUrl = null
	StyleVersion = null
	Tiled = true
	TilesOrigin = null
	Time = []
	Transparent = true
	ValidateSchema = false
	Version = 1.3.0
	ViewParams = null
	Width = 1060
20 Apr 20:08:45 INFO   [geoserver.wms] - 
Request: getMap
	Angle = 0.0
	BaseUrl = http://localhost:8080/geoserver/
	Bbox = SRSEnvelope[5508531.554757939 : 5594915.965476879, 7148604.832624135 : 7284212.058507453]
	BgColor = java.awt.Color[r=255,g=255,b=255]
	Buffer = 0
	Clip = null
	CQLFilter = null
	Crs = PROJCS["WGS 84 / Pseudo-Mercator", 
  GEOGCS["WGS 84", 
    DATUM["World Geodetic System 1984", 
      SPHEROID["WGS 84", 6378137.0, 298.257223563, AUTHORITY["EPSG","7030"]], 
      AUTHORITY["EPSG","6326"]], 
    PRIMEM["Greenwich", 0.0, AUTHORITY["EPSG","8901"]], 
    UNIT["degree", 0.017453292519943295], 
    AXIS["Geodetic latitude", NORTH], 
    AXIS["Geodetic longitude", EAST], 
    AUTHORITY["EPSG","4326"]], 
  PROJECTION["Popular Visualisation Pseudo Mercator", AUTHORITY["EPSG","1024"]], 
  PARAMETER["semi_minor", 6378137.0], 
  PARAMETER["latitude_of_origin", 0.0], 
  PARAMETER["central_meridian", 0.0], 
  PARAMETER["scale_factor", 1.0], 
  PARAMETER["false_easting", 0.0], 
  PARAMETER["false_northing", 0.0], 
  UNIT["m", 1.0], 
  AXIS["Easting", EAST], 
  AXIS["Northing", NORTH], 
  AUTHORITY["EPSG","3857"]]
	Elevation = []
	Env = {}
	Exceptions = SE_XML
	FeatureId = null
	FeatureVersion = null
	Filter = null
	Format = image/png
	FormatOptions = {DPI=180}
	Get = true
	Height = 1664
	Interpolations = []
	Layers = [org.geoserver.wms.MapLayerInfo@c8d248ce]
	MaxFeatures = null
	Palette = null
	RawKvp = {FORMAT=image/png, CRS=EPSG:3857, STYLES=, WIDTH=1060, HEIGHT=1664, LAYERS=gis:roads, TILED=true, REQUEST=GetMap, FORMAT_OPTIONS=dpi:180, BBOX=5508531.554757939,7148604.832624135,5594915.965476879,7284212.058507453, VERSION=1.3.0, SERVICE=WMS, TRANSPARENT=TRUE}
	RemoteOwsType = null
	RemoteOwsURL = null
	Request = GetMap
	RequestCharset = UTF-8
	ScaleMethod = null
	Sld = null
	SldBody = null
	SldVersion = null
	SortBy = null
	SortByArrays = null
	SRS = urn:ogc:def:crs:EPSG::3857
	StartIndex = null
	StyleBody = null
	StyleFormat = sld
	Styles = [StyleImpl[ name=line]]
	StyleUrl = null
	StyleVersion = null
	Tiled = true
	TilesOrigin = null
	Time = []
	Transparent = true
	ValidateSchema = false
	Version = 1.3.0
	ViewParams = null
	Width = 1060
20 Apr 20:08:45 INFO   [geoserver.wms] - 
Request: getMap
	Angle = 0.0
	BaseUrl = http://localhost:8080/geoserver/
	Bbox = SRSEnvelope[5508531.554757939 : 5594915.965476879, 7148604.832624135 : 7284212.058507453]
	BgColor = java.awt.Color[r=255,g=255,b=255]
	Buffer = 0
	Clip = null
	CQLFilter = null
	Crs = PROJCS["WGS 84 / Pseudo-Mercator", 
  GEOGCS["WGS 84", 
    DATUM["World Geodetic System 1984", 
      SPHEROID["WGS 84", 6378137.0, 298.257223563, AUTHORITY["EPSG","7030"]], 
      AUTHORITY["EPSG","6326"]], 
    PRIMEM["Greenwich", 0.0, AUTHORITY["EPSG","8901"]], 
    UNIT["degree", 0.017453292519943295], 
    AXIS["Geodetic latitude", NORTH], 
    AXIS["Geodetic longitude", EAST], 
    AUTHORITY["EPSG","4326"]], 
  PROJECTION["Popular Visualisation Pseudo Mercator", AUTHORITY["EPSG","1024"]], 
  PARAMETER["semi_minor", 6378137.0], 
  PARAMETER["latitude_of_origin", 0.0], 
  PARAMETER["central_meridian", 0.0], 
  PARAMETER["scale_factor", 1.0], 
  PARAMETER["false_easting", 0.0], 
  PARAMETER["false_northing", 0.0], 
  UNIT["m", 1.0], 
  AXIS["Easting", EAST], 
  AXIS["Northing", NORTH], 
  AUTHORITY["EPSG","3857"]]
	Elevation = []
	Env = {}
	Exceptions = SE_XML
	FeatureId = null
	FeatureVersion = null
	Filter = null
	Format = image/png
	FormatOptions = {DPI=180}
	Get = true
	Height = 1664
	Interpolations = []
	Layers = [org.geoserver.wms.MapLayerInfo@e4804762]
	MaxFeatures = null
	Palette = null
	RawKvp = {FORMAT=image/png, CRS=EPSG:3857, STYLES=, WIDTH=1060, HEIGHT=1664, LAYERS=gis:buildings, TILED=true, REQUEST=GetMap, FORMAT_OPTIONS=dpi:180, BBOX=5508531.554757939,7148604.832624135,5594915.965476879,7284212.058507453, VERSION=1.3.0, SERVICE=WMS, TRANSPARENT=TRUE}
	RemoteOwsType = null
	RemoteOwsURL = null
	Request = GetMap
	RequestCharset = UTF-8
	ScaleMethod = null
	Sld = null
	SldBody = null
	SldVersion = null
	SortBy = null
	SortByArrays = null
	SRS = urn:ogc:def:crs:EPSG::3857
	StartIndex = null
	StyleBody = null
	StyleFormat = sld
	Styles = [StyleImpl[ name=polygon]]
	StyleUrl = null
	StyleVersion = null
	Tiled = true
	TilesOrigin = null
	Time = []
	Transparent = true
	ValidateSchema = false
	Version = 1.3.0
	ViewParams = null
	Width = 1060
20 Apr 20:08:45 INFO   [geoserver.flow] - releasing flow controllers for [WMS 1.3.0 GetMap]
20 Apr 20:08:45 INFO   [geoserver.flow] - Request completed, running requests: 2, blocked requests: 0
20 Apr 20:08:45 INFO   [geoserver.flow] - releasing flow controllers for [WMS 1.3.0 GetMap]
20 Apr 20:08:45 INFO   [geoserver.flow] - Request completed, running requests: 1, blocked requests: 0
20 Apr 20:08:45 INFO   [geoserver.flow] - releasing flow controllers for [WMS 1.3.0 GetMap]
20 Apr 20:08:45 INFO   [geoserver.flow] - Request completed, running requests: 0, blocked requests: 0
20 Apr 20:08:45 INFO   [geoserver.wms] - 
Request: getServiceInfo
20 Apr 20:08:45 INFO   [geoserver.wms] - 
Request: getServiceInfo
20 Apr 20:08:45 INFO   [geoserver.wms] - 
Request: getServiceInfo
20 Apr 20:08:45 INFO   [geoserver.flow] - Request [WMS 1.3.0 GetMap] starting, processing through flow controllers
20 Apr 20:08:45 INFO   [geoserver.flow] - Request control-flow performed, running requests: 1, blocked requests: 0
20 Apr 20:08:45 INFO   [geoserver.flow] - Request [WMS 1.3.0 GetMap] starting, processing through flow controllers
20 Apr 20:08:45 INFO   [geoserver.flow] - Request [WMS 1.3.0 GetMap] starting, processing through flow controllers
20 Apr 20:08:45 INFO   [geoserver.flow] - Request control-flow performed, running requests: 2, blocked requests: 1
20 Apr 20:08:45 INFO   [geoserver.flow] - Request control-flow performed, running requests: 3, blocked requests: 0
20 Apr 20:08:45 INFO   [geoserver.wms] - 
Request: getMap
	Angle = 0.0
	BaseUrl = http://localhost:8080/geoserver/
	Bbox = SRSEnvelope[5561255.802029501 : 5647640.212748441, 7133936.008015639 : 7269543.233898957]
	BgColor = java.awt.Color[r=255,g=255,b=255]
	Buffer = 0
	Clip = null
	CQLFilter = null
	Crs = PROJCS["WGS 84 / Pseudo-Mercator", 
  GEOGCS["WGS 84", 
    DATUM["World Geodetic System 1984", 
      SPHEROID["WGS 84", 6378137.0, 298.257223563, AUTHORITY["EPSG","7030"]], 
      AUTHORITY["EPSG","6326"]], 
    PRIMEM["Greenwich", 0.0, AUTHORITY["EPSG","8901"]], 
    UNIT["degree", 0.017453292519943295], 
    AXIS["Geodetic latitude", NORTH], 
    AXIS["Geodetic longitude", EAST], 
    AUTHORITY["EPSG","4326"]], 
  PROJECTION["Popular Visualisation Pseudo Mercator", AUTHORITY["EPSG","1024"]], 
  PARAMETER["semi_minor", 6378137.0], 
  PARAMETER["latitude_of_origin", 0.0], 
  PARAMETER["central_meridian", 0.0], 
  PARAMETER["scale_factor", 1.0], 
  PARAMETER["false_easting", 0.0], 
  PARAMETER["false_northing", 0.0], 
  UNIT["m", 1.0], 
  AXIS["Easting", EAST], 
  AXIS["Northing", NORTH], 
  AUTHORITY["EPSG","3857"]]
	Elevation = []
	Env = {}
	Exceptions = SE_XML
	FeatureId = null
	FeatureVersion = null
	Filter = null
	Format = image/png
	FormatOptions = {DPI=180}
	Get = true
	Height = 1664
	Interpolations = []
	Layers = [org.geoserver.wms.MapLayerInfo@349ab7]
	MaxFeatures = null
	Palette = null
	RawKvp = {FORMAT=image/png, CRS=EPSG:3857, STYLES=, WIDTH=1060, HEIGHT=1664, LAYERS=gis:poi, TILED=true, REQUEST=GetMap, FORMAT_OPTIONS=dpi:180, BBOX=5561255.802029501,7133936.008015639,5647640.212748441,7269543.233898957, VERSION=1.3.0, SERVICE=WMS, TRANSPARENT=TRUE}
	RemoteOwsType = null
	RemoteOwsURL = null
	Request = GetMap
	RequestCharset = UTF-8
	ScaleMethod = null
	Sld = null
	SldBody = null
	SldVersion = null
	SortBy = null
	SortByArrays = null
	SRS = urn:ogc:def:crs:EPSG::3857
	StartIndex = null
	StyleBody = null
	StyleFormat = sld
	Styles = [StyleImpl[ name=point]]
	StyleUrl = null
	StyleVersion = null
	Tiled = true
	TilesOrigin = null
	Time = []
	Transparent = true
	ValidateSchema = false
	Version = 1.3.0
	ViewParams = null
	Width = 1060
20 Apr 20:08:45 INFO   [geoserver.wms] - 
Request: getMap
	Angle = 0.0
	BaseUrl = http://localhost:8080/geoserver/
	Bbox = SRSEnvelope[5561255.802029501 : 5647640.212748441, 7133936.008015639 : 7269543.233898957]
	BgColor = java.awt.Color[r=255,g=255,b=255]
	Buffer = 0
	Clip = null
	CQLFilter = null
	Crs = PROJCS["WGS 84 / Pseudo-Mercator", 
  GEOGCS["WGS 84", 
    DATUM["World Geodetic System 1984", 
      SPHEROID["WGS 84", 6378137.0, 298.257223563, AUTHORITY["EPSG","7030"]], 
      AUTHORITY["EPSG","6326"]], 
    PRIMEM["Greenwich", 0.0, AUTHORITY["EPSG","8901"]], 
    UNIT["degree", 0.017453292519943295], 
    AXIS["Geodetic latitude", NORTH], 
    AXIS["Geodetic longitude", EAST], 
    AUTHORITY["EPSG","4326"]], 
  PROJECTION["Popular Visualisation Pseudo Mercator", AUTHORITY["EPSG","1024"]], 
  PARAMETER["semi_minor", 6378137.0], 
  PARAMETER["latitude_of_origin", 0.0], 
  PARAMETER["central_meridian", 0.0], 
  PARAMETER["scale_factor", 1.0], 
  PARAMETER["false_easting", 0.0], 
  PARAMETER["false_northing", 0.0], 
  UNIT["m", 1.0], 
  AXIS["Easting", EAST], 
  AXIS["Northing", NORTH], 
  AUTHORITY["EPSG","3857"]]
	Elevation = []
	Env = {}
	Exceptions = SE_XML
	FeatureId = null
	FeatureVersion = null
	Filter = null
	Format = image/png
	FormatOptions = {DPI=180}
	Get = true
	Height = 1664
	Interpolations = []
	Layers = [org.geoserver.wms.MapLayerInfo@c8d248ce]
	MaxFeatures = null
	Palette = null
	RawKvp = {FORMAT=image/png, CRS=EPSG:3857, STYLES=, WIDTH=1060, HEIGHT=1664, LAYERS=gis:roads, TILED=true, REQUEST=GetMap, FORMAT_OPTIONS=dpi:180, BBOX=5561255.802029501,7133936.008015639,5647640.212748441,7269543.233898957, VERSION=1.3.0, SERVICE=WMS, TRANSPARENT=TRUE}
	RemoteOwsType = null
	RemoteOwsURL = null
	Request = GetMap
	RequestCharset = UTF-8
	ScaleMethod = null
	Sld = null
	SldBody = null
	SldVersion = null
	SortBy = null
	SortByArrays = null
	SRS = urn:ogc:def:crs:EPSG::3857
	StartIndex = null
	StyleBody = null
	StyleFormat = sld
	Styles = [StyleImpl[ name=line]]
	StyleUrl = null
	StyleVersion = null
	Tiled = true
	TilesOrigin = null
	Time = []
	Transparent = true
	ValidateSchema = false
	Version = 1.3.0
	ViewParams = null
	Width = 1060
20 Apr 20:08:45 INFO   [geoserver.wms] - 
Request: getMap
	Angle = 0.0
	BaseUrl = http://localhost:8080/geoserver/
	Bbox = SRSEnvelope[5561255.802029501 : 5647640.212748441, 7133936.008015639 : 7269543.233898957]
	BgColor = java.awt.Color[r=255,g=255,b=255]
	Buffer = 0
	Clip = null
	CQLFilter = null
	Crs = PROJCS["WGS 84 / Pseudo-Mercator", 
  GEOGCS["WGS 84", 
    DATUM["World Geodetic System 1984", 
      SPHEROID["WGS 84", 6378137.0, 298.257223563, AUTHORITY["EPSG","7030"]], 
      AUTHORITY["EPSG","6326"]], 
    PRIMEM["Greenwich", 0.0, AUTHORITY["EPSG","8901"]], 
    UNIT["degree", 0.017453292519943295], 
    AXIS["Geodetic latitude", NORTH], 
    AXIS["Geodetic longitude", EAST], 
    AUTHORITY["EPSG","4326"]], 
  PROJECTION["Popular Visualisation Pseudo Mercator", AUTHORITY["EPSG","1024"]], 
  PARAMETER["semi_minor", 6378137.0], 
  PARAMETER["latitude_of_origin", 0.0], 
  PARAMETER["central_meridian", 0.0], 
  PARAMETER["scale_factor", 1.0], 
  PARAMETER["false_easting", 0.0], 
  PARAMETER["false_northing", 0.0], 
  UNIT["m", 1.0], 
  AXIS["Easting", EAST], 
  AXIS["Northing", NORTH], 
  AUTHORITY["EPSG","3857"]]
	Elevation = []
	Env = {}
	Exceptions = SE_XML
	FeatureId = null
	FeatureVersion = null
	Filter = null
	Format = image/png
	FormatOptions = {DPI=180}
	Get = true
	Height = 1664
	Interpolations = []
	Layers = [org.geoserver.wms.MapLayerInfo@e4804762]
	MaxFeatures = null
	Palette = null
	RawKvp = {FORMAT=image/png, CRS=EPSG:3857, STYLES=, WIDTH=1060, HEIGHT=1664, LAYERS=gis:buildings, TILED=true, REQUEST=GetMap, FORMAT_OPTIONS=dpi:180, BBOX=5561255.802029501,7133936.008015639,5647640.212748441,7269543.233898957, VERSION=1.3.0, SERVICE=WMS, TRANSPARENT=TRUE}
	RemoteOwsType = null
	RemoteOwsURL = null
	Request = GetMap
	RequestCharset = UTF-8
	ScaleMethod = null
	Sld = null
	SldBody = null
	SldVersion = null
	SortBy = null
	SortByArrays = null
	SRS = urn:ogc:def:crs:EPSG::3857
	StartIndex = null
	StyleBody = null
	StyleFormat = sld
	Styles = [StyleImpl[ name=polygon]]
	StyleUrl = null
	StyleVersion = null
	Tiled = true
	TilesOrigin = null
	Time = []
	Transparent = true
	ValidateSchema = false
	Version = 1.3.0
	ViewParams = null
	Width = 1060
20 Apr 20:08:45 INFO   [geoserver.flow] - releasing flow controllers for [WMS 1.3.0 GetMap]
20 Apr 20:08:45 INFO   [geoserver.flow] - Request completed, running requests: 2, blocked requests: 0
20 Apr 20:08:45 INFO   [geoserver.flow] - releasing flow controllers for [WMS 1.3.0 GetMap]
20 Apr 20:08:45 INFO   [geoserver.flow] - Request completed, running requests: 1, blocked requests: 0
20 Apr 20:08:45 INFO   [geoserver.flow] - releasing flow controllers for [WMS 1.3.0 GetMap]
20 Apr 20:08:45 INFO   [geoserver.flow] - Request completed, running requests: 0, blocked requests: 0
20 Apr 20:08:46 INFO   [geoserver.wms] - 
Request: getServiceInfo
20 Apr 20:08:46 INFO   [geoserver.wms] - 
Request: getServiceInfo
20 Apr 20:08:46 INFO   [geoserver.flow] - Request [WMS 1.3.0 GetMap] starting, processing through flow controllers
20 Apr 20:08:46 INFO   [geoserver.flow] - Request control-flow performed, running requests: 1, blocked requests: 1
20 Apr 20:08:46 INFO   [geoserver.flow] - Request [WMS 1.3.0 GetMap] starting, processing through flow controllers
20 Apr 20:08:46 INFO   [geoserver.flow] - Request control-flow performed, running requests: 2, blocked requests: 0
20 Apr 20:08:46 INFO   [geoserver.wms] - 
Request: getServiceInfo
20 Apr 20:08:46 INFO   [geoserver.flow] - Request [WMS 1.3.0 GetMap] starting, processing through flow controllers
20 Apr 20:08:46 INFO   [geoserver.flow] - Request control-flow performed, running requests: 3, blocked requests: 0
20 Apr 20:08:46 INFO   [geoserver.wms] - 
Request: getMap
	Angle = 0.0
	BaseUrl = http://localhost:8080/geoserver/
	Bbox = SRSEnvelope[5592072.6807994405 : 5644768.919551722, 7174187.063425017 : 7256910.215579542]
	BgColor = java.awt.Color[r=255,g=255,b=255]
	Buffer = 0
	Clip = null
	CQLFilter = null
	Crs = PROJCS["WGS 84 / Pseudo-Mercator", 
  GEOGCS["WGS 84", 
    DATUM["World Geodetic System 1984", 
      SPHEROID["WGS 84", 6378137.0, 298.257223563, AUTHORITY["EPSG","7030"]], 
      AUTHORITY["EPSG","6326"]], 
    PRIMEM["Greenwich", 0.0, AUTHORITY["EPSG","8901"]], 
    UNIT["degree", 0.017453292519943295], 
    AXIS["Geodetic latitude", NORTH], 
    AXIS["Geodetic longitude", EAST], 
    AUTHORITY["EPSG","4326"]], 
  PROJECTION["Popular Visualisation Pseudo Mercator", AUTHORITY["EPSG","1024"]], 
  PARAMETER["semi_minor", 6378137.0], 
  PARAMETER["latitude_of_origin", 0.0], 
  PARAMETER["central_meridian", 0.0], 
  PARAMETER["scale_factor", 1.0], 
  PARAMETER["false_easting", 0.0], 
  PARAMETER["false_northing", 0.0], 
  UNIT["m", 1.0], 
  AXIS["Easting", EAST], 
  AXIS["Northing", NORTH], 
  AUTHORITY["EPSG","3857"]]
	Elevation = []
	Env = {}
	Exceptions = SE_XML
	FeatureId = null
	FeatureVersion = null
	Filter = null
	Format = image/png
	FormatOptions = {DPI=180}
	Get = true
	Height = 1664
	Interpolations = []
	Layers = [org.geoserver.wms.MapLayerInfo@349ab7]
	MaxFeatures = null
	Palette = null
	RawKvp = {FORMAT=image/png, CRS=EPSG:3857, STYLES=, WIDTH=1060, HEIGHT=1664, LAYERS=gis:poi, TILED=true, REQUEST=GetMap, FORMAT_OPTIONS=dpi:180, BBOX=5592072.6807994405,7174187.063425017,5644768.919551722,7256910.215579542, VERSION=1.3.0, SERVICE=WMS, TRANSPARENT=TRUE}
	RemoteOwsType = null
	RemoteOwsURL = null
	Request = GetMap
	RequestCharset = UTF-8
	ScaleMethod = null
	Sld = null
	SldBody = null
	SldVersion = null
	SortBy = null
	SortByArrays = null
	SRS = urn:ogc:def:crs:EPSG::3857
	StartIndex = null
	StyleBody = null
	StyleFormat = sld
	Styles = [StyleImpl[ name=point]]
	StyleUrl = null
	StyleVersion = null
	Tiled = true
	TilesOrigin = null
	Time = []
	Transparent = true
	ValidateSchema = false
	Version = 1.3.0
	ViewParams = null
	Width = 1060
20 Apr 20:08:47 INFO   [geoserver.wms] - 
Request: getMap
	Angle = 0.0
	BaseUrl = http://localhost:8080/geoserver/
	Bbox = SRSEnvelope[5592072.6807994405 : 5644768.919551722, 7174187.063425017 : 7256910.215579542]
	BgColor = java.awt.Color[r=255,g=255,b=255]
	Buffer = 0
	Clip = null
	CQLFilter = null
	Crs = PROJCS["WGS 84 / Pseudo-Mercator", 
  GEOGCS["WGS 84", 
    DATUM["World Geodetic System 1984", 
      SPHEROID["WGS 84", 6378137.0, 298.257223563, AUTHORITY["EPSG","7030"]], 
      AUTHORITY["EPSG","6326"]], 
    PRIMEM["Greenwich", 0.0, AUTHORITY["EPSG","8901"]], 
    UNIT["degree", 0.017453292519943295], 
    AXIS["Geodetic latitude", NORTH], 
    AXIS["Geodetic longitude", EAST], 
    AUTHORITY["EPSG","4326"]], 
  PROJECTION["Popular Visualisation Pseudo Mercator", AUTHORITY["EPSG","1024"]], 
  PARAMETER["semi_minor", 6378137.0], 
  PARAMETER["latitude_of_origin", 0.0], 
  PARAMETER["central_meridian", 0.0], 
  PARAMETER["scale_factor", 1.0], 
  PARAMETER["false_easting", 0.0], 
  PARAMETER["false_northing", 0.0], 
  UNIT["m", 1.0], 
  AXIS["Easting", EAST], 
  AXIS["Northing", NORTH], 
  AUTHORITY["EPSG","3857"]]
	Elevation = []
	Env = {}
	Exceptions = SE_XML
	FeatureId = null
	FeatureVersion = null
	Filter = null
	Format = image/png
	FormatOptions = {DPI=180}
	Get = true
	Height = 1664
	Interpolations = []
	Layers = [org.geoserver.wms.MapLayerInfo@e4804762]
	MaxFeatures = null
	Palette = null
	RawKvp = {FORMAT=image/png, CRS=EPSG:3857, STYLES=, WIDTH=1060, HEIGHT=1664, LAYERS=gis:buildings, TILED=true, REQUEST=GetMap, FORMAT_OPTIONS=dpi:180, BBOX=5592072.6807994405,7174187.063425017,5644768.919551722,7256910.215579542, VERSION=1.3.0, SERVICE=WMS, TRANSPARENT=TRUE}
	RemoteOwsType = null
	RemoteOwsURL = null
	Request = GetMap
	RequestCharset = UTF-8
	ScaleMethod = null
	Sld = null
	SldBody = null
	SldVersion = null
	SortBy = null
	SortByArrays = null
	SRS = urn:ogc:def:crs:EPSG::3857
	StartIndex = null
	StyleBody = null
	StyleFormat = sld
	Styles = [StyleImpl[ name=polygon]]
	StyleUrl = null
	StyleVersion = null
	Tiled = true
	TilesOrigin = null
	Time = []
	Transparent = true
	ValidateSchema = false
	Version = 1.3.0
	ViewParams = null
	Width = 1060
20 Apr 20:08:47 INFO   [geoserver.wms] - 
Request: getMap
	Angle = 0.0
	BaseUrl = http://localhost:8080/geoserver/
	Bbox = SRSEnvelope[5592072.6807994405 : 5644768.919551722, 7174187.063425017 : 7256910.215579542]
	BgColor = java.awt.Color[r=255,g=255,b=255]
	Buffer = 0
	Clip = null
	CQLFilter = null
	Crs = PROJCS["WGS 84 / Pseudo-Mercator", 
  GEOGCS["WGS 84", 
    DATUM["World Geodetic System 1984", 
      SPHEROID["WGS 84", 6378137.0, 298.257223563, AUTHORITY["EPSG","7030"]], 
      AUTHORITY["EPSG","6326"]], 
    PRIMEM["Greenwich", 0.0, AUTHORITY["EPSG","8901"]], 
    UNIT["degree", 0.017453292519943295], 
    AXIS["Geodetic latitude", NORTH], 
    AXIS["Geodetic longitude", EAST], 
    AUTHORITY["EPSG","4326"]], 
  PROJECTION["Popular Visualisation Pseudo Mercator", AUTHORITY["EPSG","1024"]], 
  PARAMETER["semi_minor", 6378137.0], 
  PARAMETER["latitude_of_origin", 0.0], 
  PARAMETER["central_meridian", 0.0], 
  PARAMETER["scale_factor", 1.0], 
  PARAMETER["false_easting", 0.0], 
  PARAMETER["false_northing", 0.0], 
  UNIT["m", 1.0], 
  AXIS["Easting", EAST], 
  AXIS["Northing", NORTH], 
  AUTHORITY["EPSG","3857"]]
	Elevation = []
	Env = {}
	Exceptions = SE_XML
	FeatureId = null
	FeatureVersion = null
	Filter = null
	Format = image/png
	FormatOptions = {DPI=180}
	Get = true
	Height = 1664
	Interpolations = []
	Layers = [org.geoserver.wms.MapLayerInfo@c8d248ce]
	MaxFeatures = null
	Palette = null
	RawKvp = {FORMAT=image/png, CRS=EPSG:3857, STYLES=, WIDTH=1060, HEIGHT=1664, LAYERS=gis:roads, TILED=true, REQUEST=GetMap, FORMAT_OPTIONS=dpi:180, BBOX=5592072.6807994405,7174187.063425017,5644768.919551722,7256910.215579542, VERSION=1.3.0, SERVICE=WMS, TRANSPARENT=TRUE}
	RemoteOwsType = null
	RemoteOwsURL = null
	Request = GetMap
	RequestCharset = UTF-8
	ScaleMethod = null
	Sld = null
	SldBody = null
	SldVersion = null
	SortBy = null
	SortByArrays = null
	SRS = urn:ogc:def:crs:EPSG::3857
	StartIndex = null
	StyleBody = null
	StyleFormat = sld
	Styles = [StyleImpl[ name=line]]
	StyleUrl = null
	StyleVersion = null
	Tiled = true
	TilesOrigin = null
	Time = []
	Transparent = true
	ValidateSchema = false
	Version = 1.3.0
	ViewParams = null
	Width = 1060
20 Apr 20:08:47 INFO   [geoserver.flow] - releasing flow controllers for [WMS 1.3.0 GetMap]
20 Apr 20:08:47 INFO   [geoserver.flow] - releasing flow controllers for [WMS 1.3.0 GetMap]
20 Apr 20:08:47 INFO   [geoserver.flow] - Request completed, running requests: 1, blocked requests: 0
20 Apr 20:08:47 INFO   [geoserver.flow] - Request completed, running requests: 1, blocked requests: 0
20 Apr 20:08:47 INFO   [geoserver.flow] - releasing flow controllers for [WMS 1.3.0 GetMap]
20 Apr 20:08:47 INFO   [geoserver.flow] - Request completed, running requests: 0, blocked requests: 0
20 Apr 20:09:25 INFO   [geoserver.wms] - 
Request: getServiceInfo
20 Apr 20:09:25 INFO   [geoserver.wms] - 
Request: getServiceInfo
20 Apr 20:09:25 INFO   [geoserver.wms] - 
Request: getServiceInfo
20 Apr 20:09:25 INFO   [geoserver.flow] - Request [WMS 1.3.0 GetMap] starting, processing through flow controllers
20 Apr 20:09:25 INFO   [geoserver.flow] - Request [WMS 1.3.0 GetMap] starting, processing through flow controllers
20 Apr 20:09:25 INFO   [geoserver.flow] - Request control-flow performed, running requests: 1, blocked requests: 2
20 Apr 20:09:25 INFO   [geoserver.flow] - Request control-flow performed, running requests: 2, blocked requests: 1
20 Apr 20:09:25 INFO   [geoserver.flow] - Request [WMS 1.3.0 GetMap] starting, processing through flow controllers
20 Apr 20:09:25 INFO   [geoserver.flow] - Request control-flow performed, running requests: 3, blocked requests: 0
20 Apr 20:09:25 INFO   [geoserver.wms] - 
Request: getMap
	Angle = 0.0
	BaseUrl = http://localhost:8080/geoserver/
	Bbox = SRSEnvelope[-40457.33339949978 : 40565.916582787046, -63545.125515750915 : 63646.08955078237]
	BgColor = java.awt.Color[r=255,g=255,b=255]
	Buffer = 0
	Clip = null
	CQLFilter = null
	Crs = PROJCS["WGS 84 / Pseudo-Mercator", 
  GEOGCS["WGS 84", 
    DATUM["World Geodetic System 1984", 
      SPHEROID["WGS 84", 6378137.0, 298.257223563, AUTHORITY["EPSG","7030"]], 
      AUTHORITY["EPSG","6326"]], 
    PRIMEM["Greenwich", 0.0, AUTHORITY["EPSG","8901"]], 
    UNIT["degree", 0.017453292519943295], 
    AXIS["Geodetic latitude", NORTH], 
    AXIS["Geodetic longitude", EAST], 
    AUTHORITY["EPSG","4326"]], 
  PROJECTION["Popular Visualisation Pseudo Mercator", AUTHORITY["EPSG","1024"]], 
  PARAMETER["semi_minor", 6378137.0], 
  PARAMETER["latitude_of_origin", 0.0], 
  PARAMETER["central_meridian", 0.0], 
  PARAMETER["scale_factor", 1.0], 
  PARAMETER["false_easting", 0.0], 
  PARAMETER["false_northing", 0.0], 
  UNIT["m", 1.0], 
  AXIS["Easting", EAST], 
  AXIS["Northing", NORTH], 
  AUTHORITY["EPSG","3857"]]
	Elevation = []
	Env = {}
	Exceptions = SE_XML
	FeatureId = null
	FeatureVersion = null
	Filter = null
	Format = image/png
	FormatOptions = {DPI=180}
	Get = true
	Height = 1664
	Interpolations = []
	Layers = [org.geoserver.wms.MapLayerInfo@349ab7]
	MaxFeatures = null
	Palette = null
	RawKvp = {FORMAT=image/png, CRS=EPSG:3857, STYLES=, WIDTH=1060, HEIGHT=1664, LAYERS=gis:poi, TILED=true, REQUEST=GetMap, FORMAT_OPTIONS=dpi:180, BBOX=-40457.33339949978,-63545.125515750915,40565.916582787046,63646.08955078237, VERSION=1.3.0, SERVICE=WMS, TRANSPARENT=TRUE}
	RemoteOwsType = null
	RemoteOwsURL = null
	Request = GetMap
	RequestCharset = UTF-8
	ScaleMethod = null
	Sld = null
	SldBody = null
	SldVersion = null
	SortBy = null
	SortByArrays = null
	SRS = urn:ogc:def:crs:EPSG::3857
	StartIndex = null
	StyleBody = null
	StyleFormat = sld
	Styles = [StyleImpl[ name=point]]
	StyleUrl = null
	StyleVersion = null
	Tiled = true
	TilesOrigin = null
	Time = []
	Transparent = true
	ValidateSchema = false
	Version = 1.3.0
	ViewParams = null
	Width = 1060
20 Apr 20:09:25 INFO   [geoserver.wms] - 
Request: getMap
	Angle = 0.0
	BaseUrl = http://localhost:8080/geoserver/
	Bbox = SRSEnvelope[-40457.33339949978 : 40565.916582787046, -63545.125515750915 : 63646.08955078237]
	BgColor = java.awt.Color[r=255,g=255,b=255]
	Buffer = 0
	Clip = null
	CQLFilter = null
	Crs = PROJCS["WGS 84 / Pseudo-Mercator", 
  GEOGCS["WGS 84", 
    DATUM["World Geodetic System 1984", 
      SPHEROID["WGS 84", 6378137.0, 298.257223563, AUTHORITY["EPSG","7030"]], 
      AUTHORITY["EPSG","6326"]], 
    PRIMEM["Greenwich", 0.0, AUTHORITY["EPSG","8901"]], 
    UNIT["degree", 0.017453292519943295], 
    AXIS["Geodetic latitude", NORTH], 
    AXIS["Geodetic longitude", EAST], 
    AUTHORITY["EPSG","4326"]], 
  PROJECTION["Popular Visualisation Pseudo Mercator", AUTHORITY["EPSG","1024"]], 
  PARAMETER["semi_minor", 6378137.0], 
  PARAMETER["latitude_of_origin", 0.0], 
  PARAMETER["central_meridian", 0.0], 
  PARAMETER["scale_factor", 1.0], 
  PARAMETER["false_easting", 0.0], 
  PARAMETER["false_northing", 0.0], 
  UNIT["m", 1.0], 
  AXIS["Easting", EAST], 
  AXIS["Northing", NORTH], 
  AUTHORITY["EPSG","3857"]]
	Elevation = []
	Env = {}
	Exceptions = SE_XML
	FeatureId = null
	FeatureVersion = null
	Filter = null
	Format = image/png
	FormatOptions = {DPI=180}
	Get = true
	Height = 1664
	Interpolations = []
	Layers = [org.geoserver.wms.MapLayerInfo@c8d248ce]
	MaxFeatures = null
	Palette = null
	RawKvp = {FORMAT=image/png, CRS=EPSG:3857, STYLES=, WIDTH=1060, HEIGHT=1664, LAYERS=gis:roads, TILED=true, REQUEST=GetMap, FORMAT_OPTIONS=dpi:180, BBOX=-40457.33339949978,-63545.125515750915,40565.916582787046,63646.08955078237, VERSION=1.3.0, SERVICE=WMS, TRANSPARENT=TRUE}
	RemoteOwsType = null
	RemoteOwsURL = null
	Request = GetMap
	RequestCharset = UTF-8
	ScaleMethod = null
	Sld = null
	SldBody = null
	SldVersion = null
	SortBy = null
	SortByArrays = null
	SRS = urn:ogc:def:crs:EPSG::3857
	StartIndex = null
	StyleBody = null
	StyleFormat = sld
	Styles = [StyleImpl[ name=line]]
	StyleUrl = null
	StyleVersion = null
	Tiled = true
	TilesOrigin = null
	Time = []
	Transparent = true
	ValidateSchema = false
	Version = 1.3.0
	ViewParams = null
	Width = 1060
20 Apr 20:09:25 INFO   [geoserver.wms] - 
Request: getMap
	Angle = 0.0
	BaseUrl = http://localhost:8080/geoserver/
	Bbox = SRSEnvelope[-40457.33339949978 : 40565.916582787046, -63545.125515750915 : 63646.08955078237]
	BgColor = java.awt.Color[r=255,g=255,b=255]
	Buffer = 0
	Clip = null
	CQLFilter = null
	Crs = PROJCS["WGS 84 / Pseudo-Mercator", 
  GEOGCS["WGS 84", 
    DATUM["World Geodetic System 1984", 
      SPHEROID["WGS 84", 6378137.0, 298.257223563, AUTHORITY["EPSG","7030"]], 
      AUTHORITY["EPSG","6326"]], 
    PRIMEM["Greenwich", 0.0, AUTHORITY["EPSG","8901"]], 
    UNIT["degree", 0.017453292519943295], 
    AXIS["Geodetic latitude", NORTH], 
    AXIS["Geodetic longitude", EAST], 
    AUTHORITY["EPSG","4326"]], 
  PROJECTION["Popular Visualisation Pseudo Mercator", AUTHORITY["EPSG","1024"]], 
  PARAMETER["semi_minor", 6378137.0], 
  PARAMETER["latitude_of_origin", 0.0], 
  PARAMETER["central_meridian", 0.0], 
  PARAMETER["scale_factor", 1.0], 
  PARAMETER["false_easting", 0.0], 
  PARAMETER["false_northing", 0.0], 
  UNIT["m", 1.0], 
  AXIS["Easting", EAST], 
  AXIS["Northing", NORTH], 
  AUTHORITY["EPSG","3857"]]
	Elevation = []
	Env = {}
	Exceptions = SE_XML
	FeatureId = null
	FeatureVersion = null
	Filter = null
	Format = image/png
	FormatOptions = {DPI=180}
	Get = true
	Height = 1664
	Interpolations = []
	Layers = [org.geoserver.wms.MapLayerInfo@e4804762]
	MaxFeatures = null
	Palette = null
	RawKvp = {FORMAT=image/png, CRS=EPSG:3857, STYLES=, WIDTH=1060, HEIGHT=1664, LAYERS=gis:buildings, TILED=true, REQUEST=GetMap, FORMAT_OPTIONS=dpi:180, BBOX=-40457.33339949978,-63545.125515750915,40565.916582787046,63646.08955078237, VERSION=1.3.0, SERVICE=WMS, TRANSPARENT=TRUE}
	RemoteOwsType = null
	RemoteOwsURL = null
	Request = GetMap
	RequestCharset = UTF-8
	ScaleMethod = null
	Sld = null
	SldBody = null
	SldVersion = null
	SortBy = null
	SortByArrays = null
	SRS = urn:ogc:def:crs:EPSG::3857
	StartIndex = null
	StyleBody = null
	StyleFormat = sld
	Styles = [StyleImpl[ name=polygon]]
	StyleUrl = null
	StyleVersion = null
	Tiled = true
	TilesOrigin = null
	Time = []
	Transparent = true
	ValidateSchema = false
	Version = 1.3.0
	ViewParams = null
	Width = 1060
20 Apr 20:09:25 INFO   [geoserver.flow] - releasing flow controllers for [WMS 1.3.0 GetMap]
20 Apr 20:09:25 INFO   [geoserver.flow] - Request completed, running requests: 2, blocked requests: 0
20 Apr 20:09:25 INFO   [geoserver.flow] - releasing flow controllers for [WMS 1.3.0 GetMap]
20 Apr 20:09:25 INFO   [geoserver.flow] - Request completed, running requests: 1, blocked requests: 0
20 Apr 20:09:25 INFO   [geoserver.flow] - releasing flow controllers for [WMS 1.3.0 GetMap]
20 Apr 20:09:25 INFO   [geoserver.flow] - Request completed, running requests: 0, blocked requests: 0
20 Apr 20:09:26 INFO   [geoserver.wms] - 
Request: getServiceInfo
20 Apr 20:09:26 INFO   [geoserver.wms] - 
Request: getServiceInfo
20 Apr 20:09:26 INFO   [geoserver.wms] - 
Request: getServiceInfo
20 Apr 20:09:26 INFO   [geoserver.flow] - Request [WMS 1.3.0 GetMap] starting, processing through flow controllers
20 Apr 20:09:26 INFO   [geoserver.flow] - Request [WMS 1.3.0 GetMap] starting, processing through flow controllers
20 Apr 20:09:26 INFO   [geoserver.flow] - Request control-flow performed, running requests: 1, blocked requests: 2
20 Apr 20:09:26 INFO   [geoserver.flow] - Request control-flow performed, running requests: 2, blocked requests: 1
20 Apr 20:09:26 INFO   [geoserver.flow] - Request [WMS 1.3.0 GetMap] starting, processing through flow controllers
20 Apr 20:09:26 INFO   [geoserver.flow] - Request control-flow performed, running requests: 3, blocked requests: 0
20 Apr 20:09:26 INFO   [geoserver.wms] - 
Request: getMap
	Angle = 0.0
	BaseUrl = http://localhost:8080/geoserver/
	Bbox = SRSEnvelope[-82070.63102905771 : 76885.64984957433, -126185.6371418699 : 123345.73208647323]
	BgColor = java.awt.Color[r=255,g=255,b=255]
	Buffer = 0
	Clip = null
	CQLFilter = null
	Crs = PROJCS["WGS 84 / Pseudo-Mercator", 
  GEOGCS["WGS 84", 
    DATUM["World Geodetic System 1984", 
      SPHEROID["WGS 84", 6378137.0, 298.257223563, AUTHORITY["EPSG","7030"]], 
      AUTHORITY["EPSG","6326"]], 
    PRIMEM["Greenwich", 0.0, AUTHORITY["EPSG","8901"]], 
    UNIT["degree", 0.017453292519943295], 
    AXIS["Geodetic latitude", NORTH], 
    AXIS["Geodetic longitude", EAST], 
    AUTHORITY["EPSG","4326"]], 
  PROJECTION["Popular Visualisation Pseudo Mercator", AUTHORITY["EPSG","1024"]], 
  PARAMETER["semi_minor", 6378137.0], 
  PARAMETER["latitude_of_origin", 0.0], 
  PARAMETER["central_meridian", 0.0], 
  PARAMETER["scale_factor", 1.0], 
  PARAMETER["false_easting", 0.0], 
  PARAMETER["false_northing", 0.0], 
  UNIT["m", 1.0], 
  AXIS["Easting", EAST], 
  AXIS["Northing", NORTH], 
  AUTHORITY["EPSG","3857"]]
	Elevation = []
	Env = {}
	Exceptions = SE_XML
	FeatureId = null
	FeatureVersion = null
	Filter = null
	Format = image/png
	FormatOptions = {DPI=180}
	Get = true
	Height = 1664
	Interpolations = []
	Layers = [org.geoserver.wms.MapLayerInfo@e4804762]
	MaxFeatures = null
	Palette = null
	RawKvp = {FORMAT=image/png, CRS=EPSG:3857, STYLES=, WIDTH=1060, HEIGHT=1664, LAYERS=gis:buildings, TILED=true, REQUEST=GetMap, FORMAT_OPTIONS=dpi:180, BBOX=-82070.63102905771,-126185.6371418699,76885.64984957433,123345.73208647323, VERSION=1.3.0, SERVICE=WMS, TRANSPARENT=TRUE}
	RemoteOwsType = null
	RemoteOwsURL = null
	Request = GetMap
	RequestCharset = UTF-8
	ScaleMethod = null
	Sld = null
	SldBody = null
	SldVersion = null
	SortBy = null
	SortByArrays = null
	SRS = urn:ogc:def:crs:EPSG::3857
	StartIndex = null
	StyleBody = null
	StyleFormat = sld
	Styles = [StyleImpl[ name=polygon]]
	StyleUrl = null
	StyleVersion = null
	Tiled = true
	TilesOrigin = null
	Time = []
	Transparent = true
	ValidateSchema = false
	Version = 1.3.0
	ViewParams = null
	Width = 1060
20 Apr 20:09:26 INFO   [geoserver.wms] - 
Request: getMap
	Angle = 0.0
	BaseUrl = http://localhost:8080/geoserver/
	Bbox = SRSEnvelope[-82070.63102905771 : 76885.64984957433, -126185.6371418699 : 123345.73208647323]
	BgColor = java.awt.Color[r=255,g=255,b=255]
	Buffer = 0
	Clip = null
	CQLFilter = null
	Crs = PROJCS["WGS 84 / Pseudo-Mercator", 
  GEOGCS["WGS 84", 
    DATUM["World Geodetic System 1984", 
      SPHEROID["WGS 84", 6378137.0, 298.257223563, AUTHORITY["EPSG","7030"]], 
      AUTHORITY["EPSG","6326"]], 
    PRIMEM["Greenwich", 0.0, AUTHORITY["EPSG","8901"]], 
    UNIT["degree", 0.017453292519943295], 
    AXIS["Geodetic latitude", NORTH], 
    AXIS["Geodetic longitude", EAST], 
    AUTHORITY["EPSG","4326"]], 
  PROJECTION["Popular Visualisation Pseudo Mercator", AUTHORITY["EPSG","1024"]], 
  PARAMETER["semi_minor", 6378137.0], 
  PARAMETER["latitude_of_origin", 0.0], 
  PARAMETER["central_meridian", 0.0], 
  PARAMETER["scale_factor", 1.0], 
  PARAMETER["false_easting", 0.0], 
  PARAMETER["false_northing", 0.0], 
  UNIT["m", 1.0], 
  AXIS["Easting", EAST], 
  AXIS["Northing", NORTH], 
  AUTHORITY["EPSG","3857"]]
	Elevation = []
	Env = {}
	Exceptions = SE_XML
	FeatureId = null
	FeatureVersion = null
	Filter = null
	Format = image/png
	FormatOptions = {DPI=180}
	Get = true
	Height = 1664
	Interpolations = []
	Layers = [org.geoserver.wms.MapLayerInfo@349ab7]
	MaxFeatures = null
	Palette = null
	RawKvp = {FORMAT=image/png, CRS=EPSG:3857, STYLES=, WIDTH=1060, HEIGHT=1664, LAYERS=gis:poi, TILED=true, REQUEST=GetMap, FORMAT_OPTIONS=dpi:180, BBOX=-82070.63102905771,-126185.6371418699,76885.64984957433,123345.73208647323, VERSION=1.3.0, SERVICE=WMS, TRANSPARENT=TRUE}
	RemoteOwsType = null
	RemoteOwsURL = null
	Request = GetMap
	RequestCharset = UTF-8
	ScaleMethod = null
	Sld = null
	SldBody = null
	SldVersion = null
	SortBy = null
	SortByArrays = null
	SRS = urn:ogc:def:crs:EPSG::3857
	StartIndex = null
	StyleBody = null
	StyleFormat = sld
	Styles = [StyleImpl[ name=point]]
	StyleUrl = null
	StyleVersion = null
	Tiled = true
	TilesOrigin = null
	Time = []
	Transparent = true
	ValidateSchema = false
	Version = 1.3.0
	ViewParams = null
	Width = 1060
20 Apr 20:09:26 INFO   [geoserver.wms] - 
Request: getMap
	Angle = 0.0
	BaseUrl = http://localhost:8080/geoserver/
	Bbox = SRSEnvelope[-82070.63102905771 : 76885.64984957433, -126185.6371418699 : 123345.73208647323]
	BgColor = java.awt.Color[r=255,g=255,b=255]
	Buffer = 0
	Clip = null
	CQLFilter = null
	Crs = PROJCS["WGS 84 / Pseudo-Mercator", 
  GEOGCS["WGS 84", 
    DATUM["World Geodetic System 1984", 
      SPHEROID["WGS 84", 6378137.0, 298.257223563, AUTHORITY["EPSG","7030"]], 
      AUTHORITY["EPSG","6326"]], 
    PRIMEM["Greenwich", 0.0, AUTHORITY["EPSG","8901"]], 
    UNIT["degree", 0.017453292519943295], 
    AXIS["Geodetic latitude", NORTH], 
    AXIS["Geodetic longitude", EAST], 
    AUTHORITY["EPSG","4326"]], 
  PROJECTION["Popular Visualisation Pseudo Mercator", AUTHORITY["EPSG","1024"]], 
  PARAMETER["semi_minor", 6378137.0], 
  PARAMETER["latitude_of_origin", 0.0], 
  PARAMETER["central_meridian", 0.0], 
  PARAMETER["scale_factor", 1.0], 
  PARAMETER["false_easting", 0.0], 
  PARAMETER["false_northing", 0.0], 
  UNIT["m", 1.0], 
  AXIS["Easting", EAST], 
  AXIS["Northing", NORTH], 
  AUTHORITY["EPSG","3857"]]
	Elevation = []
	Env = {}
	Exceptions = SE_XML
	FeatureId = null
	FeatureVersion = null
	Filter = null
	Format = image/png
	FormatOptions = {DPI=180}
	Get = true
	Height = 1664
	Interpolations = []
	Layers = [org.geoserver.wms.MapLayerInfo@c8d248ce]
	MaxFeatures = null
	Palette = null
	RawKvp = {FORMAT=image/png, CRS=EPSG:3857, STYLES=, WIDTH=1060, HEIGHT=1664, LAYERS=gis:roads, TILED=true, REQUEST=GetMap, FORMAT_OPTIONS=dpi:180, BBOX=-82070.63102905771,-126185.6371418699,76885.64984957433,123345.73208647323, VERSION=1.3.0, SERVICE=WMS, TRANSPARENT=TRUE}
	RemoteOwsType = null
	RemoteOwsURL = null
	Request = GetMap
	RequestCharset = UTF-8
	ScaleMethod = null
	Sld = null
	SldBody = null
	SldVersion = null
	SortBy = null
	SortByArrays = null
	SRS = urn:ogc:def:crs:EPSG::3857
	StartIndex = null
	StyleBody = null
	StyleFormat = sld
	Styles = [StyleImpl[ name=line]]
	StyleUrl = null
	StyleVersion = null
	Tiled = true
	TilesOrigin = null
	Time = []
	Transparent = true
	ValidateSchema = false
	Version = 1.3.0
	ViewParams = null
	Width = 1060
20 Apr 20:09:26 INFO   [geoserver.flow] - releasing flow controllers for [WMS 1.3.0 GetMap]
20 Apr 20:09:26 INFO   [geoserver.flow] - Request completed, running requests: 2, blocked requests: 0
20 Apr 20:09:26 INFO   [geoserver.flow] - releasing flow controllers for [WMS 1.3.0 GetMap]
20 Apr 20:09:26 INFO   [geoserver.flow] - Request completed, running requests: 1, blocked requests: 0
20 Apr 20:09:26 INFO   [geoserver.flow] - releasing flow controllers for [WMS 1.3.0 GetMap]
20 Apr 20:09:26 INFO   [geoserver.flow] - Request completed, running requests: 0, blocked requests: 0
20 Apr 20:09:26 INFO   [geoserver.wms] - 
Request: getServiceInfo
20 Apr 20:09:26 INFO   [geoserver.wms] - 
Request: getServiceInfo
20 Apr 20:09:26 INFO   [geoserver.flow] - Request [WMS 1.3.0 GetMap] starting, processing through flow controllers
20 Apr 20:09:26 INFO   [geoserver.flow] - Request [WMS 1.3.0 GetMap] starting, processing through flow controllers
20 Apr 20:09:26 INFO   [geoserver.flow] - Request control-flow performed, running requests: 1, blocked requests: 0
20 Apr 20:09:26 INFO   [geoserver.flow] - Request control-flow performed, running requests: 2, blocked requests: 0
20 Apr 20:09:26 INFO   [geoserver.wms] - 
Request: getServiceInfo
20 Apr 20:09:26 INFO   [geoserver.flow] - Request [WMS 1.3.0 GetMap] starting, processing through flow controllers
20 Apr 20:09:26 INFO   [geoserver.flow] - Request control-flow performed, running requests: 3, blocked requests: 0
20 Apr 20:09:26 INFO   [geoserver.wms] - 
Request: getMap
	Angle = 0.0
	BaseUrl = http://localhost:8080/geoserver/
	Bbox = SRSEnvelope[-162267.7056270196 : 149582.27862182757, -247635.1637812295 : 241910.471869791]
	BgColor = java.awt.Color[r=255,g=255,b=255]
	Buffer = 0
	Clip = null
	CQLFilter = null
	Crs = PROJCS["WGS 84 / Pseudo-Mercator", 
  GEOGCS["WGS 84", 
    DATUM["World Geodetic System 1984", 
      SPHEROID["WGS 84", 6378137.0, 298.257223563, AUTHORITY["EPSG","7030"]], 
      AUTHORITY["EPSG","6326"]], 
    PRIMEM["Greenwich", 0.0, AUTHORITY["EPSG","8901"]], 
    UNIT["degree", 0.017453292519943295], 
    AXIS["Geodetic latitude", NORTH], 
    AXIS["Geodetic longitude", EAST], 
    AUTHORITY["EPSG","4326"]], 
  PROJECTION["Popular Visualisation Pseudo Mercator", AUTHORITY["EPSG","1024"]], 
  PARAMETER["semi_minor", 6378137.0], 
  PARAMETER["latitude_of_origin", 0.0], 
  PARAMETER["central_meridian", 0.0], 
  PARAMETER["scale_factor", 1.0], 
  PARAMETER["false_easting", 0.0], 
  PARAMETER["false_northing", 0.0], 
  UNIT["m", 1.0], 
  AXIS["Easting", EAST], 
  AXIS["Northing", NORTH], 
  AUTHORITY["EPSG","3857"]]
	Elevation = []
	Env = {}
	Exceptions = SE_XML
	FeatureId = null
	FeatureVersion = null
	Filter = null
	Format = image/png
	FormatOptions = {DPI=180}
	Get = true
	Height = 1664
	Interpolations = []
	Layers = [org.geoserver.wms.MapLayerInfo@349ab7]
	MaxFeatures = null
	Palette = null
	RawKvp = {FORMAT=image/png, CRS=EPSG:3857, STYLES=, WIDTH=1060, HEIGHT=1664, LAYERS=gis:poi, TILED=true, REQUEST=GetMap, FORMAT_OPTIONS=dpi:180, BBOX=-162267.7056270196,-247635.1637812295,149582.27862182757,241910.471869791, VERSION=1.3.0, SERVICE=WMS, TRANSPARENT=TRUE}
	RemoteOwsType = null
	RemoteOwsURL = null
	Request = GetMap
	RequestCharset = UTF-8
	ScaleMethod = null
	Sld = null
	SldBody = null
	SldVersion = null
	SortBy = null
	SortByArrays = null
	SRS = urn:ogc:def:crs:EPSG::3857
	StartIndex = null
	StyleBody = null
	StyleFormat = sld
	Styles = [StyleImpl[ name=point]]
	StyleUrl = null
	StyleVersion = null
	Tiled = true
	TilesOrigin = null
	Time = []
	Transparent = true
	ValidateSchema = false
	Version = 1.3.0
	ViewParams = null
	Width = 1060
20 Apr 20:09:26 INFO   [geoserver.wms] - 
Request: getServiceInfo
20 Apr 20:09:26 INFO   [geoserver.wms] - 
Request: getMap
	Angle = 0.0
	BaseUrl = http://localhost:8080/geoserver/
	Bbox = SRSEnvelope[-162267.7056270196 : 149582.27862182757, -247635.1637812295 : 241910.471869791]
	BgColor = java.awt.Color[r=255,g=255,b=255]
	Buffer = 0
	Clip = null
	CQLFilter = null
	Crs = PROJCS["WGS 84 / Pseudo-Mercator", 
  GEOGCS["WGS 84", 
    DATUM["World Geodetic System 1984", 
      SPHEROID["WGS 84", 6378137.0, 298.257223563, AUTHORITY["EPSG","7030"]], 
      AUTHORITY["EPSG","6326"]], 
    PRIMEM["Greenwich", 0.0, AUTHORITY["EPSG","8901"]], 
    UNIT["degree", 0.017453292519943295], 
    AXIS["Geodetic latitude", NORTH], 
    AXIS["Geodetic longitude", EAST], 
    AUTHORITY["EPSG","4326"]], 
  PROJECTION["Popular Visualisation Pseudo Mercator", AUTHORITY["EPSG","1024"]], 
  PARAMETER["semi_minor", 6378137.0], 
  PARAMETER["latitude_of_origin", 0.0], 
  PARAMETER["central_meridian", 0.0], 
  PARAMETER["scale_factor", 1.0], 
  PARAMETER["false_easting", 0.0], 
  PARAMETER["false_northing", 0.0], 
  UNIT["m", 1.0], 
  AXIS["Easting", EAST], 
  AXIS["Northing", NORTH], 
  AUTHORITY["EPSG","3857"]]
	Elevation = []
	Env = {}
	Exceptions = SE_XML
	FeatureId = null
	FeatureVersion = null
	Filter = null
	Format = image/png
	FormatOptions = {DPI=180}
	Get = true
	Height = 1664
	Interpolations = []
	Layers = [org.geoserver.wms.MapLayerInfo@c8d248ce]
	MaxFeatures = null
	Palette = null
	RawKvp = {FORMAT=image/png, CRS=EPSG:3857, STYLES=, WIDTH=1060, HEIGHT=1664, LAYERS=gis:roads, TILED=true, REQUEST=GetMap, FORMAT_OPTIONS=dpi:180, BBOX=-162267.7056270196,-247635.1637812295,149582.27862182757,241910.471869791, VERSION=1.3.0, SERVICE=WMS, TRANSPARENT=TRUE}
	RemoteOwsType = null
	RemoteOwsURL = null
	Request = GetMap
	RequestCharset = UTF-8
	ScaleMethod = null
	Sld = null
	SldBody = null
	SldVersion = null
	SortBy = null
	SortByArrays = null
	SRS = urn:ogc:def:crs:EPSG::3857
	StartIndex = null
	StyleBody = null
	StyleFormat = sld
	Styles = [StyleImpl[ name=line]]
	StyleUrl = null
	StyleVersion = null
	Tiled = true
	TilesOrigin = null
	Time = []
	Transparent = true
	ValidateSchema = false
	Version = 1.3.0
	ViewParams = null
	Width = 1060
20 Apr 20:09:26 INFO   [geoserver.wms] - 
Request: getMap
	Angle = 0.0
	BaseUrl = http://localhost:8080/geoserver/
	Bbox = SRSEnvelope[-162267.7056270196 : 149582.27862182757, -247635.1637812295 : 241910.471869791]
	BgColor = java.awt.Color[r=255,g=255,b=255]
	Buffer = 0
	Clip = null
	CQLFilter = null
	Crs = PROJCS["WGS 84 / Pseudo-Mercator", 
  GEOGCS["WGS 84", 
    DATUM["World Geodetic System 1984", 
      SPHEROID["WGS 84", 6378137.0, 298.257223563, AUTHORITY["EPSG","7030"]], 
      AUTHORITY["EPSG","6326"]], 
    PRIMEM["Greenwich", 0.0, AUTHORITY["EPSG","8901"]], 
    UNIT["degree", 0.017453292519943295], 
    AXIS["Geodetic latitude", NORTH], 
    AXIS["Geodetic longitude", EAST], 
    AUTHORITY["EPSG","4326"]], 
  PROJECTION["Popular Visualisation Pseudo Mercator", AUTHORITY["EPSG","1024"]], 
  PARAMETER["semi_minor", 6378137.0], 
  PARAMETER["latitude_of_origin", 0.0], 
  PARAMETER["central_meridian", 0.0], 
  PARAMETER["scale_factor", 1.0], 
  PARAMETER["false_easting", 0.0], 
  PARAMETER["false_northing", 0.0], 
  UNIT["m", 1.0], 
  AXIS["Easting", EAST], 
  AXIS["Northing", NORTH], 
  AUTHORITY["EPSG","3857"]]
	Elevation = []
	Env = {}
	Exceptions = SE_XML
	FeatureId = null
	FeatureVersion = null
	Filter = null
	Format = image/png
	FormatOptions = {DPI=180}
	Get = true
	Height = 1664
	Interpolations = []
	Layers = [org.geoserver.wms.MapLayerInfo@e4804762]
	MaxFeatures = null
	Palette = null
	RawKvp = {FORMAT=image/png, CRS=EPSG:3857, STYLES=, WIDTH=1060, HEIGHT=1664, LAYERS=gis:buildings, TILED=true, REQUEST=GetMap, FORMAT_OPTIONS=dpi:180, BBOX=-162267.7056270196,-247635.1637812295,149582.27862182757,241910.471869791, VERSION=1.3.0, SERVICE=WMS, TRANSPARENT=TRUE}
	RemoteOwsType = null
	RemoteOwsURL = null
	Request = GetMap
	RequestCharset = UTF-8
	ScaleMethod = null
	Sld = null
	SldBody = null
	SldVersion = null
	SortBy = null
	SortByArrays = null
	SRS = urn:ogc:def:crs:EPSG::3857
	StartIndex = null
	StyleBody = null
	StyleFormat = sld
	Styles = [StyleImpl[ name=polygon]]
	StyleUrl = null
	StyleVersion = null
	Tiled = true
	TilesOrigin = null
	Time = []
	Transparent = true
	ValidateSchema = false
	Version = 1.3.0
	ViewParams = null
	Width = 1060
20 Apr 20:09:26 INFO   [geoserver.wms] - 
Request: getServiceInfo
20 Apr 20:09:26 INFO   [geoserver.wms] - 
Request: getServiceInfo
20 Apr 20:09:26 INFO   [geoserver.flow] - Request [WMS 1.3.0 GetMap] starting, processing through flow controllers
20 Apr 20:09:26 INFO   [geoserver.flow] - Request [WMS 1.3.0 GetMap] starting, processing through flow controllers
20 Apr 20:09:26 INFO   [geoserver.flow] - Request control-flow performed, running requests: 4, blocked requests: 1
20 Apr 20:09:26 INFO   [geoserver.flow] - Request control-flow performed, running requests: 5, blocked requests: 0
20 Apr 20:09:27 INFO   [geoserver.flow] - Request [WMS 1.3.0 GetMap] starting, processing through flow controllers
20 Apr 20:09:27 INFO   [geoserver.flow] - Request control-flow performed, running requests: 6, blocked requests: 0
20 Apr 20:09:27 INFO   [geoserver.flow] - releasing flow controllers for [WMS 1.3.0 GetMap]
20 Apr 20:09:27 INFO   [geoserver.flow] - Request completed, running requests: 5, blocked requests: 0
20 Apr 20:09:27 INFO   [geoserver.flow] - releasing flow controllers for [WMS 1.3.0 GetMap]
20 Apr 20:09:27 INFO   [geoserver.flow] - Request completed, running requests: 4, blocked requests: 0
20 Apr 20:09:27 INFO   [geoserver.flow] - releasing flow controllers for [WMS 1.3.0 GetMap]
20 Apr 20:09:27 INFO   [geoserver.flow] - Request completed, running requests: 3, blocked requests: 0
20 Apr 20:09:27 INFO   [geoserver.wms] - 
Request: getServiceInfo
20 Apr 20:09:27 INFO   [geoserver.wms] - 
Request: getServiceInfo
20 Apr 20:09:27 INFO   [geoserver.wms] - 
Request: getServiceInfo
20 Apr 20:09:27 INFO   [geoserver.flow] - Request [WMS 1.3.0 GetMap] starting, processing through flow controllers
20 Apr 20:09:27 INFO   [geoserver.flow] - Request control-flow performed, running requests: 4, blocked requests: 2
20 Apr 20:09:27 INFO   [geoserver.flow] - Request [WMS 1.3.0 GetMap] starting, processing through flow controllers
20 Apr 20:09:27 INFO   [geoserver.flow] - Request control-flow performed, running requests: 5, blocked requests: 1
20 Apr 20:09:27 INFO   [geoserver.flow] - Request [WMS 1.3.0 GetMap] starting, processing through flow controllers
20 Apr 20:09:27 INFO   [geoserver.wms] - 
Request: getMap
	Angle = 0.0
	BaseUrl = http://localhost:8080/geoserver/
	Bbox = SRSEnvelope[-326430.24450518633 : 297269.723992508, -492407.98160673975 : 486683.28969530127]
	BgColor = java.awt.Color[r=255,g=255,b=255]
	Buffer = 0
	Clip = null
	CQLFilter = null
	Crs = PROJCS["WGS 84 / Pseudo-Mercator", 
  GEOGCS["WGS 84", 
    DATUM["World Geodetic System 1984", 
      SPHEROID["WGS 84", 6378137.0, 298.257223563, AUTHORITY["EPSG","7030"]], 
      AUTHORITY["EPSG","6326"]], 
    PRIMEM["Greenwich", 0.0, AUTHORITY["EPSG","8901"]], 
    UNIT["degree", 0.017453292519943295], 
    AXIS["Geodetic latitude", NORTH], 
    AXIS["Geodetic longitude", EAST], 
    AUTHORITY["EPSG","4326"]], 
  PROJECTION["Popular Visualisation Pseudo Mercator", AUTHORITY["EPSG","1024"]], 
  PARAMETER["semi_minor", 6378137.0], 
  PARAMETER["latitude_of_origin", 0.0], 
  PARAMETER["central_meridian", 0.0], 
  PARAMETER["scale_factor", 1.0], 
  PARAMETER["false_easting", 0.0], 
  PARAMETER["false_northing", 0.0], 
  UNIT["m", 1.0], 
  AXIS["Easting", EAST], 
  AXIS["Northing", NORTH], 
  AUTHORITY["EPSG","3857"]]
	Elevation = []
	Env = {}
	Exceptions = SE_XML
	FeatureId = null
	FeatureVersion = null
	Filter = null
	Format = image/png
	FormatOptions = {DPI=180}
	Get = true
	Height = 1664
	Interpolations = []
	Layers = [org.geoserver.wms.MapLayerInfo@c8d248ce]
	MaxFeatures = null
	Palette = null
	RawKvp = {FORMAT=image/png, CRS=EPSG:3857, STYLES=, WIDTH=1060, HEIGHT=1664, LAYERS=gis:roads, TILED=true, REQUEST=GetMap, FORMAT_OPTIONS=dpi:180, BBOX=-326430.24450518633,-492407.98160673975,297269.723992508,486683.28969530127, VERSION=1.3.0, SERVICE=WMS, TRANSPARENT=TRUE}
	RemoteOwsType = null
	RemoteOwsURL = null
	Request = GetMap
	RequestCharset = UTF-8
	ScaleMethod = null
	Sld = null
	SldBody = null
	SldVersion = null
	SortBy = null
	SortByArrays = null
	SRS = urn:ogc:def:crs:EPSG::3857
	StartIndex = null
	StyleBody = null
	StyleFormat = sld
	Styles = [StyleImpl[ name=line]]
	StyleUrl = null
	StyleVersion = null
	Tiled = true
	TilesOrigin = null
	Time = []
	Transparent = true
	ValidateSchema = false
	Version = 1.3.0
	ViewParams = null
	Width = 1060
20 Apr 20:09:27 INFO   [geoserver.wms] - 
Request: getMap
	Angle = 0.0
	BaseUrl = http://localhost:8080/geoserver/
	Bbox = SRSEnvelope[-326430.24450518633 : 297269.723992508, -492407.98160673975 : 486683.28969530127]
	BgColor = java.awt.Color[r=255,g=255,b=255]
	Buffer = 0
	Clip = null
	CQLFilter = null
	Crs = PROJCS["WGS 84 / Pseudo-Mercator", 
  GEOGCS["WGS 84", 
    DATUM["World Geodetic System 1984", 
      SPHEROID["WGS 84", 6378137.0, 298.257223563, AUTHORITY["EPSG","7030"]], 
      AUTHORITY["EPSG","6326"]], 
    PRIMEM["Greenwich", 0.0, AUTHORITY["EPSG","8901"]], 
    UNIT["degree", 0.017453292519943295], 
    AXIS["Geodetic latitude", NORTH], 
    AXIS["Geodetic longitude", EAST], 
    AUTHORITY["EPSG","4326"]], 
  PROJECTION["Popular Visualisation Pseudo Mercator", AUTHORITY["EPSG","1024"]], 
  PARAMETER["semi_minor", 6378137.0], 
  PARAMETER["latitude_of_origin", 0.0], 
  PARAMETER["central_meridian", 0.0], 
  PARAMETER["scale_factor", 1.0], 
  PARAMETER["false_easting", 0.0], 
  PARAMETER["false_northing", 0.0], 
  UNIT["m", 1.0], 
  AXIS["Easting", EAST], 
  AXIS["Northing", NORTH], 
  AUTHORITY["EPSG","3857"]]
	Elevation = []
	Env = {}
	Exceptions = SE_XML
	FeatureId = null
	FeatureVersion = null
	Filter = null
	Format = image/png
	FormatOptions = {DPI=180}
	Get = true
	Height = 1664
	Interpolations = []
	Layers = [org.geoserver.wms.MapLayerInfo@e4804762]
	MaxFeatures = null
	Palette = null
	RawKvp = {FORMAT=image/png, CRS=EPSG:3857, STYLES=, WIDTH=1060, HEIGHT=1664, LAYERS=gis:buildings, TILED=true, REQUEST=GetMap, FORMAT_OPTIONS=dpi:180, BBOX=-326430.24450518633,-492407.98160673975,297269.723992508,486683.28969530127, VERSION=1.3.0, SERVICE=WMS, TRANSPARENT=TRUE}
	RemoteOwsType = null
	RemoteOwsURL = null
	Request = GetMap
	RequestCharset = UTF-8
	ScaleMethod = null
	Sld = null
	SldBody = null
	SldVersion = null
	SortBy = null
	SortByArrays = null
	SRS = urn:ogc:def:crs:EPSG::3857
	StartIndex = null
	StyleBody = null
	StyleFormat = sld
	Styles = [StyleImpl[ name=polygon]]
	StyleUrl = null
	StyleVersion = null
	Tiled = true
	TilesOrigin = null
	Time = []
	Transparent = true
	ValidateSchema = false
	Version = 1.3.0
	ViewParams = null
	Width = 1060
20 Apr 20:09:27 INFO   [geoserver.wms] - 
Request: getMap
	Angle = 0.0
	BaseUrl = http://localhost:8080/geoserver/
	Bbox = SRSEnvelope[-326430.24450518633 : 297269.723992508, -492407.98160673975 : 486683.28969530127]
	BgColor = java.awt.Color[r=255,g=255,b=255]
	Buffer = 0
	Clip = null
	CQLFilter = null
	Crs = PROJCS["WGS 84 / Pseudo-Mercator", 
  GEOGCS["WGS 84", 
    DATUM["World Geodetic System 1984", 
      SPHEROID["WGS 84", 6378137.0, 298.257223563, AUTHORITY["EPSG","7030"]], 
      AUTHORITY["EPSG","6326"]], 
    PRIMEM["Greenwich", 0.0, AUTHORITY["EPSG","8901"]], 
    UNIT["degree", 0.017453292519943295], 
    AXIS["Geodetic latitude", NORTH], 
    AXIS["Geodetic longitude", EAST], 
    AUTHORITY["EPSG","4326"]], 
  PROJECTION["Popular Visualisation Pseudo Mercator", AUTHORITY["EPSG","1024"]], 
  PARAMETER["semi_minor", 6378137.0], 
  PARAMETER["latitude_of_origin", 0.0], 
  PARAMETER["central_meridian", 0.0], 
  PARAMETER["scale_factor", 1.0], 
  PARAMETER["false_easting", 0.0], 
  PARAMETER["false_northing", 0.0], 
  UNIT["m", 1.0], 
  AXIS["Easting", EAST], 
  AXIS["Northing", NORTH], 
  AUTHORITY["EPSG","3857"]]
	Elevation = []
	Env = {}
	Exceptions = SE_XML
	FeatureId = null
	FeatureVersion = null
	Filter = null
	Format = image/png
	FormatOptions = {DPI=180}
	Get = true
	Height = 1664
	Interpolations = []
	Layers = [org.geoserver.wms.MapLayerInfo@349ab7]
	MaxFeatures = null
	Palette = null
	RawKvp = {FORMAT=image/png, CRS=EPSG:3857, STYLES=, WIDTH=1060, HEIGHT=1664, LAYERS=gis:poi, TILED=true, REQUEST=GetMap, FORMAT_OPTIONS=dpi:180, BBOX=-326430.24450518633,-492407.98160673975,297269.723992508,486683.28969530127, VERSION=1.3.0, SERVICE=WMS, TRANSPARENT=TRUE}
	RemoteOwsType = null
	RemoteOwsURL = null
	Request = GetMap
	RequestCharset = UTF-8
	ScaleMethod = null
	Sld = null
	SldBody = null
	SldVersion = null
	SortBy = null
	SortByArrays = null
	SRS = urn:ogc:def:crs:EPSG::3857
	StartIndex = null
	StyleBody = null
	StyleFormat = sld
	Styles = [StyleImpl[ name=point]]
	StyleUrl = null
	StyleVersion = null
	Tiled = true
	TilesOrigin = null
	Time = []
	Transparent = true
	ValidateSchema = false
	Version = 1.3.0
	ViewParams = null
	Width = 1060
20 Apr 20:09:27 INFO   [geoserver.flow] - Request control-flow performed, running requests: 6, blocked requests: 0
20 Apr 20:09:27 INFO   [geoserver.flow] - releasing flow controllers for [WMS 1.3.0 GetMap]
20 Apr 20:09:27 INFO   [geoserver.flow] - Request completed, running requests: 5, blocked requests: 0
20 Apr 20:09:27 INFO   [geoserver.flow] - releasing flow controllers for [WMS 1.3.0 GetMap]
20 Apr 20:09:27 INFO   [geoserver.flow] - Request completed, running requests: 4, blocked requests: 0
20 Apr 20:09:27 INFO   [geoserver.flow] - releasing flow controllers for [WMS 1.3.0 GetMap]
20 Apr 20:09:27 INFO   [geoserver.flow] - Request completed, running requests: 3, blocked requests: 0
20 Apr 20:09:27 INFO   [geoserver.wms] - 
Request: getMap
	Angle = 0.0
	BaseUrl = http://localhost:8080/geoserver/
	Bbox = SRSEnvelope[-639969.2155841973 : 583642.8636422907, -954227.1159036225 : 966612.9782783361]
	BgColor = java.awt.Color[r=255,g=255,b=255]
	Buffer = 0
	Clip = null
	CQLFilter = null
	Crs = PROJCS["WGS 84 / Pseudo-Mercator", 
  GEOGCS["WGS 84", 
    DATUM["World Geodetic System 1984", 
      SPHEROID["WGS 84", 6378137.0, 298.257223563, AUTHORITY["EPSG","7030"]], 
      AUTHORITY["EPSG","6326"]], 
    PRIMEM["Greenwich", 0.0, AUTHORITY["EPSG","8901"]], 
    UNIT["degree", 0.017453292519943295], 
    AXIS["Geodetic latitude", NORTH], 
    AXIS["Geodetic longitude", EAST], 
    AUTHORITY["EPSG","4326"]], 
  PROJECTION["Popular Visualisation Pseudo Mercator", AUTHORITY["EPSG","1024"]], 
  PARAMETER["semi_minor", 6378137.0], 
  PARAMETER["latitude_of_origin", 0.0], 
  PARAMETER["central_meridian", 0.0], 
  PARAMETER["scale_factor", 1.0], 
  PARAMETER["false_easting", 0.0], 
  PARAMETER["false_northing", 0.0], 
  UNIT["m", 1.0], 
  AXIS["Easting", EAST], 
  AXIS["Northing", NORTH], 
  AUTHORITY["EPSG","3857"]]
	Elevation = []
	Env = {}
	Exceptions = SE_XML
	FeatureId = null
	FeatureVersion = null
	Filter = null
	Format = image/png
	FormatOptions = {DPI=180}
	Get = true
	Height = 1664
	Interpolations = []
	Layers = [org.geoserver.wms.MapLayerInfo@e4804762]
	MaxFeatures = null
	Palette = null
	RawKvp = {FORMAT=image/png, CRS=EPSG:3857, STYLES=, WIDTH=1060, HEIGHT=1664, LAYERS=gis:buildings, TILED=true, REQUEST=GetMap, FORMAT_OPTIONS=dpi:180, BBOX=-639969.2155841973,-954227.1159036225,583642.8636422907,966612.9782783361, VERSION=1.3.0, SERVICE=WMS, TRANSPARENT=TRUE}
	RemoteOwsType = null
	RemoteOwsURL = null
	Request = GetMap
	RequestCharset = UTF-8
	ScaleMethod = null
	Sld = null
	SldBody = null
	SldVersion = null
	SortBy = null
	SortByArrays = null
	SRS = urn:ogc:def:crs:EPSG::3857
	StartIndex = null
	StyleBody = null
	StyleFormat = sld
	Styles = [StyleImpl[ name=polygon]]
	StyleUrl = null
	StyleVersion = null
	Tiled = true
	TilesOrigin = null
	Time = []
	Transparent = true
	ValidateSchema = false
	Version = 1.3.0
	ViewParams = null
	Width = 1060
20 Apr 20:09:27 INFO   [geoserver.wms] - 
Request: getMap
	Angle = 0.0
	BaseUrl = http://localhost:8080/geoserver/
	Bbox = SRSEnvelope[-639969.2155841973 : 583642.8636422907, -954227.1159036225 : 966612.9782783361]
	BgColor = java.awt.Color[r=255,g=255,b=255]
	Buffer = 0
	Clip = null
	CQLFilter = null
	Crs = PROJCS["WGS 84 / Pseudo-Mercator", 
  GEOGCS["WGS 84", 
    DATUM["World Geodetic System 1984", 
      SPHEROID["WGS 84", 6378137.0, 298.257223563, AUTHORITY["EPSG","7030"]], 
      AUTHORITY["EPSG","6326"]], 
    PRIMEM["Greenwich", 0.0, AUTHORITY["EPSG","8901"]], 
    UNIT["degree", 0.017453292519943295], 
    AXIS["Geodetic latitude", NORTH], 
    AXIS["Geodetic longitude", EAST], 
    AUTHORITY["EPSG","4326"]], 
  PROJECTION["Popular Visualisation Pseudo Mercator", AUTHORITY["EPSG","1024"]], 
  PARAMETER["semi_minor", 6378137.0], 
  PARAMETER["latitude_of_origin", 0.0], 
  PARAMETER["central_meridian", 0.0], 
  PARAMETER["scale_factor", 1.0], 
  PARAMETER["false_easting", 0.0], 
  PARAMETER["false_northing", 0.0], 
  UNIT["m", 1.0], 
  AXIS["Easting", EAST], 
  AXIS["Northing", NORTH], 
  AUTHORITY["EPSG","3857"]]
	Elevation = []
	Env = {}
	Exceptions = SE_XML
	FeatureId = null
	FeatureVersion = null
	Filter = null
	Format = image/png
	FormatOptions = {DPI=180}
	Get = true
	Height = 1664
	Interpolations = []
	Layers = [org.geoserver.wms.MapLayerInfo@c8d248ce]
	MaxFeatures = null
	Palette = null
	RawKvp = {FORMAT=image/png, CRS=EPSG:3857, STYLES=, WIDTH=1060, HEIGHT=1664, LAYERS=gis:roads, TILED=true, REQUEST=GetMap, FORMAT_OPTIONS=dpi:180, BBOX=-639969.2155841973,-954227.1159036225,583642.8636422907,966612.9782783361, VERSION=1.3.0, SERVICE=WMS, TRANSPARENT=TRUE}
	RemoteOwsType = null
	RemoteOwsURL = null
	Request = GetMap
	RequestCharset = UTF-8
	ScaleMethod = null
	Sld = null
	SldBody = null
	SldVersion = null
	SortBy = null
	SortByArrays = null
	SRS = urn:ogc:def:crs:EPSG::3857
	StartIndex = null
	StyleBody = null
	StyleFormat = sld
	Styles = [StyleImpl[ name=line]]
	StyleUrl = null
	StyleVersion = null
	Tiled = true
	TilesOrigin = null
	Time = []
	Transparent = true
	ValidateSchema = false
	Version = 1.3.0
	ViewParams = null
	Width = 1060
20 Apr 20:09:27 INFO   [geoserver.wms] - 
Request: getMap
	Angle = 0.0
	BaseUrl = http://localhost:8080/geoserver/
	Bbox = SRSEnvelope[-639969.2155841973 : 583642.8636422907, -954227.1159036225 : 966612.9782783361]
	BgColor = java.awt.Color[r=255,g=255,b=255]
	Buffer = 0
	Clip = null
	CQLFilter = null
	Crs = PROJCS["WGS 84 / Pseudo-Mercator", 
  GEOGCS["WGS 84", 
    DATUM["World Geodetic System 1984", 
      SPHEROID["WGS 84", 6378137.0, 298.257223563, AUTHORITY["EPSG","7030"]], 
      AUTHORITY["EPSG","6326"]], 
    PRIMEM["Greenwich", 0.0, AUTHORITY["EPSG","8901"]], 
    UNIT["degree", 0.017453292519943295], 
    AXIS["Geodetic latitude", NORTH], 
    AXIS["Geodetic longitude", EAST], 
    AUTHORITY["EPSG","4326"]], 
  PROJECTION["Popular Visualisation Pseudo Mercator", AUTHORITY["EPSG","1024"]], 
  PARAMETER["semi_minor", 6378137.0], 
  PARAMETER["latitude_of_origin", 0.0], 
  PARAMETER["central_meridian", 0.0], 
  PARAMETER["scale_factor", 1.0], 
  PARAMETER["false_easting", 0.0], 
  PARAMETER["false_northing", 0.0], 
  UNIT["m", 1.0], 
  AXIS["Easting", EAST], 
  AXIS["Northing", NORTH], 
  AUTHORITY["EPSG","3857"]]
	Elevation = []
	Env = {}
	Exceptions = SE_XML
	FeatureId = null
	FeatureVersion = null
	Filter = null
	Format = image/png
	FormatOptions = {DPI=180}
	Get = true
	Height = 1664
	Interpolations = []
	Layers = [org.geoserver.wms.MapLayerInfo@349ab7]
	MaxFeatures = null
	Palette = null
	RawKvp = {FORMAT=image/png, CRS=EPSG:3857, STYLES=, WIDTH=1060, HEIGHT=1664, LAYERS=gis:poi, TILED=true, REQUEST=GetMap, FORMAT_OPTIONS=dpi:180, BBOX=-639969.2155841973,-954227.1159036225,583642.8636422907,966612.9782783361, VERSION=1.3.0, SERVICE=WMS, TRANSPARENT=TRUE}
	RemoteOwsType = null
	RemoteOwsURL = null
	Request = GetMap
	RequestCharset = UTF-8
	ScaleMethod = null
	Sld = null
	SldBody = null
	SldVersion = null
	SortBy = null
	SortByArrays = null
	SRS = urn:ogc:def:crs:EPSG::3857
	StartIndex = null
	StyleBody = null
	StyleFormat = sld
	Styles = [StyleImpl[ name=point]]
	StyleUrl = null
	StyleVersion = null
	Tiled = true
	TilesOrigin = null
	Time = []
	Transparent = true
	ValidateSchema = false
	Version = 1.3.0
	ViewParams = null
	Width = 1060
20 Apr 20:09:27 INFO   [geoserver.wms] - 
Request: getServiceInfo
20 Apr 20:09:27 INFO   [geoserver.flow] - Request [WMS 1.3.0 GetMap] starting, processing through flow controllers
20 Apr 20:09:27 INFO   [geoserver.flow] - Request control-flow performed, running requests: 4, blocked requests: 0
20 Apr 20:09:27 INFO   [geoserver.wms] - 
Request: getServiceInfo
20 Apr 20:09:27 INFO   [geoserver.wms] - 
Request: getServiceInfo
20 Apr 20:09:27 INFO   [geoserver.flow] - Request [WMS 1.3.0 GetMap] starting, processing through flow controllers
20 Apr 20:09:27 INFO   [geoserver.flow] - Request control-flow performed, running requests: 5, blocked requests: 0
20 Apr 20:09:27 INFO   [geoserver.flow] - Request [WMS 1.3.0 GetMap] starting, processing through flow controllers
20 Apr 20:09:27 INFO   [geoserver.flow] - Request control-flow performed, running requests: 6, blocked requests: 0
20 Apr 20:09:27 INFO   [geoserver.flow] - releasing flow controllers for [WMS 1.3.0 GetMap]
20 Apr 20:09:27 INFO   [geoserver.flow] - Request completed, running requests: 5, blocked requests: 0
20 Apr 20:09:27 INFO   [geoserver.flow] - releasing flow controllers for [WMS 1.3.0 GetMap]
20 Apr 20:09:27 INFO   [geoserver.flow] - Request completed, running requests: 4, blocked requests: 0
20 Apr 20:09:27 INFO   [geoserver.flow] - releasing flow controllers for [WMS 1.3.0 GetMap]
20 Apr 20:09:27 INFO   [geoserver.flow] - Request completed, running requests: 3, blocked requests: 0
20 Apr 20:09:27 INFO   [geoserver.wms] - 
Request: getMap
	Angle = 0.0
	BaseUrl = http://localhost:8080/geoserver/
	Bbox = SRSEnvelope[-1154376.3141839548 : 1025852.4747192755, -1672592.1167552138 : 1749955.717900423]
	BgColor = java.awt.Color[r=255,g=255,b=255]
	Buffer = 0
	Clip = null
	CQLFilter = null
	Crs = PROJCS["WGS 84 / Pseudo-Mercator", 
  GEOGCS["WGS 84", 
    DATUM["World Geodetic System 1984", 
      SPHEROID["WGS 84", 6378137.0, 298.257223563, AUTHORITY["EPSG","7030"]], 
      AUTHORITY["EPSG","6326"]], 
    PRIMEM["Greenwich", 0.0, AUTHORITY["EPSG","8901"]], 
    UNIT["degree", 0.017453292519943295], 
    AXIS["Geodetic latitude", NORTH], 
    AXIS["Geodetic longitude", EAST], 
    AUTHORITY["EPSG","4326"]], 
  PROJECTION["Popular Visualisation Pseudo Mercator", AUTHORITY["EPSG","1024"]], 
  PARAMETER["semi_minor", 6378137.0], 
  PARAMETER["latitude_of_origin", 0.0], 
  PARAMETER["central_meridian", 0.0], 
  PARAMETER["scale_factor", 1.0], 
  PARAMETER["false_easting", 0.0], 
  PARAMETER["false_northing", 0.0], 
  UNIT["m", 1.0], 
  AXIS["Easting", EAST], 
  AXIS["Northing", NORTH], 
  AUTHORITY["EPSG","3857"]]
	Elevation = []
	Env = {}
	Exceptions = SE_XML
	FeatureId = null
	FeatureVersion = null
	Filter = null
	Format = image/png
	FormatOptions = {DPI=180}
	Get = true
	Height = 1664
	Interpolations = []
	Layers = [org.geoserver.wms.MapLayerInfo@e4804762]
	MaxFeatures = null
	Palette = null
	RawKvp = {FORMAT=image/png, CRS=EPSG:3857, STYLES=, WIDTH=1060, HEIGHT=1664, LAYERS=gis:buildings, TILED=true, REQUEST=GetMap, FORMAT_OPTIONS=dpi:180, BBOX=-1154376.3141839548,-1672592.1167552138,1025852.4747192755,1749955.717900423, VERSION=1.3.0, SERVICE=WMS, TRANSPARENT=TRUE}
	RemoteOwsType = null
	RemoteOwsURL = null
	Request = GetMap
	RequestCharset = UTF-8
	ScaleMethod = null
	Sld = null
	SldBody = null
	SldVersion = null
	SortBy = null
	SortByArrays = null
	SRS = urn:ogc:def:crs:EPSG::3857
	StartIndex = null
	StyleBody = null
	StyleFormat = sld
	Styles = [StyleImpl[ name=polygon]]
	StyleUrl = null
	StyleVersion = null
	Tiled = true
	TilesOrigin = null
	Time = []
	Transparent = true
	ValidateSchema = false
	Version = 1.3.0
	ViewParams = null
	Width = 1060
20 Apr 20:09:27 INFO   [geoserver.wms] - 
Request: getMap
	Angle = 0.0
	BaseUrl = http://localhost:8080/geoserver/
	Bbox = SRSEnvelope[-1154376.3141839548 : 1025852.4747192755, -1672592.1167552138 : 1749955.717900423]
	BgColor = java.awt.Color[r=255,g=255,b=255]
	Buffer = 0
	Clip = null
	CQLFilter = null
	Crs = PROJCS["WGS 84 / Pseudo-Mercator", 
  GEOGCS["WGS 84", 
    DATUM["World Geodetic System 1984", 
      SPHEROID["WGS 84", 6378137.0, 298.257223563, AUTHORITY["EPSG","7030"]], 
      AUTHORITY["EPSG","6326"]], 
    PRIMEM["Greenwich", 0.0, AUTHORITY["EPSG","8901"]], 
    UNIT["degree", 0.017453292519943295], 
    AXIS["Geodetic latitude", NORTH], 
    AXIS["Geodetic longitude", EAST], 
    AUTHORITY["EPSG","4326"]], 
  PROJECTION["Popular Visualisation Pseudo Mercator", AUTHORITY["EPSG","1024"]], 
  PARAMETER["semi_minor", 6378137.0], 
  PARAMETER["latitude_of_origin", 0.0], 
  PARAMETER["central_meridian", 0.0], 
  PARAMETER["scale_factor", 1.0], 
  PARAMETER["false_easting", 0.0], 
  PARAMETER["false_northing", 0.0], 
  UNIT["m", 1.0], 
  AXIS["Easting", EAST], 
  AXIS["Northing", NORTH], 
  AUTHORITY["EPSG","3857"]]
	Elevation = []
	Env = {}
	Exceptions = SE_XML
	FeatureId = null
	FeatureVersion = null
	Filter = null
	Format = image/png
	FormatOptions = {DPI=180}
	Get = true
	Height = 1664
	Interpolations = []
	Layers = [org.geoserver.wms.MapLayerInfo@349ab7]
	MaxFeatures = null
	Palette = null
	RawKvp = {FORMAT=image/png, CRS=EPSG:3857, STYLES=, WIDTH=1060, HEIGHT=1664, LAYERS=gis:poi, TILED=true, REQUEST=GetMap, FORMAT_OPTIONS=dpi:180, BBOX=-1154376.3141839548,-1672592.1167552138,1025852.4747192755,1749955.717900423, VERSION=1.3.0, SERVICE=WMS, TRANSPARENT=TRUE}
	RemoteOwsType = null
	RemoteOwsURL = null
	Request = GetMap
	RequestCharset = UTF-8
	ScaleMethod = null
	Sld = null
	SldBody = null
	SldVersion = null
	SortBy = null
	SortByArrays = null
	SRS = urn:ogc:def:crs:EPSG::3857
	StartIndex = null
	StyleBody = null
	StyleFormat = sld
	Styles = [StyleImpl[ name=point]]
	StyleUrl = null
	StyleVersion = null
	Tiled = true
	TilesOrigin = null
	Time = []
	Transparent = true
	ValidateSchema = false
	Version = 1.3.0
	ViewParams = null
	Width = 1060
20 Apr 20:09:27 INFO   [geoserver.wms] - 
Request: getMap
	Angle = 0.0
	BaseUrl = http://localhost:8080/geoserver/
	Bbox = SRSEnvelope[-1154376.3141839548 : 1025852.4747192755, -1672592.1167552138 : 1749955.717900423]
	BgColor = java.awt.Color[r=255,g=255,b=255]
	Buffer = 0
	Clip = null
	CQLFilter = null
	Crs = PROJCS["WGS 84 / Pseudo-Mercator", 
  GEOGCS["WGS 84", 
    DATUM["World Geodetic System 1984", 
      SPHEROID["WGS 84", 6378137.0, 298.257223563, AUTHORITY["EPSG","7030"]], 
      AUTHORITY["EPSG","6326"]], 
    PRIMEM["Greenwich", 0.0, AUTHORITY["EPSG","8901"]], 
    UNIT["degree", 0.017453292519943295], 
    AXIS["Geodetic latitude", NORTH], 
    AXIS["Geodetic longitude", EAST], 
    AUTHORITY["EPSG","4326"]], 
  PROJECTION["Popular Visualisation Pseudo Mercator", AUTHORITY["EPSG","1024"]], 
  PARAMETER["semi_minor", 6378137.0], 
  PARAMETER["latitude_of_origin", 0.0], 
  PARAMETER["central_meridian", 0.0], 
  PARAMETER["scale_factor", 1.0], 
  PARAMETER["false_easting", 0.0], 
  PARAMETER["false_northing", 0.0], 
  UNIT["m", 1.0], 
  AXIS["Easting", EAST], 
  AXIS["Northing", NORTH], 
  AUTHORITY["EPSG","3857"]]
	Elevation = []
	Env = {}
	Exceptions = SE_XML
	FeatureId = null
	FeatureVersion = null
	Filter = null
	Format = image/png
	FormatOptions = {DPI=180}
	Get = true
	Height = 1664
	Interpolations = []
	Layers = [org.geoserver.wms.MapLayerInfo@c8d248ce]
	MaxFeatures = null
	Palette = null
	RawKvp = {FORMAT=image/png, CRS=EPSG:3857, STYLES=, WIDTH=1060, HEIGHT=1664, LAYERS=gis:roads, TILED=true, REQUEST=GetMap, FORMAT_OPTIONS=dpi:180, BBOX=-1154376.3141839548,-1672592.1167552138,1025852.4747192755,1749955.717900423, VERSION=1.3.0, SERVICE=WMS, TRANSPARENT=TRUE}
	RemoteOwsType = null
	RemoteOwsURL = null
	Request = GetMap
	RequestCharset = UTF-8
	ScaleMethod = null
	Sld = null
	SldBody = null
	SldVersion = null
	SortBy = null
	SortByArrays = null
	SRS = urn:ogc:def:crs:EPSG::3857
	StartIndex = null
	StyleBody = null
	StyleFormat = sld
	Styles = [StyleImpl[ name=line]]
	StyleUrl = null
	StyleVersion = null
	Tiled = true
	TilesOrigin = null
	Time = []
	Transparent = true
	ValidateSchema = false
	Version = 1.3.0
	ViewParams = null
	Width = 1060
20 Apr 20:09:28 INFO   [geoserver.flow] - releasing flow controllers for [WMS 1.3.0 GetMap]
20 Apr 20:09:28 INFO   [geoserver.flow] - Request completed, running requests: 2, blocked requests: 0
20 Apr 20:09:28 INFO   [geoserver.flow] - releasing flow controllers for [WMS 1.3.0 GetMap]
20 Apr 20:09:28 INFO   [geoserver.flow] - Request completed, running requests: 1, blocked requests: 0
20 Apr 20:09:28 INFO   [geoserver.flow] - releasing flow controllers for [WMS 1.3.0 GetMap]
20 Apr 20:09:28 INFO   [geoserver.flow] - Request completed, running requests: 0, blocked requests: 0
20 Apr 20:09:28 INFO   [geoserver.wms] - 
Request: getServiceInfo
20 Apr 20:09:28 INFO   [geoserver.wms] - 
Request: getServiceInfo
20 Apr 20:09:28 INFO   [geoserver.wms] - 
Request: getServiceInfo
20 Apr 20:09:28 INFO   [geoserver.flow] - Request [WMS 1.3.0 GetMap] starting, processing through flow controllers
20 Apr 20:09:28 INFO   [geoserver.flow] - Request [WMS 1.3.0 GetMap] starting, processing through flow controllers
20 Apr 20:09:28 INFO   [geoserver.flow] - Request control-flow performed, running requests: 1, blocked requests: 1
20 Apr 20:09:28 INFO   [geoserver.flow] - Request control-flow performed, running requests: 2, blocked requests: 0
20 Apr 20:09:28 INFO   [geoserver.flow] - Request [WMS 1.3.0 GetMap] starting, processing through flow controllers
20 Apr 20:09:28 INFO   [geoserver.flow] - Request control-flow performed, running requests: 3, blocked requests: 0
20 Apr 20:09:28 INFO   [geoserver.wms] - 
Request: getMap
	Angle = 0.0
	BaseUrl = http://localhost:8080/geoserver/
	Bbox = SRSEnvelope[-2027977.0270066443 : 1599152.9425091655, -2704879.9587122668 : 2989029.7292823624]
	BgColor = java.awt.Color[r=255,g=255,b=255]
	Buffer = 0
	Clip = null
	CQLFilter = null
	Crs = PROJCS["WGS 84 / Pseudo-Mercator", 
  GEOGCS["WGS 84", 
    DATUM["World Geodetic System 1984", 
      SPHEROID["WGS 84", 6378137.0, 298.257223563, AUTHORITY["EPSG","7030"]], 
      AUTHORITY["EPSG","6326"]], 
    PRIMEM["Greenwich", 0.0, AUTHORITY["EPSG","8901"]], 
    UNIT["degree", 0.017453292519943295], 
    AXIS["Geodetic latitude", NORTH], 
    AXIS["Geodetic longitude", EAST], 
    AUTHORITY["EPSG","4326"]], 
  PROJECTION["Popular Visualisation Pseudo Mercator", AUTHORITY["EPSG","1024"]], 
  PARAMETER["semi_minor", 6378137.0], 
  PARAMETER["latitude_of_origin", 0.0], 
  PARAMETER["central_meridian", 0.0], 
  PARAMETER["scale_factor", 1.0], 
  PARAMETER["false_easting", 0.0], 
  PARAMETER["false_northing", 0.0], 
  UNIT["m", 1.0], 
  AXIS["Easting", EAST], 
  AXIS["Northing", NORTH], 
  AUTHORITY["EPSG","3857"]]
	Elevation = []
	Env = {}
	Exceptions = SE_XML
	FeatureId = null
	FeatureVersion = null
	Filter = null
	Format = image/png
	FormatOptions = {DPI=180}
	Get = true
	Height = 1664
	Interpolations = []
	Layers = [org.geoserver.wms.MapLayerInfo@c8d248ce]
	MaxFeatures = null
	Palette = null
	RawKvp = {FORMAT=image/png, CRS=EPSG:3857, STYLES=, WIDTH=1060, HEIGHT=1664, LAYERS=gis:roads, TILED=true, REQUEST=GetMap, FORMAT_OPTIONS=dpi:180, BBOX=-2027977.0270066443,-2704879.9587122668,1599152.9425091655,2989029.7292823624, VERSION=1.3.0, SERVICE=WMS, TRANSPARENT=TRUE}
	RemoteOwsType = null
	RemoteOwsURL = null
	Request = GetMap
	RequestCharset = UTF-8
	ScaleMethod = null
	Sld = null
	SldBody = null
	SldVersion = null
	SortBy = null
	SortByArrays = null
	SRS = urn:ogc:def:crs:EPSG::3857
	StartIndex = null
	StyleBody = null
	StyleFormat = sld
	Styles = [StyleImpl[ name=line]]
	StyleUrl = null
	StyleVersion = null
	Tiled = true
	TilesOrigin = null
	Time = []
	Transparent = true
	ValidateSchema = false
	Version = 1.3.0
	ViewParams = null
	Width = 1060
20 Apr 20:09:28 INFO   [geoserver.wms] - 
Request: getMap
	Angle = 0.0
	BaseUrl = http://localhost:8080/geoserver/
	Bbox = SRSEnvelope[-2027977.0270066443 : 1599152.9425091655, -2704879.9587122668 : 2989029.7292823624]
	BgColor = java.awt.Color[r=255,g=255,b=255]
	Buffer = 0
	Clip = null
	CQLFilter = null
	Crs = PROJCS["WGS 84 / Pseudo-Mercator", 
  GEOGCS["WGS 84", 
    DATUM["World Geodetic System 1984", 
      SPHEROID["WGS 84", 6378137.0, 298.257223563, AUTHORITY["EPSG","7030"]], 
      AUTHORITY["EPSG","6326"]], 
    PRIMEM["Greenwich", 0.0, AUTHORITY["EPSG","8901"]], 
    UNIT["degree", 0.017453292519943295], 
    AXIS["Geodetic latitude", NORTH], 
    AXIS["Geodetic longitude", EAST], 
    AUTHORITY["EPSG","4326"]], 
  PROJECTION["Popular Visualisation Pseudo Mercator", AUTHORITY["EPSG","1024"]], 
  PARAMETER["semi_minor", 6378137.0], 
  PARAMETER["latitude_of_origin", 0.0], 
  PARAMETER["central_meridian", 0.0], 
  PARAMETER["scale_factor", 1.0], 
  PARAMETER["false_easting", 0.0], 
  PARAMETER["false_northing", 0.0], 
  UNIT["m", 1.0], 
  AXIS["Easting", EAST], 
  AXIS["Northing", NORTH], 
  AUTHORITY["EPSG","3857"]]
	Elevation = []
	Env = {}
	Exceptions = SE_XML
	FeatureId = null
	FeatureVersion = null
	Filter = null
	Format = image/png
	FormatOptions = {DPI=180}
	Get = true
	Height = 1664
	Interpolations = []
	Layers = [org.geoserver.wms.MapLayerInfo@e4804762]
	MaxFeatures = null
	Palette = null
	RawKvp = {FORMAT=image/png, CRS=EPSG:3857, STYLES=, WIDTH=1060, HEIGHT=1664, LAYERS=gis:buildings, TILED=true, REQUEST=GetMap, FORMAT_OPTIONS=dpi:180, BBOX=-2027977.0270066443,-2704879.9587122668,1599152.9425091655,2989029.7292823624, VERSION=1.3.0, SERVICE=WMS, TRANSPARENT=TRUE}
	RemoteOwsType = null
	RemoteOwsURL = null
	Request = GetMap
	RequestCharset = UTF-8
	ScaleMethod = null
	Sld = null
	SldBody = null
	SldVersion = null
	SortBy = null
	SortByArrays = null
	SRS = urn:ogc:def:crs:EPSG::3857
	StartIndex = null
	StyleBody = null
	StyleFormat = sld
	Styles = [StyleImpl[ name=polygon]]
	StyleUrl = null
	StyleVersion = null
	Tiled = true
	TilesOrigin = null
	Time = []
	Transparent = true
	ValidateSchema = false
	Version = 1.3.0
	ViewParams = null
	Width = 1060
20 Apr 20:09:28 INFO   [geoserver.wms] - 
Request: getMap
	Angle = 0.0
	BaseUrl = http://localhost:8080/geoserver/
	Bbox = SRSEnvelope[-2027977.0270066443 : 1599152.9425091655, -2704879.9587122668 : 2989029.7292823624]
	BgColor = java.awt.Color[r=255,g=255,b=255]
	Buffer = 0
	Clip = null
	CQLFilter = null
	Crs = PROJCS["WGS 84 / Pseudo-Mercator", 
  GEOGCS["WGS 84", 
    DATUM["World Geodetic System 1984", 
      SPHEROID["WGS 84", 6378137.0, 298.257223563, AUTHORITY["EPSG","7030"]], 
      AUTHORITY["EPSG","6326"]], 
    PRIMEM["Greenwich", 0.0, AUTHORITY["EPSG","8901"]], 
    UNIT["degree", 0.017453292519943295], 
    AXIS["Geodetic latitude", NORTH], 
    AXIS["Geodetic longitude", EAST], 
    AUTHORITY["EPSG","4326"]], 
  PROJECTION["Popular Visualisation Pseudo Mercator", AUTHORITY["EPSG","1024"]], 
  PARAMETER["semi_minor", 6378137.0], 
  PARAMETER["latitude_of_origin", 0.0], 
  PARAMETER["central_meridian", 0.0], 
  PARAMETER["scale_factor", 1.0], 
  PARAMETER["false_easting", 0.0], 
  PARAMETER["false_northing", 0.0], 
  UNIT["m", 1.0], 
  AXIS["Easting", EAST], 
  AXIS["Northing", NORTH], 
  AUTHORITY["EPSG","3857"]]
	Elevation = []
	Env = {}
	Exceptions = SE_XML
	FeatureId = null
	FeatureVersion = null
	Filter = null
	Format = image/png
	FormatOptions = {DPI=180}
	Get = true
	Height = 1664
	Interpolations = []
	Layers = [org.geoserver.wms.MapLayerInfo@349ab7]
	MaxFeatures = null
	Palette = null
	RawKvp = {FORMAT=image/png, CRS=EPSG:3857, STYLES=, WIDTH=1060, HEIGHT=1664, LAYERS=gis:poi, TILED=true, REQUEST=GetMap, FORMAT_OPTIONS=dpi:180, BBOX=-2027977.0270066443,-2704879.9587122668,1599152.9425091655,2989029.7292823624, VERSION=1.3.0, SERVICE=WMS, TRANSPARENT=TRUE}
	RemoteOwsType = null
	RemoteOwsURL = null
	Request = GetMap
	RequestCharset = UTF-8
	ScaleMethod = null
	Sld = null
	SldBody = null
	SldVersion = null
	SortBy = null
	SortByArrays = null
	SRS = urn:ogc:def:crs:EPSG::3857
	StartIndex = null
	StyleBody = null
	StyleFormat = sld
	Styles = [StyleImpl[ name=point]]
	StyleUrl = null
	StyleVersion = null
	Tiled = true
	TilesOrigin = null
	Time = []
	Transparent = true
	ValidateSchema = false
	Version = 1.3.0
	ViewParams = null
	Width = 1060
20 Apr 20:09:28 INFO   [geoserver.flow] - releasing flow controllers for [WMS 1.3.0 GetMap]
20 Apr 20:09:28 INFO   [geoserver.flow] - Request completed, running requests: 2, blocked requests: 0
20 Apr 20:09:28 INFO   [geoserver.flow] - releasing flow controllers for [WMS 1.3.0 GetMap]
20 Apr 20:09:28 INFO   [geoserver.flow] - Request completed, running requests: 1, blocked requests: 0
20 Apr 20:09:28 INFO   [geoserver.flow] - releasing flow controllers for [WMS 1.3.0 GetMap]
20 Apr 20:09:28 INFO   [geoserver.flow] - Request completed, running requests: 0, blocked requests: 0
20 Apr 20:10:20 INFO   [geoserver.wms] - 
Request: getServiceInfo
20 Apr 20:10:20 INFO   [geoserver.wms] - 
Request: getServiceInfo
20 Apr 20:10:20 INFO   [geoserver.wms] - 
Request: getServiceInfo
20 Apr 20:10:20 INFO   [geoserver.flow] - Request [WMS 1.3.0 GetMap] starting, processing through flow controllers
20 Apr 20:10:20 INFO   [geoserver.flow] - Request control-flow performed, running requests: 1, blocked requests: 0
20 Apr 20:10:20 INFO   [geoserver.flow] - Request [WMS 1.3.0 GetMap] starting, processing through flow controllers
20 Apr 20:10:20 INFO   [geoserver.flow] - Request [WMS 1.3.0 GetMap] starting, processing through flow controllers
20 Apr 20:10:20 INFO   [geoserver.flow] - Request control-flow performed, running requests: 2, blocked requests: 1
20 Apr 20:10:20 INFO   [geoserver.flow] - Request control-flow performed, running requests: 3, blocked requests: 0
20 Apr 20:10:21 INFO   [geoserver.wms] - 
Request: getMap
	Angle = 0.0
	BaseUrl = http://localhost:8080/geoserver/
	Bbox = SRSEnvelope[5579120.859228415 : 5660144.109210702, 7161979.216406961 : 7289170.4314734945]
	BgColor = java.awt.Color[r=255,g=255,b=255]
	Buffer = 0
	Clip = null
	CQLFilter = null
	Crs = PROJCS["WGS 84 / Pseudo-Mercator", 
  GEOGCS["WGS 84", 
    DATUM["World Geodetic System 1984", 
      SPHEROID["WGS 84", 6378137.0, 298.257223563, AUTHORITY["EPSG","7030"]], 
      AUTHORITY["EPSG","6326"]], 
    PRIMEM["Greenwich", 0.0, AUTHORITY["EPSG","8901"]], 
    UNIT["degree", 0.017453292519943295], 
    AXIS["Geodetic latitude", NORTH], 
    AXIS["Geodetic longitude", EAST], 
    AUTHORITY["EPSG","4326"]], 
  PROJECTION["Popular Visualisation Pseudo Mercator", AUTHORITY["EPSG","1024"]], 
  PARAMETER["semi_minor", 6378137.0], 
  PARAMETER["latitude_of_origin", 0.0], 
  PARAMETER["central_meridian", 0.0], 
  PARAMETER["scale_factor", 1.0], 
  PARAMETER["false_easting", 0.0], 
  PARAMETER["false_northing", 0.0], 
  UNIT["m", 1.0], 
  AXIS["Easting", EAST], 
  AXIS["Northing", NORTH], 
  AUTHORITY["EPSG","3857"]]
	Elevation = []
	Env = {}
	Exceptions = SE_XML
	FeatureId = null
	FeatureVersion = null
	Filter = null
	Format = image/png
	FormatOptions = {DPI=180}
	Get = true
	Height = 1664
	Interpolations = []
	Layers = [org.geoserver.wms.MapLayerInfo@c8d248ce]
	MaxFeatures = null
	Palette = null
	RawKvp = {FORMAT=image/png, CRS=EPSG:3857, STYLES=, WIDTH=1060, HEIGHT=1664, LAYERS=gis:roads, TILED=true, REQUEST=GetMap, FORMAT_OPTIONS=dpi:180, BBOX=5579120.859228415,7161979.216406961,5660144.109210702,7289170.4314734945, VERSION=1.3.0, SERVICE=WMS, TRANSPARENT=TRUE}
	RemoteOwsType = null
	RemoteOwsURL = null
	Request = GetMap
	RequestCharset = UTF-8
	ScaleMethod = null
	Sld = null
	SldBody = null
	SldVersion = null
	SortBy = null
	SortByArrays = null
	SRS = urn:ogc:def:crs:EPSG::3857
	StartIndex = null
	StyleBody = null
	StyleFormat = sld
	Styles = [StyleImpl[ name=line]]
	StyleUrl = null
	StyleVersion = null
	Tiled = true
	TilesOrigin = null
	Time = []
	Transparent = true
	ValidateSchema = false
	Version = 1.3.0
	ViewParams = null
	Width = 1060
20 Apr 20:10:21 INFO   [geoserver.wms] - 
Request: getMap
	Angle = 0.0
	BaseUrl = http://localhost:8080/geoserver/
	Bbox = SRSEnvelope[5579120.859228415 : 5660144.109210702, 7161979.216406961 : 7289170.4314734945]
	BgColor = java.awt.Color[r=255,g=255,b=255]
	Buffer = 0
	Clip = null
	CQLFilter = null
	Crs = PROJCS["WGS 84 / Pseudo-Mercator", 
  GEOGCS["WGS 84", 
    DATUM["World Geodetic System 1984", 
      SPHEROID["WGS 84", 6378137.0, 298.257223563, AUTHORITY["EPSG","7030"]], 
      AUTHORITY["EPSG","6326"]], 
    PRIMEM["Greenwich", 0.0, AUTHORITY["EPSG","8901"]], 
    UNIT["degree", 0.017453292519943295], 
    AXIS["Geodetic latitude", NORTH], 
    AXIS["Geodetic longitude", EAST], 
    AUTHORITY["EPSG","4326"]], 
  PROJECTION["Popular Visualisation Pseudo Mercator", AUTHORITY["EPSG","1024"]], 
  PARAMETER["semi_minor", 6378137.0], 
  PARAMETER["latitude_of_origin", 0.0], 
  PARAMETER["central_meridian", 0.0], 
  PARAMETER["scale_factor", 1.0], 
  PARAMETER["false_easting", 0.0], 
  PARAMETER["false_northing", 0.0], 
  UNIT["m", 1.0], 
  AXIS["Easting", EAST], 
  AXIS["Northing", NORTH], 
  AUTHORITY["EPSG","3857"]]
	Elevation = []
	Env = {}
	Exceptions = SE_XML
	FeatureId = null
	FeatureVersion = null
	Filter = null
	Format = image/png
	FormatOptions = {DPI=180}
	Get = true
	Height = 1664
	Interpolations = []
	Layers = [org.geoserver.wms.MapLayerInfo@e4804762]
	MaxFeatures = null
	Palette = null
	RawKvp = {FORMAT=image/png, CRS=EPSG:3857, STYLES=, WIDTH=1060, HEIGHT=1664, LAYERS=gis:buildings, TILED=true, REQUEST=GetMap, FORMAT_OPTIONS=dpi:180, BBOX=5579120.859228415,7161979.216406961,5660144.109210702,7289170.4314734945, VERSION=1.3.0, SERVICE=WMS, TRANSPARENT=TRUE}
	RemoteOwsType = null
	RemoteOwsURL = null
	Request = GetMap
	RequestCharset = UTF-8
	ScaleMethod = null
	Sld = null
	SldBody = null
	SldVersion = null
	SortBy = null
	SortByArrays = null
	SRS = urn:ogc:def:crs:EPSG::3857
	StartIndex = null
	StyleBody = null
	StyleFormat = sld
	Styles = [StyleImpl[ name=polygon]]
	StyleUrl = null
	StyleVersion = null
	Tiled = true
	TilesOrigin = null
	Time = []
	Transparent = true
	ValidateSchema = false
	Version = 1.3.0
	ViewParams = null
	Width = 1060
20 Apr 20:10:21 INFO   [geoserver.wms] - 
Request: getMap
	Angle = 0.0
	BaseUrl = http://localhost:8080/geoserver/
	Bbox = SRSEnvelope[5579120.859228415 : 5660144.109210702, 7161979.216406961 : 7289170.4314734945]
	BgColor = java.awt.Color[r=255,g=255,b=255]
	Buffer = 0
	Clip = null
	CQLFilter = null
	Crs = PROJCS["WGS 84 / Pseudo-Mercator", 
  GEOGCS["WGS 84", 
    DATUM["World Geodetic System 1984", 
      SPHEROID["WGS 84", 6378137.0, 298.257223563, AUTHORITY["EPSG","7030"]], 
      AUTHORITY["EPSG","6326"]], 
    PRIMEM["Greenwich", 0.0, AUTHORITY["EPSG","8901"]], 
    UNIT["degree", 0.017453292519943295], 
    AXIS["Geodetic latitude", NORTH], 
    AXIS["Geodetic longitude", EAST], 
    AUTHORITY["EPSG","4326"]], 
  PROJECTION["Popular Visualisation Pseudo Mercator", AUTHORITY["EPSG","1024"]], 
  PARAMETER["semi_minor", 6378137.0], 
  PARAMETER["latitude_of_origin", 0.0], 
  PARAMETER["central_meridian", 0.0], 
  PARAMETER["scale_factor", 1.0], 
  PARAMETER["false_easting", 0.0], 
  PARAMETER["false_northing", 0.0], 
  UNIT["m", 1.0], 
  AXIS["Easting", EAST], 
  AXIS["Northing", NORTH], 
  AUTHORITY["EPSG","3857"]]
	Elevation = []
	Env = {}
	Exceptions = SE_XML
	FeatureId = null
	FeatureVersion = null
	Filter = null
	Format = image/png
	FormatOptions = {DPI=180}
	Get = true
	Height = 1664
	Interpolations = []
	Layers = [org.geoserver.wms.MapLayerInfo@349ab7]
	MaxFeatures = null
	Palette = null
	RawKvp = {FORMAT=image/png, CRS=EPSG:3857, STYLES=, WIDTH=1060, HEIGHT=1664, LAYERS=gis:poi, TILED=true, REQUEST=GetMap, FORMAT_OPTIONS=dpi:180, BBOX=5579120.859228415,7161979.216406961,5660144.109210702,7289170.4314734945, VERSION=1.3.0, SERVICE=WMS, TRANSPARENT=TRUE}
	RemoteOwsType = null
	RemoteOwsURL = null
	Request = GetMap
	RequestCharset = UTF-8
	ScaleMethod = null
	Sld = null
	SldBody = null
	SldVersion = null
	SortBy = null
	SortByArrays = null
	SRS = urn:ogc:def:crs:EPSG::3857
	StartIndex = null
	StyleBody = null
	StyleFormat = sld
	Styles = [StyleImpl[ name=point]]
	StyleUrl = null
	StyleVersion = null
	Tiled = true
	TilesOrigin = null
	Time = []
	Transparent = true
	ValidateSchema = false
	Version = 1.3.0
	ViewParams = null
	Width = 1060
20 Apr 20:10:21 INFO   [geoserver.flow] - releasing flow controllers for [WMS 1.3.0 GetMap]
20 Apr 20:10:21 INFO   [geoserver.flow] - releasing flow controllers for [WMS 1.3.0 GetMap]
20 Apr 20:10:21 INFO   [geoserver.flow] - Request completed, running requests: 1, blocked requests: 0
20 Apr 20:10:21 INFO   [geoserver.flow] - Request completed, running requests: 0, blocked requests: 0
20 Apr 20:10:21 INFO   [geoserver.flow] - releasing flow controllers for [WMS 1.3.0 GetMap]
20 Apr 20:10:21 INFO   [geoserver.flow] - Request completed, running requests: 0, blocked requests: 0
20 Apr 20:10:23 INFO   [geoserver.wms] - 
Request: getServiceInfo
20 Apr 20:10:23 INFO   [geoserver.wms] - 
Request: getServiceInfo
20 Apr 20:10:23 INFO   [geoserver.wms] - 
Request: getServiceInfo
20 Apr 20:10:23 INFO   [geoserver.flow] - Request [WMS 1.3.0 GetMap] starting, processing through flow controllers
20 Apr 20:10:23 INFO   [geoserver.flow] - Request [WMS 1.3.0 GetMap] starting, processing through flow controllers
20 Apr 20:10:23 INFO   [geoserver.flow] - Request control-flow performed, running requests: 1, blocked requests: 1
20 Apr 20:10:23 INFO   [geoserver.flow] - Request [WMS 1.3.0 GetMap] starting, processing through flow controllers
20 Apr 20:10:23 INFO   [geoserver.flow] - Request control-flow performed, running requests: 2, blocked requests: 0
20 Apr 20:10:23 INFO   [geoserver.flow] - Request control-flow performed, running requests: 3, blocked requests: 0
20 Apr 20:10:24 INFO   [geoserver.wms] - 
Request: getServiceInfo
20 Apr 20:10:24 INFO   [geoserver.wms] - 
Request: getServiceInfo
20 Apr 20:10:24 INFO   [geoserver.wms] - 
Request: getServiceInfo
20 Apr 20:10:24 INFO   [geoserver.wms] - 
Request: getMap
	Angle = 0.0
	BaseUrl = http://localhost:8080/geoserver/
	Bbox = SRSEnvelope[5569948.415834199 : 5650971.665816485, 7158539.550134131 : 7285730.765200664]
	BgColor = java.awt.Color[r=255,g=255,b=255]
	Buffer = 0
	Clip = null
	CQLFilter = null
	Crs = PROJCS["WGS 84 / Pseudo-Mercator", 
  GEOGCS["WGS 84", 
    DATUM["World Geodetic System 1984", 
      SPHEROID["WGS 84", 6378137.0, 298.257223563, AUTHORITY["EPSG","7030"]], 
      AUTHORITY["EPSG","6326"]], 
    PRIMEM["Greenwich", 0.0, AUTHORITY["EPSG","8901"]], 
    UNIT["degree", 0.017453292519943295], 
    AXIS["Geodetic latitude", NORTH], 
    AXIS["Geodetic longitude", EAST], 
    AUTHORITY["EPSG","4326"]], 
  PROJECTION["Popular Visualisation Pseudo Mercator", AUTHORITY["EPSG","1024"]], 
  PARAMETER["semi_minor", 6378137.0], 
  PARAMETER["latitude_of_origin", 0.0], 
  PARAMETER["central_meridian", 0.0], 
  PARAMETER["scale_factor", 1.0], 
  PARAMETER["false_easting", 0.0], 
  PARAMETER["false_northing", 0.0], 
  UNIT["m", 1.0], 
  AXIS["Easting", EAST], 
  AXIS["Northing", NORTH], 
  AUTHORITY["EPSG","3857"]]
	Elevation = []
	Env = {}
	Exceptions = SE_XML
	FeatureId = null
	FeatureVersion = null
	Filter = null
	Format = image/png
	FormatOptions = {DPI=180}
	Get = true
	Height = 1664
	Interpolations = []
	Layers = [org.geoserver.wms.MapLayerInfo@349ab7]
	MaxFeatures = null
	Palette = null
	RawKvp = {FORMAT=image/png, CRS=EPSG:3857, STYLES=, WIDTH=1060, HEIGHT=1664, LAYERS=gis:poi, TILED=true, REQUEST=GetMap, FORMAT_OPTIONS=dpi:180, BBOX=5569948.415834199,7158539.550134131,5650971.665816485,7285730.765200664, VERSION=1.3.0, SERVICE=WMS, TRANSPARENT=TRUE}
	RemoteOwsType = null
	RemoteOwsURL = null
	Request = GetMap
	RequestCharset = UTF-8
	ScaleMethod = null
	Sld = null
	SldBody = null
	SldVersion = null
	SortBy = null
	SortByArrays = null
	SRS = urn:ogc:def:crs:EPSG::3857
	StartIndex = null
	StyleBody = null
	StyleFormat = sld
	Styles = [StyleImpl[ name=point]]
	StyleUrl = null
	StyleVersion = null
	Tiled = true
	TilesOrigin = null
	Time = []
	Transparent = true
	ValidateSchema = false
	Version = 1.3.0
	ViewParams = null
	Width = 1060
20 Apr 20:10:24 INFO   [geoserver.flow] - Request [WMS 1.3.0 GetMap] starting, processing through flow controllers
20 Apr 20:10:24 INFO   [geoserver.wms] - 
Request: getMap
	Angle = 0.0
	BaseUrl = http://localhost:8080/geoserver/
	Bbox = SRSEnvelope[5569948.415834199 : 5650971.665816485, 7158539.550134131 : 7285730.765200664]
	BgColor = java.awt.Color[r=255,g=255,b=255]
	Buffer = 0
	Clip = null
	CQLFilter = null
	Crs = PROJCS["WGS 84 / Pseudo-Mercator", 
  GEOGCS["WGS 84", 
    DATUM["World Geodetic System 1984", 
      SPHEROID["WGS 84", 6378137.0, 298.257223563, AUTHORITY["EPSG","7030"]], 
      AUTHORITY["EPSG","6326"]], 
    PRIMEM["Greenwich", 0.0, AUTHORITY["EPSG","8901"]], 
    UNIT["degree", 0.017453292519943295], 
    AXIS["Geodetic latitude", NORTH], 
    AXIS["Geodetic longitude", EAST], 
    AUTHORITY["EPSG","4326"]], 
  PROJECTION["Popular Visualisation Pseudo Mercator", AUTHORITY["EPSG","1024"]], 
  PARAMETER["semi_minor", 6378137.0], 
  PARAMETER["latitude_of_origin", 0.0], 
  PARAMETER["central_meridian", 0.0], 
  PARAMETER["scale_factor", 1.0], 
  PARAMETER["false_easting", 0.0], 
  PARAMETER["false_northing", 0.0], 
  UNIT["m", 1.0], 
  AXIS["Easting", EAST], 
  AXIS["Northing", NORTH], 
  AUTHORITY["EPSG","3857"]]
	Elevation = []
	Env = {}
	Exceptions = SE_XML
	FeatureId = null
	FeatureVersion = null
	Filter = null
	Format = image/png
	FormatOptions = {DPI=180}
	Get = true
	Height = 1664
	Interpolations = []
	Layers = [org.geoserver.wms.MapLayerInfo@e4804762]
	MaxFeatures = null
	Palette = null
	RawKvp = {FORMAT=image/png, CRS=EPSG:3857, STYLES=, WIDTH=1060, HEIGHT=1664, LAYERS=gis:buildings, TILED=true, REQUEST=GetMap, FORMAT_OPTIONS=dpi:180, BBOX=5569948.415834199,7158539.550134131,5650971.665816485,7285730.765200664, VERSION=1.3.0, SERVICE=WMS, TRANSPARENT=TRUE}
	RemoteOwsType = null
	RemoteOwsURL = null
	Request = GetMap
	RequestCharset = UTF-8
	ScaleMethod = null
	Sld = null
	SldBody = null
	SldVersion = null
	SortBy = null
	SortByArrays = null
	SRS = urn:ogc:def:crs:EPSG::3857
	StartIndex = null
	StyleBody = null
	StyleFormat = sld
	Styles = [StyleImpl[ name=polygon]]
	StyleUrl = null
	StyleVersion = null
	Tiled = true
	TilesOrigin = null
	Time = []
	Transparent = true
	ValidateSchema = false
	Version = 1.3.0
	ViewParams = null
	Width = 1060
20 Apr 20:10:24 INFO   [geoserver.flow] - Request [WMS 1.3.0 GetMap] starting, processing through flow controllers
20 Apr 20:10:24 INFO   [geoserver.wms] - 
Request: getMap
	Angle = 0.0
	BaseUrl = http://localhost:8080/geoserver/
	Bbox = SRSEnvelope[5569948.415834199 : 5650971.665816485, 7158539.550134131 : 7285730.765200664]
	BgColor = java.awt.Color[r=255,g=255,b=255]
	Buffer = 0
	Clip = null
	CQLFilter = null
	Crs = PROJCS["WGS 84 / Pseudo-Mercator", 
  GEOGCS["WGS 84", 
    DATUM["World Geodetic System 1984", 
      SPHEROID["WGS 84", 6378137.0, 298.257223563, AUTHORITY["EPSG","7030"]], 
      AUTHORITY["EPSG","6326"]], 
    PRIMEM["Greenwich", 0.0, AUTHORITY["EPSG","8901"]], 
    UNIT["degree", 0.017453292519943295], 
    AXIS["Geodetic latitude", NORTH], 
    AXIS["Geodetic longitude", EAST], 
    AUTHORITY["EPSG","4326"]], 
  PROJECTION["Popular Visualisation Pseudo Mercator", AUTHORITY["EPSG","1024"]], 
  PARAMETER["semi_minor", 6378137.0], 
  PARAMETER["latitude_of_origin", 0.0], 
  PARAMETER["central_meridian", 0.0], 
  PARAMETER["scale_factor", 1.0], 
  PARAMETER["false_easting", 0.0], 
  PARAMETER["false_northing", 0.0], 
  UNIT["m", 1.0], 
  AXIS["Easting", EAST], 
  AXIS["Northing", NORTH], 
  AUTHORITY["EPSG","3857"]]
	Elevation = []
	Env = {}
	Exceptions = SE_XML
	FeatureId = null
	FeatureVersion = null
	Filter = null
	Format = image/png
	FormatOptions = {DPI=180}
	Get = true
	Height = 1664
	Interpolations = []
	Layers = [org.geoserver.wms.MapLayerInfo@c8d248ce]
	MaxFeatures = null
	Palette = null
	RawKvp = {FORMAT=image/png, CRS=EPSG:3857, STYLES=, WIDTH=1060, HEIGHT=1664, LAYERS=gis:roads, TILED=true, REQUEST=GetMap, FORMAT_OPTIONS=dpi:180, BBOX=5569948.415834199,7158539.550134131,5650971.665816485,7285730.765200664, VERSION=1.3.0, SERVICE=WMS, TRANSPARENT=TRUE}
	RemoteOwsType = null
	RemoteOwsURL = null
	Request = GetMap
	RequestCharset = UTF-8
	ScaleMethod = null
	Sld = null
	SldBody = null
	SldVersion = null
	SortBy = null
	SortByArrays = null
	SRS = urn:ogc:def:crs:EPSG::3857
	StartIndex = null
	StyleBody = null
	StyleFormat = sld
	Styles = [StyleImpl[ name=line]]
	StyleUrl = null
	StyleVersion = null
	Tiled = true
	TilesOrigin = null
	Time = []
	Transparent = true
	ValidateSchema = false
	Version = 1.3.0
	ViewParams = null
	Width = 1060
20 Apr 20:10:24 INFO   [geoserver.flow] - Request control-flow performed, running requests: 4, blocked requests: 1
20 Apr 20:10:24 INFO   [geoserver.flow] - Request control-flow performed, running requests: 5, blocked requests: 1
20 Apr 20:10:24 INFO   [geoserver.flow] - Request [WMS 1.3.0 GetMap] starting, processing through flow controllers
20 Apr 20:10:24 INFO   [geoserver.flow] - Request control-flow performed, running requests: 6, blocked requests: 0
20 Apr 20:10:24 INFO   [geoserver.flow] - releasing flow controllers for [WMS 1.3.0 GetMap]
20 Apr 20:10:24 INFO   [geoserver.flow] - Request completed, running requests: 5, blocked requests: 0
20 Apr 20:10:24 INFO   [geoserver.flow] - releasing flow controllers for [WMS 1.3.0 GetMap]
20 Apr 20:10:24 INFO   [geoserver.flow] - Request completed, running requests: 4, blocked requests: 0
20 Apr 20:10:24 INFO   [geoserver.flow] - releasing flow controllers for [WMS 1.3.0 GetMap]
20 Apr 20:10:24 INFO   [geoserver.flow] - Request completed, running requests: 3, blocked requests: 0
20 Apr 20:10:24 INFO   [geoserver.wms] - 
Request: getServiceInfo
20 Apr 20:10:24 INFO   [geoserver.wms] - 
Request: getServiceInfo
20 Apr 20:10:24 INFO   [geoserver.flow] - Request [WMS 1.3.0 GetMap] starting, processing through flow controllers
20 Apr 20:10:24 INFO   [geoserver.flow] - Request control-flow performed, running requests: 4, blocked requests: 1
20 Apr 20:10:24 INFO   [geoserver.flow] - Request [WMS 1.3.0 GetMap] starting, processing through flow controllers
20 Apr 20:10:24 INFO   [geoserver.flow] - Request control-flow performed, running requests: 5, blocked requests: 0
20 Apr 20:10:24 INFO   [geoserver.wms] - 
Request: getServiceInfo
20 Apr 20:10:24 INFO   [geoserver.flow] - Request [WMS 1.3.0 GetMap] starting, processing through flow controllers
20 Apr 20:10:24 INFO   [geoserver.flow] - Request control-flow performed, running requests: 6, blocked requests: 0
20 Apr 20:10:24 INFO   [geoserver.wms] - 
Request: getMap
	Angle = 0.0
	BaseUrl = http://localhost:8080/geoserver/
	Bbox = SRSEnvelope[5587995.855479666 : 5638063.950082994, 7182836.4268089365 : 7261433.8885258585]
	BgColor = java.awt.Color[r=255,g=255,b=255]
	Buffer = 0
	Clip = null
	CQLFilter = null
	Crs = PROJCS["WGS 84 / Pseudo-Mercator", 
  GEOGCS["WGS 84", 
    DATUM["World Geodetic System 1984", 
      SPHEROID["WGS 84", 6378137.0, 298.257223563, AUTHORITY["EPSG","7030"]], 
      AUTHORITY["EPSG","6326"]], 
    PRIMEM["Greenwich", 0.0, AUTHORITY["EPSG","8901"]], 
    UNIT["degree", 0.017453292519943295], 
    AXIS["Geodetic latitude", NORTH], 
    AXIS["Geodetic longitude", EAST], 
    AUTHORITY["EPSG","4326"]], 
  PROJECTION["Popular Visualisation Pseudo Mercator", AUTHORITY["EPSG","1024"]], 
  PARAMETER["semi_minor", 6378137.0], 
  PARAMETER["latitude_of_origin", 0.0], 
  PARAMETER["central_meridian", 0.0], 
  PARAMETER["scale_factor", 1.0], 
  PARAMETER["false_easting", 0.0], 
  PARAMETER["false_northing", 0.0], 
  UNIT["m", 1.0], 
  AXIS["Easting", EAST], 
  AXIS["Northing", NORTH], 
  AUTHORITY["EPSG","3857"]]
	Elevation = []
	Env = {}
	Exceptions = SE_XML
	FeatureId = null
	FeatureVersion = null
	Filter = null
	Format = image/png
	FormatOptions = {DPI=180}
	Get = true
	Height = 1664
	Interpolations = []
	Layers = [org.geoserver.wms.MapLayerInfo@c8d248ce]
	MaxFeatures = null
	Palette = null
	RawKvp = {FORMAT=image/png, CRS=EPSG:3857, STYLES=, WIDTH=1060, HEIGHT=1664, LAYERS=gis:roads, TILED=true, REQUEST=GetMap, FORMAT_OPTIONS=dpi:180, BBOX=5587995.855479666,7182836.4268089365,5638063.950082994,7261433.8885258585, VERSION=1.3.0, SERVICE=WMS, TRANSPARENT=TRUE}
	RemoteOwsType = null
	RemoteOwsURL = null
	Request = GetMap
	RequestCharset = UTF-8
	ScaleMethod = null
	Sld = null
	SldBody = null
	SldVersion = null
	SortBy = null
	SortByArrays = null
	SRS = urn:ogc:def:crs:EPSG::3857
	StartIndex = null
	StyleBody = null
	StyleFormat = sld
	Styles = [StyleImpl[ name=line]]
	StyleUrl = null
	StyleVersion = null
	Tiled = true
	TilesOrigin = null
	Time = []
	Transparent = true
	ValidateSchema = false
	Version = 1.3.0
	ViewParams = null
	Width = 1060
20 Apr 20:10:24 INFO   [geoserver.wms] - 
Request: getMap
	Angle = 0.0
	BaseUrl = http://localhost:8080/geoserver/
	Bbox = SRSEnvelope[5587995.855479666 : 5638063.950082994, 7182836.4268089365 : 7261433.8885258585]
	BgColor = java.awt.Color[r=255,g=255,b=255]
	Buffer = 0
	Clip = null
	CQLFilter = null
	Crs = PROJCS["WGS 84 / Pseudo-Mercator", 
  GEOGCS["WGS 84", 
    DATUM["World Geodetic System 1984", 
      SPHEROID["WGS 84", 6378137.0, 298.257223563, AUTHORITY["EPSG","7030"]], 
      AUTHORITY["EPSG","6326"]], 
    PRIMEM["Greenwich", 0.0, AUTHORITY["EPSG","8901"]], 
    UNIT["degree", 0.017453292519943295], 
    AXIS["Geodetic latitude", NORTH], 
    AXIS["Geodetic longitude", EAST], 
    AUTHORITY["EPSG","4326"]], 
  PROJECTION["Popular Visualisation Pseudo Mercator", AUTHORITY["EPSG","1024"]], 
  PARAMETER["semi_minor", 6378137.0], 
  PARAMETER["latitude_of_origin", 0.0], 
  PARAMETER["central_meridian", 0.0], 
  PARAMETER["scale_factor", 1.0], 
  PARAMETER["false_easting", 0.0], 
  PARAMETER["false_northing", 0.0], 
  UNIT["m", 1.0], 
  AXIS["Easting", EAST], 
  AXIS["Northing", NORTH], 
  AUTHORITY["EPSG","3857"]]
	Elevation = []
	Env = {}
	Exceptions = SE_XML
	FeatureId = null
	FeatureVersion = null
	Filter = null
	Format = image/png
	FormatOptions = {DPI=180}
	Get = true
	Height = 1664
	Interpolations = []
	Layers = [org.geoserver.wms.MapLayerInfo@349ab7]
	MaxFeatures = null
	Palette = null
	RawKvp = {FORMAT=image/png, CRS=EPSG:3857, STYLES=, WIDTH=1060, HEIGHT=1664, LAYERS=gis:poi, TILED=true, REQUEST=GetMap, FORMAT_OPTIONS=dpi:180, BBOX=5587995.855479666,7182836.4268089365,5638063.950082994,7261433.8885258585, VERSION=1.3.0, SERVICE=WMS, TRANSPARENT=TRUE}
	RemoteOwsType = null
	RemoteOwsURL = null
	Request = GetMap
	RequestCharset = UTF-8
	ScaleMethod = null
	Sld = null
	SldBody = null
	SldVersion = null
	SortBy = null
	SortByArrays = null
	SRS = urn:ogc:def:crs:EPSG::3857
	StartIndex = null
	StyleBody = null
	StyleFormat = sld
	Styles = [StyleImpl[ name=point]]
	StyleUrl = null
	StyleVersion = null
	Tiled = true
	TilesOrigin = null
	Time = []
	Transparent = true
	ValidateSchema = false
	Version = 1.3.0
	ViewParams = null
	Width = 1060
20 Apr 20:10:24 INFO   [geoserver.wms] - 
Request: getMap
	Angle = 0.0
	BaseUrl = http://localhost:8080/geoserver/
	Bbox = SRSEnvelope[5587995.855479666 : 5638063.950082994, 7182836.4268089365 : 7261433.8885258585]
	BgColor = java.awt.Color[r=255,g=255,b=255]
	Buffer = 0
	Clip = null
	CQLFilter = null
	Crs = PROJCS["WGS 84 / Pseudo-Mercator", 
  GEOGCS["WGS 84", 
    DATUM["World Geodetic System 1984", 
      SPHEROID["WGS 84", 6378137.0, 298.257223563, AUTHORITY["EPSG","7030"]], 
      AUTHORITY["EPSG","6326"]], 
    PRIMEM["Greenwich", 0.0, AUTHORITY["EPSG","8901"]], 
    UNIT["degree", 0.017453292519943295], 
    AXIS["Geodetic latitude", NORTH], 
    AXIS["Geodetic longitude", EAST], 
    AUTHORITY["EPSG","4326"]], 
  PROJECTION["Popular Visualisation Pseudo Mercator", AUTHORITY["EPSG","1024"]], 
  PARAMETER["semi_minor", 6378137.0], 
  PARAMETER["latitude_of_origin", 0.0], 
  PARAMETER["central_meridian", 0.0], 
  PARAMETER["scale_factor", 1.0], 
  PARAMETER["false_easting", 0.0], 
  PARAMETER["false_northing", 0.0], 
  UNIT["m", 1.0], 
  AXIS["Easting", EAST], 
  AXIS["Northing", NORTH], 
  AUTHORITY["EPSG","3857"]]
	Elevation = []
	Env = {}
	Exceptions = SE_XML
	FeatureId = null
	FeatureVersion = null
	Filter = null
	Format = image/png
	FormatOptions = {DPI=180}
	Get = true
	Height = 1664
	Interpolations = []
	Layers = [org.geoserver.wms.MapLayerInfo@e4804762]
	MaxFeatures = null
	Palette = null
	RawKvp = {FORMAT=image/png, CRS=EPSG:3857, STYLES=, WIDTH=1060, HEIGHT=1664, LAYERS=gis:buildings, TILED=true, REQUEST=GetMap, FORMAT_OPTIONS=dpi:180, BBOX=5587995.855479666,7182836.4268089365,5638063.950082994,7261433.8885258585, VERSION=1.3.0, SERVICE=WMS, TRANSPARENT=TRUE}
	RemoteOwsType = null
	RemoteOwsURL = null
	Request = GetMap
	RequestCharset = UTF-8
	ScaleMethod = null
	Sld = null
	SldBody = null
	SldVersion = null
	SortBy = null
	SortByArrays = null
	SRS = urn:ogc:def:crs:EPSG::3857
	StartIndex = null
	StyleBody = null
	StyleFormat = sld
	Styles = [StyleImpl[ name=polygon]]
	StyleUrl = null
	StyleVersion = null
	Tiled = true
	TilesOrigin = null
	Time = []
	Transparent = true
	ValidateSchema = false
	Version = 1.3.0
	ViewParams = null
	Width = 1060
20 Apr 20:10:24 INFO   [geoserver.wms] - 
Request: getMap
	Angle = 0.0
	BaseUrl = http://localhost:8080/geoserver/
	Bbox = SRSEnvelope[5598967.762206119 : 5629907.203635039, 7197850.614960924 : 7246419.700373871]
	BgColor = java.awt.Color[r=255,g=255,b=255]
	Buffer = 0
	Clip = null
	CQLFilter = null
	Crs = PROJCS["WGS 84 / Pseudo-Mercator", 
  GEOGCS["WGS 84", 
    DATUM["World Geodetic System 1984", 
      SPHEROID["WGS 84", 6378137.0, 298.257223563, AUTHORITY["EPSG","7030"]], 
      AUTHORITY["EPSG","6326"]], 
    PRIMEM["Greenwich", 0.0, AUTHORITY["EPSG","8901"]], 
    UNIT["degree", 0.017453292519943295], 
    AXIS["Geodetic latitude", NORTH], 
    AXIS["Geodetic longitude", EAST], 
    AUTHORITY["EPSG","4326"]], 
  PROJECTION["Popular Visualisation Pseudo Mercator", AUTHORITY["EPSG","1024"]], 
  PARAMETER["semi_minor", 6378137.0], 
  PARAMETER["latitude_of_origin", 0.0], 
  PARAMETER["central_meridian", 0.0], 
  PARAMETER["scale_factor", 1.0], 
  PARAMETER["false_easting", 0.0], 
  PARAMETER["false_northing", 0.0], 
  UNIT["m", 1.0], 
  AXIS["Easting", EAST], 
  AXIS["Northing", NORTH], 
  AUTHORITY["EPSG","3857"]]
	Elevation = []
	Env = {}
	Exceptions = SE_XML
	FeatureId = null
	FeatureVersion = null
	Filter = null
	Format = image/png
	FormatOptions = {DPI=180}
	Get = true
	Height = 1664
	Interpolations = []
	Layers = [org.geoserver.wms.MapLayerInfo@e4804762]
	MaxFeatures = null
	Palette = null
	RawKvp = {FORMAT=image/png, CRS=EPSG:3857, STYLES=, WIDTH=1060, HEIGHT=1664, LAYERS=gis:buildings, TILED=true, REQUEST=GetMap, FORMAT_OPTIONS=dpi:180, BBOX=5598967.762206119,7197850.614960924,5629907.203635039,7246419.700373871, VERSION=1.3.0, SERVICE=WMS, TRANSPARENT=TRUE}
	RemoteOwsType = null
	RemoteOwsURL = null
	Request = GetMap
	RequestCharset = UTF-8
	ScaleMethod = null
	Sld = null
	SldBody = null
	SldVersion = null
	SortBy = null
	SortByArrays = null
	SRS = urn:ogc:def:crs:EPSG::3857
	StartIndex = null
	StyleBody = null
	StyleFormat = sld
	Styles = [StyleImpl[ name=polygon]]
	StyleUrl = null
	StyleVersion = null
	Tiled = true
	TilesOrigin = null
	Time = []
	Transparent = true
	ValidateSchema = false
	Version = 1.3.0
	ViewParams = null
	Width = 1060
20 Apr 20:10:24 INFO   [geoserver.flow] - releasing flow controllers for [WMS 1.3.0 GetMap]
20 Apr 20:10:24 INFO   [geoserver.flow] - Request completed, running requests: 5, blocked requests: 0
20 Apr 20:10:24 INFO   [geoserver.flow] - releasing flow controllers for [WMS 1.3.0 GetMap]
20 Apr 20:10:24 INFO   [geoserver.flow] - Request completed, running requests: 4, blocked requests: 0
20 Apr 20:10:25 INFO   [geoserver.wms] - 
Request: getMap
	Angle = 0.0
	BaseUrl = http://localhost:8080/geoserver/
	Bbox = SRSEnvelope[5598967.762206119 : 5629907.203635039, 7197850.614960924 : 7246419.700373871]
	BgColor = java.awt.Color[r=255,g=255,b=255]
	Buffer = 0
	Clip = null
	CQLFilter = null
	Crs = PROJCS["WGS 84 / Pseudo-Mercator", 
  GEOGCS["WGS 84", 
    DATUM["World Geodetic System 1984", 
      SPHEROID["WGS 84", 6378137.0, 298.257223563, AUTHORITY["EPSG","7030"]], 
      AUTHORITY["EPSG","6326"]], 
    PRIMEM["Greenwich", 0.0, AUTHORITY["EPSG","8901"]], 
    UNIT["degree", 0.017453292519943295], 
    AXIS["Geodetic latitude", NORTH], 
    AXIS["Geodetic longitude", EAST], 
    AUTHORITY["EPSG","4326"]], 
  PROJECTION["Popular Visualisation Pseudo Mercator", AUTHORITY["EPSG","1024"]], 
  PARAMETER["semi_minor", 6378137.0], 
  PARAMETER["latitude_of_origin", 0.0], 
  PARAMETER["central_meridian", 0.0], 
  PARAMETER["scale_factor", 1.0], 
  PARAMETER["false_easting", 0.0], 
  PARAMETER["false_northing", 0.0], 
  UNIT["m", 1.0], 
  AXIS["Easting", EAST], 
  AXIS["Northing", NORTH], 
  AUTHORITY["EPSG","3857"]]
	Elevation = []
	Env = {}
	Exceptions = SE_XML
	FeatureId = null
	FeatureVersion = null
	Filter = null
	Format = image/png
	FormatOptions = {DPI=180}
	Get = true
	Height = 1664
	Interpolations = []
	Layers = [org.geoserver.wms.MapLayerInfo@c8d248ce]
	MaxFeatures = null
	Palette = null
	RawKvp = {FORMAT=image/png, CRS=EPSG:3857, STYLES=, WIDTH=1060, HEIGHT=1664, LAYERS=gis:roads, TILED=true, REQUEST=GetMap, FORMAT_OPTIONS=dpi:180, BBOX=5598967.762206119,7197850.614960924,5629907.203635039,7246419.700373871, VERSION=1.3.0, SERVICE=WMS, TRANSPARENT=TRUE}
	RemoteOwsType = null
	RemoteOwsURL = null
	Request = GetMap
	RequestCharset = UTF-8
	ScaleMethod = null
	Sld = null
	SldBody = null
	SldVersion = null
	SortBy = null
	SortByArrays = null
	SRS = urn:ogc:def:crs:EPSG::3857
	StartIndex = null
	StyleBody = null
	StyleFormat = sld
	Styles = [StyleImpl[ name=line]]
	StyleUrl = null
	StyleVersion = null
	Tiled = true
	TilesOrigin = null
	Time = []
	Transparent = true
	ValidateSchema = false
	Version = 1.3.0
	ViewParams = null
	Width = 1060
20 Apr 20:10:25 INFO   [geoserver.wms] - 
Request: getServiceInfo
20 Apr 20:10:25 INFO   [geoserver.flow] - releasing flow controllers for [WMS 1.3.0 GetMap]
20 Apr 20:10:25 INFO   [geoserver.flow] - Request completed, running requests: 3, blocked requests: 0
20 Apr 20:10:25 INFO   [geoserver.flow] - Request [WMS 1.3.0 GetMap] starting, processing through flow controllers
20 Apr 20:10:25 INFO   [geoserver.flow] - Request control-flow performed, running requests: 4, blocked requests: 0
20 Apr 20:10:25 INFO   [geoserver.wms] - 
Request: getMap
	Angle = 0.0
	BaseUrl = http://localhost:8080/geoserver/
	Bbox = SRSEnvelope[5598967.762206119 : 5629907.203635039, 7197850.614960924 : 7246419.700373871]
	BgColor = java.awt.Color[r=255,g=255,b=255]
	Buffer = 0
	Clip = null
	CQLFilter = null
	Crs = PROJCS["WGS 84 / Pseudo-Mercator", 
  GEOGCS["WGS 84", 
    DATUM["World Geodetic System 1984", 
      SPHEROID["WGS 84", 6378137.0, 298.257223563, AUTHORITY["EPSG","7030"]], 
      AUTHORITY["EPSG","6326"]], 
    PRIMEM["Greenwich", 0.0, AUTHORITY["EPSG","8901"]], 
    UNIT["degree", 0.017453292519943295], 
    AXIS["Geodetic latitude", NORTH], 
    AXIS["Geodetic longitude", EAST], 
    AUTHORITY["EPSG","4326"]], 
  PROJECTION["Popular Visualisation Pseudo Mercator", AUTHORITY["EPSG","1024"]], 
  PARAMETER["semi_minor", 6378137.0], 
  PARAMETER["latitude_of_origin", 0.0], 
  PARAMETER["central_meridian", 0.0], 
  PARAMETER["scale_factor", 1.0], 
  PARAMETER["false_easting", 0.0], 
  PARAMETER["false_northing", 0.0], 
  UNIT["m", 1.0], 
  AXIS["Easting", EAST], 
  AXIS["Northing", NORTH], 
  AUTHORITY["EPSG","3857"]]
	Elevation = []
	Env = {}
	Exceptions = SE_XML
	FeatureId = null
	FeatureVersion = null
	Filter = null
	Format = image/png
	FormatOptions = {DPI=180}
	Get = true
	Height = 1664
	Interpolations = []
	Layers = [org.geoserver.wms.MapLayerInfo@349ab7]
	MaxFeatures = null
	Palette = null
	RawKvp = {FORMAT=image/png, CRS=EPSG:3857, STYLES=, WIDTH=1060, HEIGHT=1664, LAYERS=gis:poi, TILED=true, REQUEST=GetMap, FORMAT_OPTIONS=dpi:180, BBOX=5598967.762206119,7197850.614960924,5629907.203635039,7246419.700373871, VERSION=1.3.0, SERVICE=WMS, TRANSPARENT=TRUE}
	RemoteOwsType = null
	RemoteOwsURL = null
	Request = GetMap
	RequestCharset = UTF-8
	ScaleMethod = null
	Sld = null
	SldBody = null
	SldVersion = null
	SortBy = null
	SortByArrays = null
	SRS = urn:ogc:def:crs:EPSG::3857
	StartIndex = null
	StyleBody = null
	StyleFormat = sld
	Styles = [StyleImpl[ name=point]]
	StyleUrl = null
	StyleVersion = null
	Tiled = true
	TilesOrigin = null
	Time = []
	Transparent = true
	ValidateSchema = false
	Version = 1.3.0
	ViewParams = null
	Width = 1060
20 Apr 20:10:25 INFO   [geoserver.wms] - 
Request: getServiceInfo
20 Apr 20:10:25 INFO   [geoserver.flow] - Request [WMS 1.3.0 GetMap] starting, processing through flow controllers
20 Apr 20:10:25 INFO   [geoserver.flow] - Request control-flow performed, running requests: 5, blocked requests: 0
20 Apr 20:10:25 INFO   [geoserver.wms] - 
Request: getServiceInfo
20 Apr 20:10:25 INFO   [geoserver.flow] - Request [WMS 1.3.0 GetMap] starting, processing through flow controllers
20 Apr 20:10:25 INFO   [geoserver.flow] - Request control-flow performed, running requests: 6, blocked requests: 0
20 Apr 20:10:25 INFO   [geoserver.flow] - releasing flow controllers for [WMS 1.3.0 GetMap]
20 Apr 20:10:25 INFO   [geoserver.flow] - Request completed, running requests: 5, blocked requests: 0
20 Apr 20:10:25 INFO   [geoserver.flow] - releasing flow controllers for [WMS 1.3.0 GetMap]
20 Apr 20:10:25 INFO   [geoserver.flow] - Request completed, running requests: 4, blocked requests: 0
20 Apr 20:10:25 INFO   [geoserver.wms] - 
Request: getServiceInfo
20 Apr 20:10:25 INFO   [geoserver.flow] - Request [WMS 1.3.0 GetMap] starting, processing through flow controllers
20 Apr 20:10:25 INFO   [geoserver.flow] - Request control-flow performed, running requests: 5, blocked requests: 0
20 Apr 20:10:25 INFO   [geoserver.wms] - 
Request: getServiceInfo
20 Apr 20:10:25 INFO   [geoserver.wms] - 
Request: getMap
	Angle = 0.0
	BaseUrl = http://localhost:8080/geoserver/
	Bbox = SRSEnvelope[5607112.922056206 : 5624477.097068312, 7208890.124065918 : 7236148.602575489]
	BgColor = java.awt.Color[r=255,g=255,b=255]
	Buffer = 0
	Clip = null
	CQLFilter = null
	Crs = PROJCS["WGS 84 / Pseudo-Mercator", 
  GEOGCS["WGS 84", 
    DATUM["World Geodetic System 1984", 
      SPHEROID["WGS 84", 6378137.0, 298.257223563, AUTHORITY["EPSG","7030"]], 
      AUTHORITY["EPSG","6326"]], 
    PRIMEM["Greenwich", 0.0, AUTHORITY["EPSG","8901"]], 
    UNIT["degree", 0.017453292519943295], 
    AXIS["Geodetic latitude", NORTH], 
    AXIS["Geodetic longitude", EAST], 
    AUTHORITY["EPSG","4326"]], 
  PROJECTION["Popular Visualisation Pseudo Mercator", AUTHORITY["EPSG","1024"]], 
  PARAMETER["semi_minor", 6378137.0], 
  PARAMETER["latitude_of_origin", 0.0], 
  PARAMETER["central_meridian", 0.0], 
  PARAMETER["scale_factor", 1.0], 
  PARAMETER["false_easting", 0.0], 
  PARAMETER["false_northing", 0.0], 
  UNIT["m", 1.0], 
  AXIS["Easting", EAST], 
  AXIS["Northing", NORTH], 
  AUTHORITY["EPSG","3857"]]
	Elevation = []
	Env = {}
	Exceptions = SE_XML
	FeatureId = null
	FeatureVersion = null
	Filter = null
	Format = image/png
	FormatOptions = {DPI=180}
	Get = true
	Height = 1664
	Interpolations = []
	Layers = [org.geoserver.wms.MapLayerInfo@c8d248ce]
	MaxFeatures = null
	Palette = null
	RawKvp = {FORMAT=image/png, CRS=EPSG:3857, STYLES=, WIDTH=1060, HEIGHT=1664, LAYERS=gis:roads, TILED=true, REQUEST=GetMap, FORMAT_OPTIONS=dpi:180, BBOX=5607112.922056206,7208890.124065918,5624477.097068312,7236148.602575489, VERSION=1.3.0, SERVICE=WMS, TRANSPARENT=TRUE}
	RemoteOwsType = null
	RemoteOwsURL = null
	Request = GetMap
	RequestCharset = UTF-8
	ScaleMethod = null
	Sld = null
	SldBody = null
	SldVersion = null
	SortBy = null
	SortByArrays = null
	SRS = urn:ogc:def:crs:EPSG::3857
	StartIndex = null
	StyleBody = null
	StyleFormat = sld
	Styles = [StyleImpl[ name=line]]
	StyleUrl = null
	StyleVersion = null
	Tiled = true
	TilesOrigin = null
	Time = []
	Transparent = true
	ValidateSchema = false
	Version = 1.3.0
	ViewParams = null
	Width = 1060
20 Apr 20:10:25 INFO   [geoserver.flow] - releasing flow controllers for [WMS 1.3.0 GetMap]
20 Apr 20:10:25 INFO   [geoserver.flow] - Request completed, running requests: 4, blocked requests: 0
20 Apr 20:10:25 INFO   [geoserver.flow] - Request [WMS 1.3.0 GetMap] starting, processing through flow controllers
20 Apr 20:10:25 INFO   [geoserver.wms] - 
Request: getMap
	Angle = 0.0
	BaseUrl = http://localhost:8080/geoserver/
	Bbox = SRSEnvelope[5607112.922056206 : 5624477.097068312, 7208890.124065918 : 7236148.602575489]
	BgColor = java.awt.Color[r=255,g=255,b=255]
	Buffer = 0
	Clip = null
	CQLFilter = null
	Crs = PROJCS["WGS 84 / Pseudo-Mercator", 
  GEOGCS["WGS 84", 
    DATUM["World Geodetic System 1984", 
      SPHEROID["WGS 84", 6378137.0, 298.257223563, AUTHORITY["EPSG","7030"]], 
      AUTHORITY["EPSG","6326"]], 
    PRIMEM["Greenwich", 0.0, AUTHORITY["EPSG","8901"]], 
    UNIT["degree", 0.017453292519943295], 
    AXIS["Geodetic latitude", NORTH], 
    AXIS["Geodetic longitude", EAST], 
    AUTHORITY["EPSG","4326"]], 
  PROJECTION["Popular Visualisation Pseudo Mercator", AUTHORITY["EPSG","1024"]], 
  PARAMETER["semi_minor", 6378137.0], 
  PARAMETER["latitude_of_origin", 0.0], 
  PARAMETER["central_meridian", 0.0], 
  PARAMETER["scale_factor", 1.0], 
  PARAMETER["false_easting", 0.0], 
  PARAMETER["false_northing", 0.0], 
  UNIT["m", 1.0], 
  AXIS["Easting", EAST], 
  AXIS["Northing", NORTH], 
  AUTHORITY["EPSG","3857"]]
	Elevation = []
	Env = {}
	Exceptions = SE_XML
	FeatureId = null
	FeatureVersion = null
	Filter = null
	Format = image/png
	FormatOptions = {DPI=180}
	Get = true
	Height = 1664
	Interpolations = []
	Layers = [org.geoserver.wms.MapLayerInfo@e4804762]
	MaxFeatures = null
	Palette = null
	RawKvp = {FORMAT=image/png, CRS=EPSG:3857, STYLES=, WIDTH=1060, HEIGHT=1664, LAYERS=gis:buildings, TILED=true, REQUEST=GetMap, FORMAT_OPTIONS=dpi:180, BBOX=5607112.922056206,7208890.124065918,5624477.097068312,7236148.602575489, VERSION=1.3.0, SERVICE=WMS, TRANSPARENT=TRUE}
	RemoteOwsType = null
	RemoteOwsURL = null
	Request = GetMap
	RequestCharset = UTF-8
	ScaleMethod = null
	Sld = null
	SldBody = null
	SldVersion = null
	SortBy = null
	SortByArrays = null
	SRS = urn:ogc:def:crs:EPSG::3857
	StartIndex = null
	StyleBody = null
	StyleFormat = sld
	Styles = [StyleImpl[ name=polygon]]
	StyleUrl = null
	StyleVersion = null
	Tiled = true
	TilesOrigin = null
	Time = []
	Transparent = true
	ValidateSchema = false
	Version = 1.3.0
	ViewParams = null
	Width = 1060
20 Apr 20:10:25 INFO   [geoserver.flow] - Request control-flow performed, running requests: 5, blocked requests: 0
20 Apr 20:10:25 INFO   [geoserver.wms] - 
Request: getServiceInfo
20 Apr 20:10:25 INFO   [geoserver.flow] - Request [WMS 1.3.0 GetMap] starting, processing through flow controllers
20 Apr 20:10:25 INFO   [geoserver.flow] - releasing flow controllers for [WMS 1.3.0 GetMap]
20 Apr 20:10:25 INFO   [geoserver.flow] - Request completed, running requests: 5, blocked requests: 0
20 Apr 20:10:25 INFO   [geoserver.flow] - Request control-flow performed, running requests: 5, blocked requests: 0
20 Apr 20:10:25 INFO   [geoserver.wms] - 
Request: getMap
	Angle = 0.0
	BaseUrl = http://localhost:8080/geoserver/
	Bbox = SRSEnvelope[5607112.922056206 : 5624477.097068312, 7208890.124065918 : 7236148.602575489]
	BgColor = java.awt.Color[r=255,g=255,b=255]
	Buffer = 0
	Clip = null
	CQLFilter = null
	Crs = PROJCS["WGS 84 / Pseudo-Mercator", 
  GEOGCS["WGS 84", 
    DATUM["World Geodetic System 1984", 
      SPHEROID["WGS 84", 6378137.0, 298.257223563, AUTHORITY["EPSG","7030"]], 
      AUTHORITY["EPSG","6326"]], 
    PRIMEM["Greenwich", 0.0, AUTHORITY["EPSG","8901"]], 
    UNIT["degree", 0.017453292519943295], 
    AXIS["Geodetic latitude", NORTH], 
    AXIS["Geodetic longitude", EAST], 
    AUTHORITY["EPSG","4326"]], 
  PROJECTION["Popular Visualisation Pseudo Mercator", AUTHORITY["EPSG","1024"]], 
  PARAMETER["semi_minor", 6378137.0], 
  PARAMETER["latitude_of_origin", 0.0], 
  PARAMETER["central_meridian", 0.0], 
  PARAMETER["scale_factor", 1.0], 
  PARAMETER["false_easting", 0.0], 
  PARAMETER["false_northing", 0.0], 
  UNIT["m", 1.0], 
  AXIS["Easting", EAST], 
  AXIS["Northing", NORTH], 
  AUTHORITY["EPSG","3857"]]
	Elevation = []
	Env = {}
	Exceptions = SE_XML
	FeatureId = null
	FeatureVersion = null
	Filter = null
	Format = image/png
	FormatOptions = {DPI=180}
	Get = true
	Height = 1664
	Interpolations = []
	Layers = [org.geoserver.wms.MapLayerInfo@349ab7]
	MaxFeatures = null
	Palette = null
	RawKvp = {FORMAT=image/png, CRS=EPSG:3857, STYLES=, WIDTH=1060, HEIGHT=1664, LAYERS=gis:poi, TILED=true, REQUEST=GetMap, FORMAT_OPTIONS=dpi:180, BBOX=5607112.922056206,7208890.124065918,5624477.097068312,7236148.602575489, VERSION=1.3.0, SERVICE=WMS, TRANSPARENT=TRUE}
	RemoteOwsType = null
	RemoteOwsURL = null
	Request = GetMap
	RequestCharset = UTF-8
	ScaleMethod = null
	Sld = null
	SldBody = null
	SldVersion = null
	SortBy = null
	SortByArrays = null
	SRS = urn:ogc:def:crs:EPSG::3857
	StartIndex = null
	StyleBody = null
	StyleFormat = sld
	Styles = [StyleImpl[ name=point]]
	StyleUrl = null
	StyleVersion = null
	Tiled = true
	TilesOrigin = null
	Time = []
	Transparent = true
	ValidateSchema = false
	Version = 1.3.0
	ViewParams = null
	Width = 1060
20 Apr 20:10:25 INFO   [geoserver.wms] - 
Request: getMap
	Angle = 0.0
	BaseUrl = http://localhost:8080/geoserver/
	Bbox = SRSEnvelope[5612359.8734602695 : 5622105.1875294885, 7215919.60142643 : 7231217.905776601]
	BgColor = java.awt.Color[r=255,g=255,b=255]
	Buffer = 0
	Clip = null
	CQLFilter = null
	Crs = PROJCS["WGS 84 / Pseudo-Mercator", 
  GEOGCS["WGS 84", 
    DATUM["World Geodetic System 1984", 
      SPHEROID["WGS 84", 6378137.0, 298.257223563, AUTHORITY["EPSG","7030"]], 
      AUTHORITY["EPSG","6326"]], 
    PRIMEM["Greenwich", 0.0, AUTHORITY["EPSG","8901"]], 
    UNIT["degree", 0.017453292519943295], 
    AXIS["Geodetic latitude", NORTH], 
    AXIS["Geodetic longitude", EAST], 
    AUTHORITY["EPSG","4326"]], 
  PROJECTION["Popular Visualisation Pseudo Mercator", AUTHORITY["EPSG","1024"]], 
  PARAMETER["semi_minor", 6378137.0], 
  PARAMETER["latitude_of_origin", 0.0], 
  PARAMETER["central_meridian", 0.0], 
  PARAMETER["scale_factor", 1.0], 
  PARAMETER["false_easting", 0.0], 
  PARAMETER["false_northing", 0.0], 
  UNIT["m", 1.0], 
  AXIS["Easting", EAST], 
  AXIS["Northing", NORTH], 
  AUTHORITY["EPSG","3857"]]
	Elevation = []
	Env = {}
	Exceptions = SE_XML
	FeatureId = null
	FeatureVersion = null
	Filter = null
	Format = image/png
	FormatOptions = {DPI=180}
	Get = true
	Height = 1664
	Interpolations = []
	Layers = [org.geoserver.wms.MapLayerInfo@e4804762]
	MaxFeatures = null
	Palette = null
	RawKvp = {FORMAT=image/png, CRS=EPSG:3857, STYLES=, WIDTH=1060, HEIGHT=1664, LAYERS=gis:buildings, TILED=true, REQUEST=GetMap, FORMAT_OPTIONS=dpi:180, BBOX=5612359.8734602695,7215919.60142643,5622105.1875294885,7231217.905776601, VERSION=1.3.0, SERVICE=WMS, TRANSPARENT=TRUE}
	RemoteOwsType = null
	RemoteOwsURL = null
	Request = GetMap
	RequestCharset = UTF-8
	ScaleMethod = null
	Sld = null
	SldBody = null
	SldVersion = null
	SortBy = null
	SortByArrays = null
	SRS = urn:ogc:def:crs:EPSG::3857
	StartIndex = null
	StyleBody = null
	StyleFormat = sld
	Styles = [StyleImpl[ name=polygon]]
	StyleUrl = null
	StyleVersion = null
	Tiled = true
	TilesOrigin = null
	Time = []
	Transparent = true
	ValidateSchema = false
	Version = 1.3.0
	ViewParams = null
	Width = 1060
20 Apr 20:10:25 INFO   [geoserver.wms] - 
Request: getServiceInfo
20 Apr 20:10:26 INFO   [geoserver.flow] - releasing flow controllers for [WMS 1.3.0 GetMap]
20 Apr 20:10:26 INFO   [geoserver.flow] - Request completed, running requests: 4, blocked requests: 1
20 Apr 20:10:26 INFO   [geoserver.flow] - Request [WMS 1.3.0 GetMap] starting, processing through flow controllers
20 Apr 20:10:26 INFO   [geoserver.flow] - Request control-flow performed, running requests: 5, blocked requests: 0
20 Apr 20:10:26 INFO   [geoserver.wms] - 
Request: getServiceInfo
20 Apr 20:10:26 INFO   [geoserver.flow] - releasing flow controllers for [WMS 1.3.0 GetMap]
20 Apr 20:10:26 INFO   [geoserver.flow] - Request [WMS 1.3.0 GetMap] starting, processing through flow controllers
20 Apr 20:10:26 INFO   [geoserver.flow] - Request control-flow performed, running requests: 5, blocked requests: 0
20 Apr 20:10:26 INFO   [geoserver.wms] - 
Request: getMap
	Angle = 0.0
	BaseUrl = http://localhost:8080/geoserver/
	Bbox = SRSEnvelope[5612359.8734602695 : 5622105.1875294885, 7215919.60142643 : 7231217.905776601]
	BgColor = java.awt.Color[r=255,g=255,b=255]
	Buffer = 0
	Clip = null
	CQLFilter = null
	Crs = PROJCS["WGS 84 / Pseudo-Mercator", 
  GEOGCS["WGS 84", 
    DATUM["World Geodetic System 1984", 
      SPHEROID["WGS 84", 6378137.0, 298.257223563, AUTHORITY["EPSG","7030"]], 
      AUTHORITY["EPSG","6326"]], 
    PRIMEM["Greenwich", 0.0, AUTHORITY["EPSG","8901"]], 
    UNIT["degree", 0.017453292519943295], 
    AXIS["Geodetic latitude", NORTH], 
    AXIS["Geodetic longitude", EAST], 
    AUTHORITY["EPSG","4326"]], 
  PROJECTION["Popular Visualisation Pseudo Mercator", AUTHORITY["EPSG","1024"]], 
  PARAMETER["semi_minor", 6378137.0], 
  PARAMETER["latitude_of_origin", 0.0], 
  PARAMETER["central_meridian", 0.0], 
  PARAMETER["scale_factor", 1.0], 
  PARAMETER["false_easting", 0.0], 
  PARAMETER["false_northing", 0.0], 
  UNIT["m", 1.0], 
  AXIS["Easting", EAST], 
  AXIS["Northing", NORTH], 
  AUTHORITY["EPSG","3857"]]
	Elevation = []
	Env = {}
	Exceptions = SE_XML
	FeatureId = null
	FeatureVersion = null
	Filter = null
	Format = image/png
	FormatOptions = {DPI=180}
	Get = true
	Height = 1664
	Interpolations = []
	Layers = [org.geoserver.wms.MapLayerInfo@c8d248ce]
	MaxFeatures = null
	Palette = null
	RawKvp = {FORMAT=image/png, CRS=EPSG:3857, STYLES=, WIDTH=1060, HEIGHT=1664, LAYERS=gis:roads, TILED=true, REQUEST=GetMap, FORMAT_OPTIONS=dpi:180, BBOX=5612359.8734602695,7215919.60142643,5622105.1875294885,7231217.905776601, VERSION=1.3.0, SERVICE=WMS, TRANSPARENT=TRUE}
	RemoteOwsType = null
	RemoteOwsURL = null
	Request = GetMap
	RequestCharset = UTF-8
	ScaleMethod = null
	Sld = null
	SldBody = null
	SldVersion = null
	SortBy = null
	SortByArrays = null
	SRS = urn:ogc:def:crs:EPSG::3857
	StartIndex = null
	StyleBody = null
	StyleFormat = sld
	Styles = [StyleImpl[ name=line]]
	StyleUrl = null
	StyleVersion = null
	Tiled = true
	TilesOrigin = null
	Time = []
	Transparent = true
	ValidateSchema = false
	Version = 1.3.0
	ViewParams = null
	Width = 1060
20 Apr 20:10:26 INFO   [geoserver.wms] - 
Request: getMap
	Angle = 0.0
	BaseUrl = http://localhost:8080/geoserver/
	Bbox = SRSEnvelope[5612359.8734602695 : 5622105.1875294885, 7215919.60142643 : 7231217.905776601]
	BgColor = java.awt.Color[r=255,g=255,b=255]
	Buffer = 0
	Clip = null
	CQLFilter = null
	Crs = PROJCS["WGS 84 / Pseudo-Mercator", 
  GEOGCS["WGS 84", 
    DATUM["World Geodetic System 1984", 
      SPHEROID["WGS 84", 6378137.0, 298.257223563, AUTHORITY["EPSG","7030"]], 
      AUTHORITY["EPSG","6326"]], 
    PRIMEM["Greenwich", 0.0, AUTHORITY["EPSG","8901"]], 
    UNIT["degree", 0.017453292519943295], 
    AXIS["Geodetic latitude", NORTH], 
    AXIS["Geodetic longitude", EAST], 
    AUTHORITY["EPSG","4326"]], 
  PROJECTION["Popular Visualisation Pseudo Mercator", AUTHORITY["EPSG","1024"]], 
  PARAMETER["semi_minor", 6378137.0], 
  PARAMETER["latitude_of_origin", 0.0], 
  PARAMETER["central_meridian", 0.0], 
  PARAMETER["scale_factor", 1.0], 
  PARAMETER["false_easting", 0.0], 
  PARAMETER["false_northing", 0.0], 
  UNIT["m", 1.0], 
  AXIS["Easting", EAST], 
  AXIS["Northing", NORTH], 
  AUTHORITY["EPSG","3857"]]
	Elevation = []
	Env = {}
	Exceptions = SE_XML
	FeatureId = null
	FeatureVersion = null
	Filter = null
	Format = image/png
	FormatOptions = {DPI=180}
	Get = true
	Height = 1664
	Interpolations = []
	Layers = [org.geoserver.wms.MapLayerInfo@349ab7]
	MaxFeatures = null
	Palette = null
	RawKvp = {FORMAT=image/png, CRS=EPSG:3857, STYLES=, WIDTH=1060, HEIGHT=1664, LAYERS=gis:poi, TILED=true, REQUEST=GetMap, FORMAT_OPTIONS=dpi:180, BBOX=5612359.8734602695,7215919.60142643,5622105.1875294885,7231217.905776601, VERSION=1.3.0, SERVICE=WMS, TRANSPARENT=TRUE}
	RemoteOwsType = null
	RemoteOwsURL = null
	Request = GetMap
	RequestCharset = UTF-8
	ScaleMethod = null
	Sld = null
	SldBody = null
	SldVersion = null
	SortBy = null
	SortByArrays = null
	SRS = urn:ogc:def:crs:EPSG::3857
	StartIndex = null
	StyleBody = null
	StyleFormat = sld
	Styles = [StyleImpl[ name=point]]
	StyleUrl = null
	StyleVersion = null
	Tiled = true
	TilesOrigin = null
	Time = []
	Transparent = true
	ValidateSchema = false
	Version = 1.3.0
	ViewParams = null
	Width = 1060
20 Apr 20:10:26 INFO   [geoserver.flow] - Request completed, running requests: 4, blocked requests: 1
20 Apr 20:10:26 INFO   [geoserver.flow] - releasing flow controllers for [WMS 1.3.0 GetMap]
20 Apr 20:10:26 INFO   [geoserver.wms] - 
Request: getServiceInfo
20 Apr 20:10:26 INFO   [geoserver.flow] - Request completed, running requests: 4, blocked requests: 0
20 Apr 20:10:26 INFO   [geoserver.wms] - 
Request: getMap
	Angle = 0.0
	BaseUrl = http://localhost:8080/geoserver/
	Bbox = SRSEnvelope[5612963.9434693195 : 5622709.257538538, 7216790.639759624 : 7232088.944109796]
	BgColor = java.awt.Color[r=255,g=255,b=255]
	Buffer = 0
	Clip = null
	CQLFilter = null
	Crs = PROJCS["WGS 84 / Pseudo-Mercator", 
  GEOGCS["WGS 84", 
    DATUM["World Geodetic System 1984", 
      SPHEROID["WGS 84", 6378137.0, 298.257223563, AUTHORITY["EPSG","7030"]], 
      AUTHORITY["EPSG","6326"]], 
    PRIMEM["Greenwich", 0.0, AUTHORITY["EPSG","8901"]], 
    UNIT["degree", 0.017453292519943295], 
    AXIS["Geodetic latitude", NORTH], 
    AXIS["Geodetic longitude", EAST], 
    AUTHORITY["EPSG","4326"]], 
  PROJECTION["Popular Visualisation Pseudo Mercator", AUTHORITY["EPSG","1024"]], 
  PARAMETER["semi_minor", 6378137.0], 
  PARAMETER["latitude_of_origin", 0.0], 
  PARAMETER["central_meridian", 0.0], 
  PARAMETER["scale_factor", 1.0], 
  PARAMETER["false_easting", 0.0], 
  PARAMETER["false_northing", 0.0], 
  UNIT["m", 1.0], 
  AXIS["Easting", EAST], 
  AXIS["Northing", NORTH], 
  AUTHORITY["EPSG","3857"]]
	Elevation = []
	Env = {}
	Exceptions = SE_XML
	FeatureId = null
	FeatureVersion = null
	Filter = null
	Format = image/png
	FormatOptions = {DPI=180}
	Get = true
	Height = 1664
	Interpolations = []
	Layers = [org.geoserver.wms.MapLayerInfo@e4804762]
	MaxFeatures = null
	Palette = null
	RawKvp = {FORMAT=image/png, CRS=EPSG:3857, STYLES=, WIDTH=1060, HEIGHT=1664, LAYERS=gis:buildings, TILED=true, REQUEST=GetMap, FORMAT_OPTIONS=dpi:180, BBOX=5612963.9434693195,7216790.639759624,5622709.257538538,7232088.944109796, VERSION=1.3.0, SERVICE=WMS, TRANSPARENT=TRUE}
	RemoteOwsType = null
	RemoteOwsURL = null
	Request = GetMap
	RequestCharset = UTF-8
	ScaleMethod = null
	Sld = null
	SldBody = null
	SldVersion = null
	SortBy = null
	SortByArrays = null
	SRS = urn:ogc:def:crs:EPSG::3857
	StartIndex = null
	StyleBody = null
	StyleFormat = sld
	Styles = [StyleImpl[ name=polygon]]
	StyleUrl = null
	StyleVersion = null
	Tiled = true
	TilesOrigin = null
	Time = []
	Transparent = true
	ValidateSchema = false
	Version = 1.3.0
	ViewParams = null
	Width = 1060
20 Apr 20:10:26 INFO   [geoserver.flow] - Request [WMS 1.3.0 GetMap] starting, processing through flow controllers
20 Apr 20:10:26 INFO   [geoserver.flow] - Request control-flow performed, running requests: 5, blocked requests: 0
20 Apr 20:10:26 INFO   [geoserver.flow] - releasing flow controllers for [WMS 1.3.0 GetMap]
20 Apr 20:10:26 INFO   [geoserver.flow] - Request completed, running requests: 4, blocked requests: 0
20 Apr 20:10:26 INFO   [geoserver.flow] - releasing flow controllers for [WMS 1.3.0 GetMap]
20 Apr 20:10:26 INFO   [geoserver.flow] - Request completed, running requests: 3, blocked requests: 0
20 Apr 20:10:26 INFO   [geoserver.flow] - releasing flow controllers for [WMS 1.3.0 GetMap]
20 Apr 20:10:26 INFO   [geoserver.flow] - Request completed, running requests: 2, blocked requests: 0
20 Apr 20:10:26 INFO   [geoserver.wms] - 
Request: getMap
	Angle = 0.0
	BaseUrl = http://localhost:8080/geoserver/
	Bbox = SRSEnvelope[5612963.9434693195 : 5622709.257538538, 7216790.639759624 : 7232088.944109796]
	BgColor = java.awt.Color[r=255,g=255,b=255]
	Buffer = 0
	Clip = null
	CQLFilter = null
	Crs = PROJCS["WGS 84 / Pseudo-Mercator", 
  GEOGCS["WGS 84", 
    DATUM["World Geodetic System 1984", 
      SPHEROID["WGS 84", 6378137.0, 298.257223563, AUTHORITY["EPSG","7030"]], 
      AUTHORITY["EPSG","6326"]], 
    PRIMEM["Greenwich", 0.0, AUTHORITY["EPSG","8901"]], 
    UNIT["degree", 0.017453292519943295], 
    AXIS["Geodetic latitude", NORTH], 
    AXIS["Geodetic longitude", EAST], 
    AUTHORITY["EPSG","4326"]], 
  PROJECTION["Popular Visualisation Pseudo Mercator", AUTHORITY["EPSG","1024"]], 
  PARAMETER["semi_minor", 6378137.0], 
  PARAMETER["latitude_of_origin", 0.0], 
  PARAMETER["central_meridian", 0.0], 
  PARAMETER["scale_factor", 1.0], 
  PARAMETER["false_easting", 0.0], 
  PARAMETER["false_northing", 0.0], 
  UNIT["m", 1.0], 
  AXIS["Easting", EAST], 
  AXIS["Northing", NORTH], 
  AUTHORITY["EPSG","3857"]]
	Elevation = []
	Env = {}
	Exceptions = SE_XML
	FeatureId = null
	FeatureVersion = null
	Filter = null
	Format = image/png
	FormatOptions = {DPI=180}
	Get = true
	Height = 1664
	Interpolations = []
	Layers = [org.geoserver.wms.MapLayerInfo@c8d248ce]
	MaxFeatures = null
	Palette = null
	RawKvp = {FORMAT=image/png, CRS=EPSG:3857, STYLES=, WIDTH=1060, HEIGHT=1664, LAYERS=gis:roads, TILED=true, REQUEST=GetMap, FORMAT_OPTIONS=dpi:180, BBOX=5612963.9434693195,7216790.639759624,5622709.257538538,7232088.944109796, VERSION=1.3.0, SERVICE=WMS, TRANSPARENT=TRUE}
	RemoteOwsType = null
	RemoteOwsURL = null
	Request = GetMap
	RequestCharset = UTF-8
	ScaleMethod = null
	Sld = null
	SldBody = null
	SldVersion = null
	SortBy = null
	SortByArrays = null
	SRS = urn:ogc:def:crs:EPSG::3857
	StartIndex = null
	StyleBody = null
	StyleFormat = sld
	Styles = [StyleImpl[ name=line]]
	StyleUrl = null
	StyleVersion = null
	Tiled = true
	TilesOrigin = null
	Time = []
	Transparent = true
	ValidateSchema = false
	Version = 1.3.0
	ViewParams = null
	Width = 1060
20 Apr 20:10:26 INFO   [geoserver.wms] - 
Request: getMap
	Angle = 0.0
	BaseUrl = http://localhost:8080/geoserver/
	Bbox = SRSEnvelope[5612963.9434693195 : 5622709.257538538, 7216790.639759624 : 7232088.944109796]
	BgColor = java.awt.Color[r=255,g=255,b=255]
	Buffer = 0
	Clip = null
	CQLFilter = null
	Crs = PROJCS["WGS 84 / Pseudo-Mercator", 
  GEOGCS["WGS 84", 
    DATUM["World Geodetic System 1984", 
      SPHEROID["WGS 84", 6378137.0, 298.257223563, AUTHORITY["EPSG","7030"]], 
      AUTHORITY["EPSG","6326"]], 
    PRIMEM["Greenwich", 0.0, AUTHORITY["EPSG","8901"]], 
    UNIT["degree", 0.017453292519943295], 
    AXIS["Geodetic latitude", NORTH], 
    AXIS["Geodetic longitude", EAST], 
    AUTHORITY["EPSG","4326"]], 
  PROJECTION["Popular Visualisation Pseudo Mercator", AUTHORITY["EPSG","1024"]], 
  PARAMETER["semi_minor", 6378137.0], 
  PARAMETER["latitude_of_origin", 0.0], 
  PARAMETER["central_meridian", 0.0], 
  PARAMETER["scale_factor", 1.0], 
  PARAMETER["false_easting", 0.0], 
  PARAMETER["false_northing", 0.0], 
  UNIT["m", 1.0], 
  AXIS["Easting", EAST], 
  AXIS["Northing", NORTH], 
  AUTHORITY["EPSG","3857"]]
	Elevation = []
	Env = {}
	Exceptions = SE_XML
	FeatureId = null
	FeatureVersion = null
	Filter = null
	Format = image/png
	FormatOptions = {DPI=180}
	Get = true
	Height = 1664
	Interpolations = []
	Layers = [org.geoserver.wms.MapLayerInfo@349ab7]
	MaxFeatures = null
	Palette = null
	RawKvp = {FORMAT=image/png, CRS=EPSG:3857, STYLES=, WIDTH=1060, HEIGHT=1664, LAYERS=gis:poi, TILED=true, REQUEST=GetMap, FORMAT_OPTIONS=dpi:180, BBOX=5612963.9434693195,7216790.639759624,5622709.257538538,7232088.944109796, VERSION=1.3.0, SERVICE=WMS, TRANSPARENT=TRUE}
	RemoteOwsType = null
	RemoteOwsURL = null
	Request = GetMap
	RequestCharset = UTF-8
	ScaleMethod = null
	Sld = null
	SldBody = null
	SldVersion = null
	SortBy = null
	SortByArrays = null
	SRS = urn:ogc:def:crs:EPSG::3857
	StartIndex = null
	StyleBody = null
	StyleFormat = sld
	Styles = [StyleImpl[ name=point]]
	StyleUrl = null
	StyleVersion = null
	Tiled = true
	TilesOrigin = null
	Time = []
	Transparent = true
	ValidateSchema = false
	Version = 1.3.0
	ViewParams = null
	Width = 1060
20 Apr 20:10:26 INFO   [geoserver.flow] - releasing flow controllers for [WMS 1.3.0 GetMap]
20 Apr 20:10:26 INFO   [geoserver.flow] - Request completed, running requests: 1, blocked requests: 0
20 Apr 20:10:26 INFO   [geoserver.flow] - releasing flow controllers for [WMS 1.3.0 GetMap]
20 Apr 20:10:26 INFO   [geoserver.flow] - Request completed, running requests: 0, blocked requests: 0
20 Apr 20:10:33 INFO   [geoserver.wms] - 
Request: getServiceInfo
20 Apr 20:10:33 INFO   [geoserver.wms] - 
Request: getServiceInfo
20 Apr 20:10:33 INFO   [geoserver.wms] - 
Request: getServiceInfo
20 Apr 20:10:33 INFO   [geoserver.flow] - Request [WMS 1.3.0 GetMap] starting, processing through flow controllers
20 Apr 20:10:33 INFO   [geoserver.flow] - Request control-flow performed, running requests: 1, blocked requests: 1
20 Apr 20:10:33 INFO   [geoserver.flow] - Request [WMS 1.3.0 GetMap] starting, processing through flow controllers
20 Apr 20:10:33 INFO   [geoserver.flow] - Request control-flow performed, running requests: 2, blocked requests: 1
20 Apr 20:10:33 INFO   [geoserver.flow] - Request [WMS 1.3.0 GetMap] starting, processing through flow controllers
20 Apr 20:10:33 INFO   [geoserver.flow] - Request control-flow performed, running requests: 3, blocked requests: 0
20 Apr 20:10:33 INFO   [geoserver.wms] - 
Request: getMap
	Angle = 0.0
	BaseUrl = http://localhost:8080/geoserver/
	Bbox = SRSEnvelope[5619592.922085778 : 5619672.046353339, 7225512.718854746 : 7225636.92902571]
	BgColor = java.awt.Color[r=255,g=255,b=255]
	Buffer = 0
	Clip = null
	CQLFilter = null
	Crs = PROJCS["WGS 84 / Pseudo-Mercator", 
  GEOGCS["WGS 84", 
    DATUM["World Geodetic System 1984", 
      SPHEROID["WGS 84", 6378137.0, 298.257223563, AUTHORITY["EPSG","7030"]], 
      AUTHORITY["EPSG","6326"]], 
    PRIMEM["Greenwich", 0.0, AUTHORITY["EPSG","8901"]], 
    UNIT["degree", 0.017453292519943295], 
    AXIS["Geodetic latitude", NORTH], 
    AXIS["Geodetic longitude", EAST], 
    AUTHORITY["EPSG","4326"]], 
  PROJECTION["Popular Visualisation Pseudo Mercator", AUTHORITY["EPSG","1024"]], 
  PARAMETER["semi_minor", 6378137.0], 
  PARAMETER["latitude_of_origin", 0.0], 
  PARAMETER["central_meridian", 0.0], 
  PARAMETER["scale_factor", 1.0], 
  PARAMETER["false_easting", 0.0], 
  PARAMETER["false_northing", 0.0], 
  UNIT["m", 1.0], 
  AXIS["Easting", EAST], 
  AXIS["Northing", NORTH], 
  AUTHORITY["EPSG","3857"]]
	Elevation = []
	Env = {}
	Exceptions = SE_XML
	FeatureId = null
	FeatureVersion = null
	Filter = null
	Format = image/png
	FormatOptions = {DPI=180}
	Get = true
	Height = 1664
	Interpolations = []
	Layers = [org.geoserver.wms.MapLayerInfo@c8d248ce]
	MaxFeatures = null
	Palette = null
	RawKvp = {FORMAT=image/png, CRS=EPSG:3857, STYLES=, WIDTH=1060, HEIGHT=1664, LAYERS=gis:roads, TILED=true, REQUEST=GetMap, FORMAT_OPTIONS=dpi:180, BBOX=5619592.922085778,7225512.718854746,5619672.046353339,7225636.92902571, VERSION=1.3.0, SERVICE=WMS, TRANSPARENT=TRUE}
	RemoteOwsType = null
	RemoteOwsURL = null
	Request = GetMap
	RequestCharset = UTF-8
	ScaleMethod = null
	Sld = null
	SldBody = null
	SldVersion = null
	SortBy = null
	SortByArrays = null
	SRS = urn:ogc:def:crs:EPSG::3857
	StartIndex = null
	StyleBody = null
	StyleFormat = sld
	Styles = [StyleImpl[ name=line]]
	StyleUrl = null
	StyleVersion = null
	Tiled = true
	TilesOrigin = null
	Time = []
	Transparent = true
	ValidateSchema = false
	Version = 1.3.0
	ViewParams = null
	Width = 1060
20 Apr 20:10:33 INFO   [geoserver.wms] - 
Request: getMap
	Angle = 0.0
	BaseUrl = http://localhost:8080/geoserver/
	Bbox = SRSEnvelope[5619592.922085778 : 5619672.046353339, 7225512.718854746 : 7225636.92902571]
	BgColor = java.awt.Color[r=255,g=255,b=255]
	Buffer = 0
	Clip = null
	CQLFilter = null
	Crs = PROJCS["WGS 84 / Pseudo-Mercator", 
  GEOGCS["WGS 84", 
    DATUM["World Geodetic System 1984", 
      SPHEROID["WGS 84", 6378137.0, 298.257223563, AUTHORITY["EPSG","7030"]], 
      AUTHORITY["EPSG","6326"]], 
    PRIMEM["Greenwich", 0.0, AUTHORITY["EPSG","8901"]], 
    UNIT["degree", 0.017453292519943295], 
    AXIS["Geodetic latitude", NORTH], 
    AXIS["Geodetic longitude", EAST], 
    AUTHORITY["EPSG","4326"]], 
  PROJECTION["Popular Visualisation Pseudo Mercator", AUTHORITY["EPSG","1024"]], 
  PARAMETER["semi_minor", 6378137.0], 
  PARAMETER["latitude_of_origin", 0.0], 
  PARAMETER["central_meridian", 0.0], 
  PARAMETER["scale_factor", 1.0], 
  PARAMETER["false_easting", 0.0], 
  PARAMETER["false_northing", 0.0], 
  UNIT["m", 1.0], 
  AXIS["Easting", EAST], 
  AXIS["Northing", NORTH], 
  AUTHORITY["EPSG","3857"]]
	Elevation = []
	Env = {}
	Exceptions = SE_XML
	FeatureId = null
	FeatureVersion = null
	Filter = null
	Format = image/png
	FormatOptions = {DPI=180}
	Get = true
	Height = 1664
	Interpolations = []
	Layers = [org.geoserver.wms.MapLayerInfo@e4804762]
	MaxFeatures = null
	Palette = null
	RawKvp = {FORMAT=image/png, CRS=EPSG:3857, STYLES=, WIDTH=1060, HEIGHT=1664, LAYERS=gis:buildings, TILED=true, REQUEST=GetMap, FORMAT_OPTIONS=dpi:180, BBOX=5619592.922085778,7225512.718854746,5619672.046353339,7225636.92902571, VERSION=1.3.0, SERVICE=WMS, TRANSPARENT=TRUE}
	RemoteOwsType = null
	RemoteOwsURL = null
	Request = GetMap
	RequestCharset = UTF-8
	ScaleMethod = null
	Sld = null
	SldBody = null
	SldVersion = null
	SortBy = null
	SortByArrays = null
	SRS = urn:ogc:def:crs:EPSG::3857
	StartIndex = null
	StyleBody = null
	StyleFormat = sld
	Styles = [StyleImpl[ name=polygon]]
	StyleUrl = null
	StyleVersion = null
	Tiled = true
	TilesOrigin = null
	Time = []
	Transparent = true
	ValidateSchema = false
	Version = 1.3.0
	ViewParams = null
	Width = 1060
20 Apr 20:10:33 INFO   [geoserver.wms] - 
Request: getMap
	Angle = 0.0
	BaseUrl = http://localhost:8080/geoserver/
	Bbox = SRSEnvelope[5619592.922085778 : 5619672.046353339, 7225512.718854746 : 7225636.92902571]
	BgColor = java.awt.Color[r=255,g=255,b=255]
	Buffer = 0
	Clip = null
	CQLFilter = null
	Crs = PROJCS["WGS 84 / Pseudo-Mercator", 
  GEOGCS["WGS 84", 
    DATUM["World Geodetic System 1984", 
      SPHEROID["WGS 84", 6378137.0, 298.257223563, AUTHORITY["EPSG","7030"]], 
      AUTHORITY["EPSG","6326"]], 
    PRIMEM["Greenwich", 0.0, AUTHORITY["EPSG","8901"]], 
    UNIT["degree", 0.017453292519943295], 
    AXIS["Geodetic latitude", NORTH], 
    AXIS["Geodetic longitude", EAST], 
    AUTHORITY["EPSG","4326"]], 
  PROJECTION["Popular Visualisation Pseudo Mercator", AUTHORITY["EPSG","1024"]], 
  PARAMETER["semi_minor", 6378137.0], 
  PARAMETER["latitude_of_origin", 0.0], 
  PARAMETER["central_meridian", 0.0], 
  PARAMETER["scale_factor", 1.0], 
  PARAMETER["false_easting", 0.0], 
  PARAMETER["false_northing", 0.0], 
  UNIT["m", 1.0], 
  AXIS["Easting", EAST], 
  AXIS["Northing", NORTH], 
  AUTHORITY["EPSG","3857"]]
	Elevation = []
	Env = {}
	Exceptions = SE_XML
	FeatureId = null
	FeatureVersion = null
	Filter = null
	Format = image/png
	FormatOptions = {DPI=180}
	Get = true
	Height = 1664
	Interpolations = []
	Layers = [org.geoserver.wms.MapLayerInfo@349ab7]
	MaxFeatures = null
	Palette = null
	RawKvp = {FORMAT=image/png, CRS=EPSG:3857, STYLES=, WIDTH=1060, HEIGHT=1664, LAYERS=gis:poi, TILED=true, REQUEST=GetMap, FORMAT_OPTIONS=dpi:180, BBOX=5619592.922085778,7225512.718854746,5619672.046353339,7225636.92902571, VERSION=1.3.0, SERVICE=WMS, TRANSPARENT=TRUE}
	RemoteOwsType = null
	RemoteOwsURL = null
	Request = GetMap
	RequestCharset = UTF-8
	ScaleMethod = null
	Sld = null
	SldBody = null
	SldVersion = null
	SortBy = null
	SortByArrays = null
	SRS = urn:ogc:def:crs:EPSG::3857
	StartIndex = null
	StyleBody = null
	StyleFormat = sld
	Styles = [StyleImpl[ name=point]]
	StyleUrl = null
	StyleVersion = null
	Tiled = true
	TilesOrigin = null
	Time = []
	Transparent = true
	ValidateSchema = false
	Version = 1.3.0
	ViewParams = null
	Width = 1060
20 Apr 20:10:33 INFO   [geoserver.flow] - releasing flow controllers for [WMS 1.3.0 GetMap]
20 Apr 20:10:33 INFO   [geoserver.flow] - Request completed, running requests: 2, blocked requests: 0
20 Apr 20:10:33 INFO   [geoserver.flow] - releasing flow controllers for [WMS 1.3.0 GetMap]
20 Apr 20:10:33 INFO   [geoserver.flow] - releasing flow controllers for [WMS 1.3.0 GetMap]
20 Apr 20:10:33 INFO   [geoserver.flow] - Request completed, running requests: 0, blocked requests: 0
20 Apr 20:10:33 INFO   [geoserver.flow] - Request completed, running requests: 0, blocked requests: 0
20 Apr 20:10:36 INFO   [geoserver.wms] - 
Request: getServiceInfo
20 Apr 20:10:36 INFO   [geoserver.wms] - 
Request: getServiceInfo
20 Apr 20:10:36 INFO   [geoserver.wms] - 
Request: getServiceInfo
20 Apr 20:10:36 INFO   [geoserver.flow] - Request [WMS 1.3.0 GetMap] starting, processing through flow controllers
20 Apr 20:10:36 INFO   [geoserver.flow] - Request control-flow performed, running requests: 1, blocked requests: 1
20 Apr 20:10:36 INFO   [geoserver.flow] - Request [WMS 1.3.0 GetMap] starting, processing through flow controllers
20 Apr 20:10:36 INFO   [geoserver.flow] - Request [WMS 1.3.0 GetMap] starting, processing through flow controllers
20 Apr 20:10:36 INFO   [geoserver.flow] - Request control-flow performed, running requests: 2, blocked requests: 1
20 Apr 20:10:36 INFO   [geoserver.flow] - Request control-flow performed, running requests: 3, blocked requests: 0
20 Apr 20:10:36 INFO   [geoserver.wms] - 
Request: getMap
	Angle = 0.0
	BaseUrl = http://localhost:8080/geoserver/
	Bbox = SRSEnvelope[5619545.925131434 : 5619695.95123941, 7225459.791916601 : 7225695.304599311]
	BgColor = java.awt.Color[r=255,g=255,b=255]
	Buffer = 0
	Clip = null
	CQLFilter = null
	Crs = PROJCS["WGS 84 / Pseudo-Mercator", 
  GEOGCS["WGS 84", 
    DATUM["World Geodetic System 1984", 
      SPHEROID["WGS 84", 6378137.0, 298.257223563, AUTHORITY["EPSG","7030"]], 
      AUTHORITY["EPSG","6326"]], 
    PRIMEM["Greenwich", 0.0, AUTHORITY["EPSG","8901"]], 
    UNIT["degree", 0.017453292519943295], 
    AXIS["Geodetic latitude", NORTH], 
    AXIS["Geodetic longitude", EAST], 
    AUTHORITY["EPSG","4326"]], 
  PROJECTION["Popular Visualisation Pseudo Mercator", AUTHORITY["EPSG","1024"]], 
  PARAMETER["semi_minor", 6378137.0], 
  PARAMETER["latitude_of_origin", 0.0], 
  PARAMETER["central_meridian", 0.0], 
  PARAMETER["scale_factor", 1.0], 
  PARAMETER["false_easting", 0.0], 
  PARAMETER["false_northing", 0.0], 
  UNIT["m", 1.0], 
  AXIS["Easting", EAST], 
  AXIS["Northing", NORTH], 
  AUTHORITY["EPSG","3857"]]
	Elevation = []
	Env = {}
	Exceptions = SE_XML
	FeatureId = null
	FeatureVersion = null
	Filter = null
	Format = image/png
	FormatOptions = {DPI=180}
	Get = true
	Height = 1664
	Interpolations = []
	Layers = [org.geoserver.wms.MapLayerInfo@349ab7]
	MaxFeatures = null
	Palette = null
	RawKvp = {FORMAT=image/png, CRS=EPSG:3857, STYLES=, WIDTH=1060, HEIGHT=1664, LAYERS=gis:poi, TILED=true, REQUEST=GetMap, FORMAT_OPTIONS=dpi:180, BBOX=5619545.925131434,7225459.791916601,5619695.95123941,7225695.304599311, VERSION=1.3.0, SERVICE=WMS, TRANSPARENT=TRUE}
	RemoteOwsType = null
	RemoteOwsURL = null
	Request = GetMap
	RequestCharset = UTF-8
	ScaleMethod = null
	Sld = null
	SldBody = null
	SldVersion = null
	SortBy = null
	SortByArrays = null
	SRS = urn:ogc:def:crs:EPSG::3857
	StartIndex = null
	StyleBody = null
	StyleFormat = sld
	Styles = [StyleImpl[ name=point]]
	StyleUrl = null
	StyleVersion = null
	Tiled = true
	TilesOrigin = null
	Time = []
	Transparent = true
	ValidateSchema = false
	Version = 1.3.0
	ViewParams = null
	Width = 1060
20 Apr 20:10:36 INFO   [geoserver.wms] - 
Request: getMap
	Angle = 0.0
	BaseUrl = http://localhost:8080/geoserver/
	Bbox = SRSEnvelope[5619545.925131434 : 5619695.95123941, 7225459.791916601 : 7225695.304599311]
	BgColor = java.awt.Color[r=255,g=255,b=255]
	Buffer = 0
	Clip = null
	CQLFilter = null
	Crs = PROJCS["WGS 84 / Pseudo-Mercator", 
  GEOGCS["WGS 84", 
    DATUM["World Geodetic System 1984", 
      SPHEROID["WGS 84", 6378137.0, 298.257223563, AUTHORITY["EPSG","7030"]], 
      AUTHORITY["EPSG","6326"]], 
    PRIMEM["Greenwich", 0.0, AUTHORITY["EPSG","8901"]], 
    UNIT["degree", 0.017453292519943295], 
    AXIS["Geodetic latitude", NORTH], 
    AXIS["Geodetic longitude", EAST], 
    AUTHORITY["EPSG","4326"]], 
  PROJECTION["Popular Visualisation Pseudo Mercator", AUTHORITY["EPSG","1024"]], 
  PARAMETER["semi_minor", 6378137.0], 
  PARAMETER["latitude_of_origin", 0.0], 
  PARAMETER["central_meridian", 0.0], 
  PARAMETER["scale_factor", 1.0], 
  PARAMETER["false_easting", 0.0], 
  PARAMETER["false_northing", 0.0], 
  UNIT["m", 1.0], 
  AXIS["Easting", EAST], 
  AXIS["Northing", NORTH], 
  AUTHORITY["EPSG","3857"]]
	Elevation = []
	Env = {}
	Exceptions = SE_XML
	FeatureId = null
	FeatureVersion = null
	Filter = null
	Format = image/png
	FormatOptions = {DPI=180}
	Get = true
	Height = 1664
	Interpolations = []
	Layers = [org.geoserver.wms.MapLayerInfo@c8d248ce]
	MaxFeatures = null
	Palette = null
	RawKvp = {FORMAT=image/png, CRS=EPSG:3857, STYLES=, WIDTH=1060, HEIGHT=1664, LAYERS=gis:roads, TILED=true, REQUEST=GetMap, FORMAT_OPTIONS=dpi:180, BBOX=5619545.925131434,7225459.791916601,5619695.95123941,7225695.304599311, VERSION=1.3.0, SERVICE=WMS, TRANSPARENT=TRUE}
	RemoteOwsType = null
	RemoteOwsURL = null
	Request = GetMap
	RequestCharset = UTF-8
	ScaleMethod = null
	Sld = null
	SldBody = null
	SldVersion = null
	SortBy = null
	SortByArrays = null
	SRS = urn:ogc:def:crs:EPSG::3857
	StartIndex = null
	StyleBody = null
	StyleFormat = sld
	Styles = [StyleImpl[ name=line]]
	StyleUrl = null
	StyleVersion = null
	Tiled = true
	TilesOrigin = null
	Time = []
	Transparent = true
	ValidateSchema = false
	Version = 1.3.0
	ViewParams = null
	Width = 1060
20 Apr 20:10:36 INFO   [geoserver.wms] - 
Request: getMap
	Angle = 0.0
	BaseUrl = http://localhost:8080/geoserver/
	Bbox = SRSEnvelope[5619545.925131434 : 5619695.95123941, 7225459.791916601 : 7225695.304599311]
	BgColor = java.awt.Color[r=255,g=255,b=255]
	Buffer = 0
	Clip = null
	CQLFilter = null
	Crs = PROJCS["WGS 84 / Pseudo-Mercator", 
  GEOGCS["WGS 84", 
    DATUM["World Geodetic System 1984", 
      SPHEROID["WGS 84", 6378137.0, 298.257223563, AUTHORITY["EPSG","7030"]], 
      AUTHORITY["EPSG","6326"]], 
    PRIMEM["Greenwich", 0.0, AUTHORITY["EPSG","8901"]], 
    UNIT["degree", 0.017453292519943295], 
    AXIS["Geodetic latitude", NORTH], 
    AXIS["Geodetic longitude", EAST], 
    AUTHORITY["EPSG","4326"]], 
  PROJECTION["Popular Visualisation Pseudo Mercator", AUTHORITY["EPSG","1024"]], 
  PARAMETER["semi_minor", 6378137.0], 
  PARAMETER["latitude_of_origin", 0.0], 
  PARAMETER["central_meridian", 0.0], 
  PARAMETER["scale_factor", 1.0], 
  PARAMETER["false_easting", 0.0], 
  PARAMETER["false_northing", 0.0], 
  UNIT["m", 1.0], 
  AXIS["Easting", EAST], 
  AXIS["Northing", NORTH], 
  AUTHORITY["EPSG","3857"]]
	Elevation = []
	Env = {}
	Exceptions = SE_XML
	FeatureId = null
	FeatureVersion = null
	Filter = null
	Format = image/png
	FormatOptions = {DPI=180}
	Get = true
	Height = 1664
	Interpolations = []
	Layers = [org.geoserver.wms.MapLayerInfo@e4804762]
	MaxFeatures = null
	Palette = null
	RawKvp = {FORMAT=image/png, CRS=EPSG:3857, STYLES=, WIDTH=1060, HEIGHT=1664, LAYERS=gis:buildings, TILED=true, REQUEST=GetMap, FORMAT_OPTIONS=dpi:180, BBOX=5619545.925131434,7225459.791916601,5619695.95123941,7225695.304599311, VERSION=1.3.0, SERVICE=WMS, TRANSPARENT=TRUE}
	RemoteOwsType = null
	RemoteOwsURL = null
	Request = GetMap
	RequestCharset = UTF-8
	ScaleMethod = null
	Sld = null
	SldBody = null
	SldVersion = null
	SortBy = null
	SortByArrays = null
	SRS = urn:ogc:def:crs:EPSG::3857
	StartIndex = null
	StyleBody = null
	StyleFormat = sld
	Styles = [StyleImpl[ name=polygon]]
	StyleUrl = null
	StyleVersion = null
	Tiled = true
	TilesOrigin = null
	Time = []
	Transparent = true
	ValidateSchema = false
	Version = 1.3.0
	ViewParams = null
	Width = 1060
20 Apr 20:10:36 INFO   [geoserver.flow] - releasing flow controllers for [WMS 1.3.0 GetMap]
20 Apr 20:10:36 INFO   [geoserver.flow] - Request completed, running requests: 2, blocked requests: 0
20 Apr 20:10:36 INFO   [geoserver.flow] - releasing flow controllers for [WMS 1.3.0 GetMap]
20 Apr 20:10:36 INFO   [geoserver.flow] - Request completed, running requests: 1, blocked requests: 0
20 Apr 20:10:36 INFO   [geoserver.flow] - releasing flow controllers for [WMS 1.3.0 GetMap]
20 Apr 20:10:36 INFO   [geoserver.flow] - Request completed, running requests: 0, blocked requests: 0
20 Apr 20:10:37 INFO   [geoserver.wms] - 
Request: getServiceInfo
20 Apr 20:10:37 INFO   [geoserver.wms] - 
Request: getServiceInfo
20 Apr 20:10:37 INFO   [geoserver.wms] - 
Request: getServiceInfo
20 Apr 20:10:37 INFO   [geoserver.flow] - Request [WMS 1.3.0 GetMap] starting, processing through flow controllers
20 Apr 20:10:37 INFO   [geoserver.flow] - Request [WMS 1.3.0 GetMap] starting, processing through flow controllers
20 Apr 20:10:37 INFO   [geoserver.flow] - Request control-flow performed, running requests: 1, blocked requests: 2
20 Apr 20:10:37 INFO   [geoserver.flow] - Request control-flow performed, running requests: 2, blocked requests: 1
20 Apr 20:10:37 INFO   [geoserver.flow] - Request [WMS 1.3.0 GetMap] starting, processing through flow controllers
20 Apr 20:10:37 INFO   [geoserver.flow] - Request control-flow performed, running requests: 3, blocked requests: 0
20 Apr 20:10:37 INFO   [geoserver.wms] - 
Request: getMap
	Angle = 0.0
	BaseUrl = http://localhost:8080/geoserver/
	Bbox = SRSEnvelope[5619135.401113723 : 5619913.162544888, 7225013.822997175 : 7226234.761696665]
	BgColor = java.awt.Color[r=255,g=255,b=255]
	Buffer = 0
	Clip = null
	CQLFilter = null
	Crs = PROJCS["WGS 84 / Pseudo-Mercator", 
  GEOGCS["WGS 84", 
    DATUM["World Geodetic System 1984", 
      SPHEROID["WGS 84", 6378137.0, 298.257223563, AUTHORITY["EPSG","7030"]], 
      AUTHORITY["EPSG","6326"]], 
    PRIMEM["Greenwich", 0.0, AUTHORITY["EPSG","8901"]], 
    UNIT["degree", 0.017453292519943295], 
    AXIS["Geodetic latitude", NORTH], 
    AXIS["Geodetic longitude", EAST], 
    AUTHORITY["EPSG","4326"]], 
  PROJECTION["Popular Visualisation Pseudo Mercator", AUTHORITY["EPSG","1024"]], 
  PARAMETER["semi_minor", 6378137.0], 
  PARAMETER["latitude_of_origin", 0.0], 
  PARAMETER["central_meridian", 0.0], 
  PARAMETER["scale_factor", 1.0], 
  PARAMETER["false_easting", 0.0], 
  PARAMETER["false_northing", 0.0], 
  UNIT["m", 1.0], 
  AXIS["Easting", EAST], 
  AXIS["Northing", NORTH], 
  AUTHORITY["EPSG","3857"]]
	Elevation = []
	Env = {}
	Exceptions = SE_XML
	FeatureId = null
	FeatureVersion = null
	Filter = null
	Format = image/png
	FormatOptions = {DPI=180}
	Get = true
	Height = 1664
	Interpolations = []
	Layers = [org.geoserver.wms.MapLayerInfo@349ab7]
	MaxFeatures = null
	Palette = null
	RawKvp = {FORMAT=image/png, CRS=EPSG:3857, STYLES=, WIDTH=1060, HEIGHT=1664, LAYERS=gis:poi, TILED=true, REQUEST=GetMap, FORMAT_OPTIONS=dpi:180, BBOX=5619135.401113723,7225013.822997175,5619913.162544888,7226234.761696665, VERSION=1.3.0, SERVICE=WMS, TRANSPARENT=TRUE}
	RemoteOwsType = null
	RemoteOwsURL = null
	Request = GetMap
	RequestCharset = UTF-8
	ScaleMethod = null
	Sld = null
	SldBody = null
	SldVersion = null
	SortBy = null
	SortByArrays = null
	SRS = urn:ogc:def:crs:EPSG::3857
	StartIndex = null
	StyleBody = null
	StyleFormat = sld
	Styles = [StyleImpl[ name=point]]
	StyleUrl = null
	StyleVersion = null
	Tiled = true
	TilesOrigin = null
	Time = []
	Transparent = true
	ValidateSchema = false
	Version = 1.3.0
	ViewParams = null
	Width = 1060
20 Apr 20:10:37 INFO   [geoserver.wms] - 
Request: getMap
	Angle = 0.0
	BaseUrl = http://localhost:8080/geoserver/
	Bbox = SRSEnvelope[5619135.401113723 : 5619913.162544888, 7225013.822997175 : 7226234.761696665]
	BgColor = java.awt.Color[r=255,g=255,b=255]
	Buffer = 0
	Clip = null
	CQLFilter = null
	Crs = PROJCS["WGS 84 / Pseudo-Mercator", 
  GEOGCS["WGS 84", 
    DATUM["World Geodetic System 1984", 
      SPHEROID["WGS 84", 6378137.0, 298.257223563, AUTHORITY["EPSG","7030"]], 
      AUTHORITY["EPSG","6326"]], 
    PRIMEM["Greenwich", 0.0, AUTHORITY["EPSG","8901"]], 
    UNIT["degree", 0.017453292519943295], 
    AXIS["Geodetic latitude", NORTH], 
    AXIS["Geodetic longitude", EAST], 
    AUTHORITY["EPSG","4326"]], 
  PROJECTION["Popular Visualisation Pseudo Mercator", AUTHORITY["EPSG","1024"]], 
  PARAMETER["semi_minor", 6378137.0], 
  PARAMETER["latitude_of_origin", 0.0], 
  PARAMETER["central_meridian", 0.0], 
  PARAMETER["scale_factor", 1.0], 
  PARAMETER["false_easting", 0.0], 
  PARAMETER["false_northing", 0.0], 
  UNIT["m", 1.0], 
  AXIS["Easting", EAST], 
  AXIS["Northing", NORTH], 
  AUTHORITY["EPSG","3857"]]
	Elevation = []
	Env = {}
	Exceptions = SE_XML
	FeatureId = null
	FeatureVersion = null
	Filter = null
	Format = image/png
	FormatOptions = {DPI=180}
	Get = true
	Height = 1664
	Interpolations = []
	Layers = [org.geoserver.wms.MapLayerInfo@e4804762]
	MaxFeatures = null
	Palette = null
	RawKvp = {FORMAT=image/png, CRS=EPSG:3857, STYLES=, WIDTH=1060, HEIGHT=1664, LAYERS=gis:buildings, TILED=true, REQUEST=GetMap, FORMAT_OPTIONS=dpi:180, BBOX=5619135.401113723,7225013.822997175,5619913.162544888,7226234.761696665, VERSION=1.3.0, SERVICE=WMS, TRANSPARENT=TRUE}
	RemoteOwsType = null
	RemoteOwsURL = null
	Request = GetMap
	RequestCharset = UTF-8
	ScaleMethod = null
	Sld = null
	SldBody = null
	SldVersion = null
	SortBy = null
	SortByArrays = null
	SRS = urn:ogc:def:crs:EPSG::3857
	StartIndex = null
	StyleBody = null
	StyleFormat = sld
	Styles = [StyleImpl[ name=polygon]]
	StyleUrl = null
	StyleVersion = null
	Tiled = true
	TilesOrigin = null
	Time = []
	Transparent = true
	ValidateSchema = false
	Version = 1.3.0
	ViewParams = null
	Width = 1060
20 Apr 20:10:37 INFO   [geoserver.wms] - 
Request: getMap
	Angle = 0.0
	BaseUrl = http://localhost:8080/geoserver/
	Bbox = SRSEnvelope[5619135.401113723 : 5619913.162544888, 7225013.822997175 : 7226234.761696665]
	BgColor = java.awt.Color[r=255,g=255,b=255]
	Buffer = 0
	Clip = null
	CQLFilter = null
	Crs = PROJCS["WGS 84 / Pseudo-Mercator", 
  GEOGCS["WGS 84", 
    DATUM["World Geodetic System 1984", 
      SPHEROID["WGS 84", 6378137.0, 298.257223563, AUTHORITY["EPSG","7030"]], 
      AUTHORITY["EPSG","6326"]], 
    PRIMEM["Greenwich", 0.0, AUTHORITY["EPSG","8901"]], 
    UNIT["degree", 0.017453292519943295], 
    AXIS["Geodetic latitude", NORTH], 
    AXIS["Geodetic longitude", EAST], 
    AUTHORITY["EPSG","4326"]], 
  PROJECTION["Popular Visualisation Pseudo Mercator", AUTHORITY["EPSG","1024"]], 
  PARAMETER["semi_minor", 6378137.0], 
  PARAMETER["latitude_of_origin", 0.0], 
  PARAMETER["central_meridian", 0.0], 
  PARAMETER["scale_factor", 1.0], 
  PARAMETER["false_easting", 0.0], 
  PARAMETER["false_northing", 0.0], 
  UNIT["m", 1.0], 
  AXIS["Easting", EAST], 
  AXIS["Northing", NORTH], 
  AUTHORITY["EPSG","3857"]]
	Elevation = []
	Env = {}
	Exceptions = SE_XML
	FeatureId = null
	FeatureVersion = null
	Filter = null
	Format = image/png
	FormatOptions = {DPI=180}
	Get = true
	Height = 1664
	Interpolations = []
	Layers = [org.geoserver.wms.MapLayerInfo@c8d248ce]
	MaxFeatures = null
	Palette = null
	RawKvp = {FORMAT=image/png, CRS=EPSG:3857, STYLES=, WIDTH=1060, HEIGHT=1664, LAYERS=gis:roads, TILED=true, REQUEST=GetMap, FORMAT_OPTIONS=dpi:180, BBOX=5619135.401113723,7225013.822997175,5619913.162544888,7226234.761696665, VERSION=1.3.0, SERVICE=WMS, TRANSPARENT=TRUE}
	RemoteOwsType = null
	RemoteOwsURL = null
	Request = GetMap
	RequestCharset = UTF-8
	ScaleMethod = null
	Sld = null
	SldBody = null
	SldVersion = null
	SortBy = null
	SortByArrays = null
	SRS = urn:ogc:def:crs:EPSG::3857
	StartIndex = null
	StyleBody = null
	StyleFormat = sld
	Styles = [StyleImpl[ name=line]]
	StyleUrl = null
	StyleVersion = null
	Tiled = true
	TilesOrigin = null
	Time = []
	Transparent = true
	ValidateSchema = false
	Version = 1.3.0
	ViewParams = null
	Width = 1060
20 Apr 20:10:37 INFO   [geoserver.flow] - releasing flow controllers for [WMS 1.3.0 GetMap]
20 Apr 20:10:37 INFO   [geoserver.flow] - Request completed, running requests: 2, blocked requests: 0
20 Apr 20:10:37 INFO   [geoserver.flow] - releasing flow controllers for [WMS 1.3.0 GetMap]
20 Apr 20:10:37 INFO   [geoserver.flow] - releasing flow controllers for [WMS 1.3.0 GetMap]
20 Apr 20:10:37 INFO   [geoserver.flow] - Request completed, running requests: 0, blocked requests: 0
20 Apr 20:10:37 INFO   [geoserver.flow] - Request completed, running requests: 0, blocked requests: 0
20 Apr 20:10:37 INFO   [geoserver.wms] - 
Request: getServiceInfo
20 Apr 20:10:37 INFO   [geoserver.wms] - 
Request: getServiceInfo
20 Apr 20:10:37 INFO   [geoserver.wms] - 
Request: getServiceInfo
20 Apr 20:10:37 INFO   [geoserver.flow] - Request [WMS 1.3.0 GetMap] starting, processing through flow controllers
20 Apr 20:10:37 INFO   [geoserver.flow] - Request [WMS 1.3.0 GetMap] starting, processing through flow controllers
20 Apr 20:10:37 INFO   [geoserver.flow] - Request control-flow performed, running requests: 1, blocked requests: 1
20 Apr 20:10:37 INFO   [geoserver.flow] - Request control-flow performed, running requests: 2, blocked requests: 0
20 Apr 20:10:37 INFO   [geoserver.flow] - Request [WMS 1.3.0 GetMap] starting, processing through flow controllers
20 Apr 20:10:37 INFO   [geoserver.flow] - Request control-flow performed, running requests: 3, blocked requests: 0
20 Apr 20:10:37 INFO   [geoserver.wms] - 
Request: getMap
	Angle = 0.0
	BaseUrl = http://localhost:8080/geoserver/
	Bbox = SRSEnvelope[5618645.608856599 : 5620171.467971555, 7224494.389133714 : 7226889.700046249]
	BgColor = java.awt.Color[r=255,g=255,b=255]
	Buffer = 0
	Clip = null
	CQLFilter = null
	Crs = PROJCS["WGS 84 / Pseudo-Mercator", 
  GEOGCS["WGS 84", 
    DATUM["World Geodetic System 1984", 
      SPHEROID["WGS 84", 6378137.0, 298.257223563, AUTHORITY["EPSG","7030"]], 
      AUTHORITY["EPSG","6326"]], 
    PRIMEM["Greenwich", 0.0, AUTHORITY["EPSG","8901"]], 
    UNIT["degree", 0.017453292519943295], 
    AXIS["Geodetic latitude", NORTH], 
    AXIS["Geodetic longitude", EAST], 
    AUTHORITY["EPSG","4326"]], 
  PROJECTION["Popular Visualisation Pseudo Mercator", AUTHORITY["EPSG","1024"]], 
  PARAMETER["semi_minor", 6378137.0], 
  PARAMETER["latitude_of_origin", 0.0], 
  PARAMETER["central_meridian", 0.0], 
  PARAMETER["scale_factor", 1.0], 
  PARAMETER["false_easting", 0.0], 
  PARAMETER["false_northing", 0.0], 
  UNIT["m", 1.0], 
  AXIS["Easting", EAST], 
  AXIS["Northing", NORTH], 
  AUTHORITY["EPSG","3857"]]
	Elevation = []
	Env = {}
	Exceptions = SE_XML
	FeatureId = null
	FeatureVersion = null
	Filter = null
	Format = image/png
	FormatOptions = {DPI=180}
	Get = true
	Height = 1664
	Interpolations = []
	Layers = [org.geoserver.wms.MapLayerInfo@c8d248ce]
	MaxFeatures = null
	Palette = null
	RawKvp = {FORMAT=image/png, CRS=EPSG:3857, STYLES=, WIDTH=1060, HEIGHT=1664, LAYERS=gis:roads, TILED=true, REQUEST=GetMap, FORMAT_OPTIONS=dpi:180, BBOX=5618645.608856599,7224494.389133714,5620171.467971555,7226889.700046249, VERSION=1.3.0, SERVICE=WMS, TRANSPARENT=TRUE}
	RemoteOwsType = null
	RemoteOwsURL = null
	Request = GetMap
	RequestCharset = UTF-8
	ScaleMethod = null
	Sld = null
	SldBody = null
	SldVersion = null
	SortBy = null
	SortByArrays = null
	SRS = urn:ogc:def:crs:EPSG::3857
	StartIndex = null
	StyleBody = null
	StyleFormat = sld
	Styles = [StyleImpl[ name=line]]
	StyleUrl = null
	StyleVersion = null
	Tiled = true
	TilesOrigin = null
	Time = []
	Transparent = true
	ValidateSchema = false
	Version = 1.3.0
	ViewParams = null
	Width = 1060
20 Apr 20:10:37 INFO   [geoserver.wms] - 
Request: getMap
	Angle = 0.0
	BaseUrl = http://localhost:8080/geoserver/
	Bbox = SRSEnvelope[5618645.608856599 : 5620171.467971555, 7224494.389133714 : 7226889.700046249]
	BgColor = java.awt.Color[r=255,g=255,b=255]
	Buffer = 0
	Clip = null
	CQLFilter = null
	Crs = PROJCS["WGS 84 / Pseudo-Mercator", 
  GEOGCS["WGS 84", 
    DATUM["World Geodetic System 1984", 
      SPHEROID["WGS 84", 6378137.0, 298.257223563, AUTHORITY["EPSG","7030"]], 
      AUTHORITY["EPSG","6326"]], 
    PRIMEM["Greenwich", 0.0, AUTHORITY["EPSG","8901"]], 
    UNIT["degree", 0.017453292519943295], 
    AXIS["Geodetic latitude", NORTH], 
    AXIS["Geodetic longitude", EAST], 
    AUTHORITY["EPSG","4326"]], 
  PROJECTION["Popular Visualisation Pseudo Mercator", AUTHORITY["EPSG","1024"]], 
  PARAMETER["semi_minor", 6378137.0], 
  PARAMETER["latitude_of_origin", 0.0], 
  PARAMETER["central_meridian", 0.0], 
  PARAMETER["scale_factor", 1.0], 
  PARAMETER["false_easting", 0.0], 
  PARAMETER["false_northing", 0.0], 
  UNIT["m", 1.0], 
  AXIS["Easting", EAST], 
  AXIS["Northing", NORTH], 
  AUTHORITY["EPSG","3857"]]
	Elevation = []
	Env = {}
	Exceptions = SE_XML
	FeatureId = null
	FeatureVersion = null
	Filter = null
	Format = image/png
	FormatOptions = {DPI=180}
	Get = true
	Height = 1664
	Interpolations = []
	Layers = [org.geoserver.wms.MapLayerInfo@e4804762]
	MaxFeatures = null
	Palette = null
	RawKvp = {FORMAT=image/png, CRS=EPSG:3857, STYLES=, WIDTH=1060, HEIGHT=1664, LAYERS=gis:buildings, TILED=true, REQUEST=GetMap, FORMAT_OPTIONS=dpi:180, BBOX=5618645.608856599,7224494.389133714,5620171.467971555,7226889.700046249, VERSION=1.3.0, SERVICE=WMS, TRANSPARENT=TRUE}
	RemoteOwsType = null
	RemoteOwsURL = null
	Request = GetMap
	RequestCharset = UTF-8
	ScaleMethod = null
	Sld = null
	SldBody = null
	SldVersion = null
	SortBy = null
	SortByArrays = null
	SRS = urn:ogc:def:crs:EPSG::3857
	StartIndex = null
	StyleBody = null
	StyleFormat = sld
	Styles = [StyleImpl[ name=polygon]]
	StyleUrl = null
	StyleVersion = null
	Tiled = true
	TilesOrigin = null
	Time = []
	Transparent = true
	ValidateSchema = false
	Version = 1.3.0
	ViewParams = null
	Width = 1060
20 Apr 20:10:37 INFO   [geoserver.wms] - 
Request: getMap
	Angle = 0.0
	BaseUrl = http://localhost:8080/geoserver/
	Bbox = SRSEnvelope[5618645.608856599 : 5620171.467971555, 7224494.389133714 : 7226889.700046249]
	BgColor = java.awt.Color[r=255,g=255,b=255]
	Buffer = 0
	Clip = null
	CQLFilter = null
	Crs = PROJCS["WGS 84 / Pseudo-Mercator", 
  GEOGCS["WGS 84", 
    DATUM["World Geodetic System 1984", 
      SPHEROID["WGS 84", 6378137.0, 298.257223563, AUTHORITY["EPSG","7030"]], 
      AUTHORITY["EPSG","6326"]], 
    PRIMEM["Greenwich", 0.0, AUTHORITY["EPSG","8901"]], 
    UNIT["degree", 0.017453292519943295], 
    AXIS["Geodetic latitude", NORTH], 
    AXIS["Geodetic longitude", EAST], 
    AUTHORITY["EPSG","4326"]], 
  PROJECTION["Popular Visualisation Pseudo Mercator", AUTHORITY["EPSG","1024"]], 
  PARAMETER["semi_minor", 6378137.0], 
  PARAMETER["latitude_of_origin", 0.0], 
  PARAMETER["central_meridian", 0.0], 
  PARAMETER["scale_factor", 1.0], 
  PARAMETER["false_easting", 0.0], 
  PARAMETER["false_northing", 0.0], 
  UNIT["m", 1.0], 
  AXIS["Easting", EAST], 
  AXIS["Northing", NORTH], 
  AUTHORITY["EPSG","3857"]]
	Elevation = []
	Env = {}
	Exceptions = SE_XML
	FeatureId = null
	FeatureVersion = null
	Filter = null
	Format = image/png
	FormatOptions = {DPI=180}
	Get = true
	Height = 1664
	Interpolations = []
	Layers = [org.geoserver.wms.MapLayerInfo@349ab7]
	MaxFeatures = null
	Palette = null
	RawKvp = {FORMAT=image/png, CRS=EPSG:3857, STYLES=, WIDTH=1060, HEIGHT=1664, LAYERS=gis:poi, TILED=true, REQUEST=GetMap, FORMAT_OPTIONS=dpi:180, BBOX=5618645.608856599,7224494.389133714,5620171.467971555,7226889.700046249, VERSION=1.3.0, SERVICE=WMS, TRANSPARENT=TRUE}
	RemoteOwsType = null
	RemoteOwsURL = null
	Request = GetMap
	RequestCharset = UTF-8
	ScaleMethod = null
	Sld = null
	SldBody = null
	SldVersion = null
	SortBy = null
	SortByArrays = null
	SRS = urn:ogc:def:crs:EPSG::3857
	StartIndex = null
	StyleBody = null
	StyleFormat = sld
	Styles = [StyleImpl[ name=point]]
	StyleUrl = null
	StyleVersion = null
	Tiled = true
	TilesOrigin = null
	Time = []
	Transparent = true
	ValidateSchema = false
	Version = 1.3.0
	ViewParams = null
	Width = 1060
20 Apr 20:10:37 INFO   [geoserver.flow] - releasing flow controllers for [WMS 1.3.0 GetMap]
20 Apr 20:10:37 INFO   [geoserver.flow] - Request completed, running requests: 2, blocked requests: 0
20 Apr 20:10:37 INFO   [geoserver.flow] - releasing flow controllers for [WMS 1.3.0 GetMap]
20 Apr 20:10:37 INFO   [geoserver.flow] - releasing flow controllers for [WMS 1.3.0 GetMap]
20 Apr 20:10:37 INFO   [geoserver.flow] - Request completed, running requests: 0, blocked requests: 0
20 Apr 20:10:37 INFO   [geoserver.flow] - Request completed, running requests: 0, blocked requests: 0
20 Apr 20:10:37 INFO   [geoserver.wms] - 
Request: getServiceInfo
20 Apr 20:10:37 INFO   [geoserver.wms] - 
Request: getServiceInfo
20 Apr 20:10:37 INFO   [geoserver.flow] - Request [WMS 1.3.0 GetMap] starting, processing through flow controllers
20 Apr 20:10:37 INFO   [geoserver.flow] - Request [WMS 1.3.0 GetMap] starting, processing through flow controllers
20 Apr 20:10:37 INFO   [geoserver.flow] - Request control-flow performed, running requests: 1, blocked requests: 1
20 Apr 20:10:37 INFO   [geoserver.flow] - Request control-flow performed, running requests: 2, blocked requests: 0
20 Apr 20:10:37 INFO   [geoserver.wms] - 
Request: getServiceInfo
20 Apr 20:10:37 INFO   [geoserver.flow] - Request [WMS 1.3.0 GetMap] starting, processing through flow controllers
20 Apr 20:10:37 INFO   [geoserver.flow] - Request control-flow performed, running requests: 3, blocked requests: 0
20 Apr 20:10:38 INFO   [geoserver.wms] - 
Request: getMap
	Angle = 0.0
	BaseUrl = http://localhost:8080/geoserver/
	Bbox = SRSEnvelope[5618544.652530857 : 5620224.710068413, 7224387.613999576 : 7227024.987341548]
	BgColor = java.awt.Color[r=255,g=255,b=255]
	Buffer = 0
	Clip = null
	CQLFilter = null
	Crs = PROJCS["WGS 84 / Pseudo-Mercator", 
  GEOGCS["WGS 84", 
    DATUM["World Geodetic System 1984", 
      SPHEROID["WGS 84", 6378137.0, 298.257223563, AUTHORITY["EPSG","7030"]], 
      AUTHORITY["EPSG","6326"]], 
    PRIMEM["Greenwich", 0.0, AUTHORITY["EPSG","8901"]], 
    UNIT["degree", 0.017453292519943295], 
    AXIS["Geodetic latitude", NORTH], 
    AXIS["Geodetic longitude", EAST], 
    AUTHORITY["EPSG","4326"]], 
  PROJECTION["Popular Visualisation Pseudo Mercator", AUTHORITY["EPSG","1024"]], 
  PARAMETER["semi_minor", 6378137.0], 
  PARAMETER["latitude_of_origin", 0.0], 
  PARAMETER["central_meridian", 0.0], 
  PARAMETER["scale_factor", 1.0], 
  PARAMETER["false_easting", 0.0], 
  PARAMETER["false_northing", 0.0], 
  UNIT["m", 1.0], 
  AXIS["Easting", EAST], 
  AXIS["Northing", NORTH], 
  AUTHORITY["EPSG","3857"]]
	Elevation = []
	Env = {}
	Exceptions = SE_XML
	FeatureId = null
	FeatureVersion = null
	Filter = null
	Format = image/png
	FormatOptions = {DPI=180}
	Get = true
	Height = 1664
	Interpolations = []
	Layers = [org.geoserver.wms.MapLayerInfo@349ab7]
	MaxFeatures = null
	Palette = null
	RawKvp = {FORMAT=image/png, CRS=EPSG:3857, STYLES=, WIDTH=1060, HEIGHT=1664, LAYERS=gis:poi, TILED=true, REQUEST=GetMap, FORMAT_OPTIONS=dpi:180, BBOX=5618544.652530857,7224387.613999576,5620224.710068413,7227024.987341548, VERSION=1.3.0, SERVICE=WMS, TRANSPARENT=TRUE}
	RemoteOwsType = null
	RemoteOwsURL = null
	Request = GetMap
	RequestCharset = UTF-8
	ScaleMethod = null
	Sld = null
	SldBody = null
	SldVersion = null
	SortBy = null
	SortByArrays = null
	SRS = urn:ogc:def:crs:EPSG::3857
	StartIndex = null
	StyleBody = null
	StyleFormat = sld
	Styles = [StyleImpl[ name=point]]
	StyleUrl = null
	StyleVersion = null
	Tiled = true
	TilesOrigin = null
	Time = []
	Transparent = true
	ValidateSchema = false
	Version = 1.3.0
	ViewParams = null
	Width = 1060
20 Apr 20:10:38 INFO   [geoserver.wms] - 
Request: getMap
	Angle = 0.0
	BaseUrl = http://localhost:8080/geoserver/
	Bbox = SRSEnvelope[5618544.652530857 : 5620224.710068413, 7224387.613999576 : 7227024.987341548]
	BgColor = java.awt.Color[r=255,g=255,b=255]
	Buffer = 0
	Clip = null
	CQLFilter = null
	Crs = PROJCS["WGS 84 / Pseudo-Mercator", 
  GEOGCS["WGS 84", 
    DATUM["World Geodetic System 1984", 
      SPHEROID["WGS 84", 6378137.0, 298.257223563, AUTHORITY["EPSG","7030"]], 
      AUTHORITY["EPSG","6326"]], 
    PRIMEM["Greenwich", 0.0, AUTHORITY["EPSG","8901"]], 
    UNIT["degree", 0.017453292519943295], 
    AXIS["Geodetic latitude", NORTH], 
    AXIS["Geodetic longitude", EAST], 
    AUTHORITY["EPSG","4326"]], 
  PROJECTION["Popular Visualisation Pseudo Mercator", AUTHORITY["EPSG","1024"]], 
  PARAMETER["semi_minor", 6378137.0], 
  PARAMETER["latitude_of_origin", 0.0], 
  PARAMETER["central_meridian", 0.0], 
  PARAMETER["scale_factor", 1.0], 
  PARAMETER["false_easting", 0.0], 
  PARAMETER["false_northing", 0.0], 
  UNIT["m", 1.0], 
  AXIS["Easting", EAST], 
  AXIS["Northing", NORTH], 
  AUTHORITY["EPSG","3857"]]
	Elevation = []
	Env = {}
	Exceptions = SE_XML
	FeatureId = null
	FeatureVersion = null
	Filter = null
	Format = image/png
	FormatOptions = {DPI=180}
	Get = true
	Height = 1664
	Interpolations = []
	Layers = [org.geoserver.wms.MapLayerInfo@e4804762]
	MaxFeatures = null
	Palette = null
	RawKvp = {FORMAT=image/png, CRS=EPSG:3857, STYLES=, WIDTH=1060, HEIGHT=1664, LAYERS=gis:buildings, TILED=true, REQUEST=GetMap, FORMAT_OPTIONS=dpi:180, BBOX=5618544.652530857,7224387.613999576,5620224.710068413,7227024.987341548, VERSION=1.3.0, SERVICE=WMS, TRANSPARENT=TRUE}
	RemoteOwsType = null
	RemoteOwsURL = null
	Request = GetMap
	RequestCharset = UTF-8
	ScaleMethod = null
	Sld = null
	SldBody = null
	SldVersion = null
	SortBy = null
	SortByArrays = null
	SRS = urn:ogc:def:crs:EPSG::3857
	StartIndex = null
	StyleBody = null
	StyleFormat = sld
	Styles = [StyleImpl[ name=polygon]]
	StyleUrl = null
	StyleVersion = null
	Tiled = true
	TilesOrigin = null
	Time = []
	Transparent = true
	ValidateSchema = false
	Version = 1.3.0
	ViewParams = null
	Width = 1060
20 Apr 20:10:38 INFO   [geoserver.wms] - 
Request: getMap
	Angle = 0.0
	BaseUrl = http://localhost:8080/geoserver/
	Bbox = SRSEnvelope[5618544.652530857 : 5620224.710068413, 7224387.613999576 : 7227024.987341548]
	BgColor = java.awt.Color[r=255,g=255,b=255]
	Buffer = 0
	Clip = null
	CQLFilter = null
	Crs = PROJCS["WGS 84 / Pseudo-Mercator", 
  GEOGCS["WGS 84", 
    DATUM["World Geodetic System 1984", 
      SPHEROID["WGS 84", 6378137.0, 298.257223563, AUTHORITY["EPSG","7030"]], 
      AUTHORITY["EPSG","6326"]], 
    PRIMEM["Greenwich", 0.0, AUTHORITY["EPSG","8901"]], 
    UNIT["degree", 0.017453292519943295], 
    AXIS["Geodetic latitude", NORTH], 
    AXIS["Geodetic longitude", EAST], 
    AUTHORITY["EPSG","4326"]], 
  PROJECTION["Popular Visualisation Pseudo Mercator", AUTHORITY["EPSG","1024"]], 
  PARAMETER["semi_minor", 6378137.0], 
  PARAMETER["latitude_of_origin", 0.0], 
  PARAMETER["central_meridian", 0.0], 
  PARAMETER["scale_factor", 1.0], 
  PARAMETER["false_easting", 0.0], 
  PARAMETER["false_northing", 0.0], 
  UNIT["m", 1.0], 
  AXIS["Easting", EAST], 
  AXIS["Northing", NORTH], 
  AUTHORITY["EPSG","3857"]]
	Elevation = []
	Env = {}
	Exceptions = SE_XML
	FeatureId = null
	FeatureVersion = null
	Filter = null
	Format = image/png
	FormatOptions = {DPI=180}
	Get = true
	Height = 1664
	Interpolations = []
	Layers = [org.geoserver.wms.MapLayerInfo@c8d248ce]
	MaxFeatures = null
	Palette = null
	RawKvp = {FORMAT=image/png, CRS=EPSG:3857, STYLES=, WIDTH=1060, HEIGHT=1664, LAYERS=gis:roads, TILED=true, REQUEST=GetMap, FORMAT_OPTIONS=dpi:180, BBOX=5618544.652530857,7224387.613999576,5620224.710068413,7227024.987341548, VERSION=1.3.0, SERVICE=WMS, TRANSPARENT=TRUE}
	RemoteOwsType = null
	RemoteOwsURL = null
	Request = GetMap
	RequestCharset = UTF-8
	ScaleMethod = null
	Sld = null
	SldBody = null
	SldVersion = null
	SortBy = null
	SortByArrays = null
	SRS = urn:ogc:def:crs:EPSG::3857
	StartIndex = null
	StyleBody = null
	StyleFormat = sld
	Styles = [StyleImpl[ name=line]]
	StyleUrl = null
	StyleVersion = null
	Tiled = true
	TilesOrigin = null
	Time = []
	Transparent = true
	ValidateSchema = false
	Version = 1.3.0
	ViewParams = null
	Width = 1060
20 Apr 20:10:38 INFO   [geoserver.flow] - releasing flow controllers for [WMS 1.3.0 GetMap]
20 Apr 20:10:38 INFO   [geoserver.flow] - Request completed, running requests: 2, blocked requests: 0
20 Apr 20:10:38 INFO   [geoserver.flow] - releasing flow controllers for [WMS 1.3.0 GetMap]
20 Apr 20:10:38 INFO   [geoserver.flow] - Request completed, running requests: 1, blocked requests: 0
20 Apr 20:10:38 INFO   [geoserver.flow] - releasing flow controllers for [WMS 1.3.0 GetMap]
20 Apr 20:10:38 INFO   [geoserver.flow] - Request completed, running requests: 0, blocked requests: 0
20 Apr 20:10:43 INFO   [geoserver.wms] - 
Request: getServiceInfo
20 Apr 20:10:43 INFO   [geoserver.wms] - 
Request: getServiceInfo
20 Apr 20:10:43 INFO   [geoserver.wms] - 
Request: getServiceInfo
20 Apr 20:10:43 INFO   [geoserver.flow] - Request [WMS 1.3.0 GetMap] starting, processing through flow controllers
20 Apr 20:10:43 INFO   [geoserver.flow] - Request control-flow performed, running requests: 1, blocked requests: 1
20 Apr 20:10:43 INFO   [geoserver.flow] - Request [WMS 1.3.0 GetMap] starting, processing through flow controllers
20 Apr 20:10:43 INFO   [geoserver.flow] - Request control-flow performed, running requests: 2, blocked requests: 1
20 Apr 20:10:43 INFO   [geoserver.flow] - Request [WMS 1.3.0 GetMap] starting, processing through flow controllers
20 Apr 20:10:43 INFO   [geoserver.flow] - Request control-flow performed, running requests: 3, blocked requests: 0
20 Apr 20:10:43 INFO   [geoserver.wms] - 
Request: getMap
	Angle = 0.0
	BaseUrl = http://localhost:8080/geoserver/
	Bbox = SRSEnvelope[5618366.495938585 : 5620898.472500532, 7223587.461204813 : 7227562.186675643]
	BgColor = java.awt.Color[r=255,g=255,b=255]
	Buffer = 0
	Clip = null
	CQLFilter = null
	Crs = PROJCS["WGS 84 / Pseudo-Mercator", 
  GEOGCS["WGS 84", 
    DATUM["World Geodetic System 1984", 
      SPHEROID["WGS 84", 6378137.0, 298.257223563, AUTHORITY["EPSG","7030"]], 
      AUTHORITY["EPSG","6326"]], 
    PRIMEM["Greenwich", 0.0, AUTHORITY["EPSG","8901"]], 
    UNIT["degree", 0.017453292519943295], 
    AXIS["Geodetic latitude", NORTH], 
    AXIS["Geodetic longitude", EAST], 
    AUTHORITY["EPSG","4326"]], 
  PROJECTION["Popular Visualisation Pseudo Mercator", AUTHORITY["EPSG","1024"]], 
  PARAMETER["semi_minor", 6378137.0], 
  PARAMETER["latitude_of_origin", 0.0], 
  PARAMETER["central_meridian", 0.0], 
  PARAMETER["scale_factor", 1.0], 
  PARAMETER["false_easting", 0.0], 
  PARAMETER["false_northing", 0.0], 
  UNIT["m", 1.0], 
  AXIS["Easting", EAST], 
  AXIS["Northing", NORTH], 
  AUTHORITY["EPSG","3857"]]
	Elevation = []
	Env = {}
	Exceptions = SE_XML
	FeatureId = null
	FeatureVersion = null
	Filter = null
	Format = image/png
	FormatOptions = {DPI=180}
	Get = true
	Height = 1664
	Interpolations = []
	Layers = [org.geoserver.wms.MapLayerInfo@c8d248ce]
	MaxFeatures = null
	Palette = null
	RawKvp = {FORMAT=image/png, CRS=EPSG:3857, STYLES=, WIDTH=1060, HEIGHT=1664, LAYERS=gis:roads, TILED=true, REQUEST=GetMap, FORMAT_OPTIONS=dpi:180, BBOX=5618366.495938585,7223587.461204813,5620898.472500532,7227562.186675643, VERSION=1.3.0, SERVICE=WMS, TRANSPARENT=TRUE}
	RemoteOwsType = null
	RemoteOwsURL = null
	Request = GetMap
	RequestCharset = UTF-8
	ScaleMethod = null
	Sld = null
	SldBody = null
	SldVersion = null
	SortBy = null
	SortByArrays = null
	SRS = urn:ogc:def:crs:EPSG::3857
	StartIndex = null
	StyleBody = null
	StyleFormat = sld
	Styles = [StyleImpl[ name=line]]
	StyleUrl = null
	StyleVersion = null
	Tiled = true
	TilesOrigin = null
	Time = []
	Transparent = true
	ValidateSchema = false
	Version = 1.3.0
	ViewParams = null
	Width = 1060
20 Apr 20:10:43 INFO   [geoserver.wms] - 
Request: getMap
	Angle = 0.0
	BaseUrl = http://localhost:8080/geoserver/
	Bbox = SRSEnvelope[5618366.495938585 : 5620898.472500532, 7223587.461204813 : 7227562.186675643]
	BgColor = java.awt.Color[r=255,g=255,b=255]
	Buffer = 0
	Clip = null
	CQLFilter = null
	Crs = PROJCS["WGS 84 / Pseudo-Mercator", 
  GEOGCS["WGS 84", 
    DATUM["World Geodetic System 1984", 
      SPHEROID["WGS 84", 6378137.0, 298.257223563, AUTHORITY["EPSG","7030"]], 
      AUTHORITY["EPSG","6326"]], 
    PRIMEM["Greenwich", 0.0, AUTHORITY["EPSG","8901"]], 
    UNIT["degree", 0.017453292519943295], 
    AXIS["Geodetic latitude", NORTH], 
    AXIS["Geodetic longitude", EAST], 
    AUTHORITY["EPSG","4326"]], 
  PROJECTION["Popular Visualisation Pseudo Mercator", AUTHORITY["EPSG","1024"]], 
  PARAMETER["semi_minor", 6378137.0], 
  PARAMETER["latitude_of_origin", 0.0], 
  PARAMETER["central_meridian", 0.0], 
  PARAMETER["scale_factor", 1.0], 
  PARAMETER["false_easting", 0.0], 
  PARAMETER["false_northing", 0.0], 
  UNIT["m", 1.0], 
  AXIS["Easting", EAST], 
  AXIS["Northing", NORTH], 
  AUTHORITY["EPSG","3857"]]
	Elevation = []
	Env = {}
	Exceptions = SE_XML
	FeatureId = null
	FeatureVersion = null
	Filter = null
	Format = image/png
	FormatOptions = {DPI=180}
	Get = true
	Height = 1664
	Interpolations = []
	Layers = [org.geoserver.wms.MapLayerInfo@349ab7]
	MaxFeatures = null
	Palette = null
	RawKvp = {FORMAT=image/png, CRS=EPSG:3857, STYLES=, WIDTH=1060, HEIGHT=1664, LAYERS=gis:poi, TILED=true, REQUEST=GetMap, FORMAT_OPTIONS=dpi:180, BBOX=5618366.495938585,7223587.461204813,5620898.472500532,7227562.186675643, VERSION=1.3.0, SERVICE=WMS, TRANSPARENT=TRUE}
	RemoteOwsType = null
	RemoteOwsURL = null
	Request = GetMap
	RequestCharset = UTF-8
	ScaleMethod = null
	Sld = null
	SldBody = null
	SldVersion = null
	SortBy = null
	SortByArrays = null
	SRS = urn:ogc:def:crs:EPSG::3857
	StartIndex = null
	StyleBody = null
	StyleFormat = sld
	Styles = [StyleImpl[ name=point]]
	StyleUrl = null
	StyleVersion = null
	Tiled = true
	TilesOrigin = null
	Time = []
	Transparent = true
	ValidateSchema = false
	Version = 1.3.0
	ViewParams = null
	Width = 1060
20 Apr 20:10:43 INFO   [geoserver.wms] - 
Request: getMap
	Angle = 0.0
	BaseUrl = http://localhost:8080/geoserver/
	Bbox = SRSEnvelope[5618366.495938585 : 5620898.472500532, 7223587.461204813 : 7227562.186675643]
	BgColor = java.awt.Color[r=255,g=255,b=255]
	Buffer = 0
	Clip = null
	CQLFilter = null
	Crs = PROJCS["WGS 84 / Pseudo-Mercator", 
  GEOGCS["WGS 84", 
    DATUM["World Geodetic System 1984", 
      SPHEROID["WGS 84", 6378137.0, 298.257223563, AUTHORITY["EPSG","7030"]], 
      AUTHORITY["EPSG","6326"]], 
    PRIMEM["Greenwich", 0.0, AUTHORITY["EPSG","8901"]], 
    UNIT["degree", 0.017453292519943295], 
    AXIS["Geodetic latitude", NORTH], 
    AXIS["Geodetic longitude", EAST], 
    AUTHORITY["EPSG","4326"]], 
  PROJECTION["Popular Visualisation Pseudo Mercator", AUTHORITY["EPSG","1024"]], 
  PARAMETER["semi_minor", 6378137.0], 
  PARAMETER["latitude_of_origin", 0.0], 
  PARAMETER["central_meridian", 0.0], 
  PARAMETER["scale_factor", 1.0], 
  PARAMETER["false_easting", 0.0], 
  PARAMETER["false_northing", 0.0], 
  UNIT["m", 1.0], 
  AXIS["Easting", EAST], 
  AXIS["Northing", NORTH], 
  AUTHORITY["EPSG","3857"]]
	Elevation = []
	Env = {}
	Exceptions = SE_XML
	FeatureId = null
	FeatureVersion = null
	Filter = null
	Format = image/png
	FormatOptions = {DPI=180}
	Get = true
	Height = 1664
	Interpolations = []
	Layers = [org.geoserver.wms.MapLayerInfo@e4804762]
	MaxFeatures = null
	Palette = null
	RawKvp = {FORMAT=image/png, CRS=EPSG:3857, STYLES=, WIDTH=1060, HEIGHT=1664, LAYERS=gis:buildings, TILED=true, REQUEST=GetMap, FORMAT_OPTIONS=dpi:180, BBOX=5618366.495938585,7223587.461204813,5620898.472500532,7227562.186675643, VERSION=1.3.0, SERVICE=WMS, TRANSPARENT=TRUE}
	RemoteOwsType = null
	RemoteOwsURL = null
	Request = GetMap
	RequestCharset = UTF-8
	ScaleMethod = null
	Sld = null
	SldBody = null
	SldVersion = null
	SortBy = null
	SortByArrays = null
	SRS = urn:ogc:def:crs:EPSG::3857
	StartIndex = null
	StyleBody = null
	StyleFormat = sld
	Styles = [StyleImpl[ name=polygon]]
	StyleUrl = null
	StyleVersion = null
	Tiled = true
	TilesOrigin = null
	Time = []
	Transparent = true
	ValidateSchema = false
	Version = 1.3.0
	ViewParams = null
	Width = 1060
20 Apr 20:10:44 INFO   [geoserver.flow] - releasing flow controllers for [WMS 1.3.0 GetMap]
20 Apr 20:10:44 INFO   [geoserver.flow] - releasing flow controllers for [WMS 1.3.0 GetMap]
20 Apr 20:10:44 INFO   [geoserver.flow] - Request completed, running requests: 1, blocked requests: 0
20 Apr 20:10:44 INFO   [geoserver.flow] - Request completed, running requests: 1, blocked requests: 0
20 Apr 20:10:44 INFO   [geoserver.flow] - releasing flow controllers for [WMS 1.3.0 GetMap]
20 Apr 20:10:44 INFO   [geoserver.flow] - Request completed, running requests: 0, blocked requests: 0
20 Apr 20:10:46 INFO   [geoserver.wms] - 
Request: getServiceInfo
20 Apr 20:10:46 INFO   [geoserver.wms] - 
Request: getServiceInfo
20 Apr 20:10:46 INFO   [geoserver.wms] - 
Request: getServiceInfo
20 Apr 20:10:46 INFO   [geoserver.flow] - Request [WMS 1.3.0 GetMap] starting, processing through flow controllers
20 Apr 20:10:46 INFO   [geoserver.flow] - Request control-flow performed, running requests: 1, blocked requests: 0
20 Apr 20:10:46 INFO   [geoserver.flow] - Request [WMS 1.3.0 GetMap] starting, processing through flow controllers
20 Apr 20:10:46 INFO   [geoserver.flow] - Request [WMS 1.3.0 GetMap] starting, processing through flow controllers
20 Apr 20:10:46 INFO   [geoserver.flow] - Request control-flow performed, running requests: 2, blocked requests: 1
20 Apr 20:10:46 INFO   [geoserver.flow] - Request control-flow performed, running requests: 3, blocked requests: 0
20 Apr 20:10:46 INFO   [geoserver.wms] - 
Request: getMap
	Angle = 0.0
	BaseUrl = http://localhost:8080/geoserver/
	Bbox = SRSEnvelope[5618201.867944991 : 5620989.717928069, 7223403.522009623 : 7227779.920473625]
	BgColor = java.awt.Color[r=255,g=255,b=255]
	Buffer = 0
	Clip = null
	CQLFilter = null
	Crs = PROJCS["WGS 84 / Pseudo-Mercator", 
  GEOGCS["WGS 84", 
    DATUM["World Geodetic System 1984", 
      SPHEROID["WGS 84", 6378137.0, 298.257223563, AUTHORITY["EPSG","7030"]], 
      AUTHORITY["EPSG","6326"]], 
    PRIMEM["Greenwich", 0.0, AUTHORITY["EPSG","8901"]], 
    UNIT["degree", 0.017453292519943295], 
    AXIS["Geodetic latitude", NORTH], 
    AXIS["Geodetic longitude", EAST], 
    AUTHORITY["EPSG","4326"]], 
  PROJECTION["Popular Visualisation Pseudo Mercator", AUTHORITY["EPSG","1024"]], 
  PARAMETER["semi_minor", 6378137.0], 
  PARAMETER["latitude_of_origin", 0.0], 
  PARAMETER["central_meridian", 0.0], 
  PARAMETER["scale_factor", 1.0], 
  PARAMETER["false_easting", 0.0], 
  PARAMETER["false_northing", 0.0], 
  UNIT["m", 1.0], 
  AXIS["Easting", EAST], 
  AXIS["Northing", NORTH], 
  AUTHORITY["EPSG","3857"]]
	Elevation = []
	Env = {}
	Exceptions = SE_XML
	FeatureId = null
	FeatureVersion = null
	Filter = null
	Format = image/png
	FormatOptions = {DPI=180}
	Get = true
	Height = 1664
	Interpolations = []
	Layers = [org.geoserver.wms.MapLayerInfo@349ab7]
	MaxFeatures = null
	Palette = null
	RawKvp = {FORMAT=image/png, CRS=EPSG:3857, STYLES=, WIDTH=1060, HEIGHT=1664, LAYERS=gis:poi, TILED=true, REQUEST=GetMap, FORMAT_OPTIONS=dpi:180, BBOX=5618201.867944991,7223403.522009623,5620989.717928069,7227779.920473625, VERSION=1.3.0, SERVICE=WMS, TRANSPARENT=TRUE}
	RemoteOwsType = null
	RemoteOwsURL = null
	Request = GetMap
	RequestCharset = UTF-8
	ScaleMethod = null
	Sld = null
	SldBody = null
	SldVersion = null
	SortBy = null
	SortByArrays = null
	SRS = urn:ogc:def:crs:EPSG::3857
	StartIndex = null
	StyleBody = null
	StyleFormat = sld
	Styles = [StyleImpl[ name=point]]
	StyleUrl = null
	StyleVersion = null
	Tiled = true
	TilesOrigin = null
	Time = []
	Transparent = true
	ValidateSchema = false
	Version = 1.3.0
	ViewParams = null
	Width = 1060
20 Apr 20:10:46 INFO   [geoserver.wms] - 
Request: getMap
	Angle = 0.0
	BaseUrl = http://localhost:8080/geoserver/
	Bbox = SRSEnvelope[5618201.867944991 : 5620989.717928069, 7223403.522009623 : 7227779.920473625]
	BgColor = java.awt.Color[r=255,g=255,b=255]
	Buffer = 0
	Clip = null
	CQLFilter = null
	Crs = PROJCS["WGS 84 / Pseudo-Mercator", 
  GEOGCS["WGS 84", 
    DATUM["World Geodetic System 1984", 
      SPHEROID["WGS 84", 6378137.0, 298.257223563, AUTHORITY["EPSG","7030"]], 
      AUTHORITY["EPSG","6326"]], 
    PRIMEM["Greenwich", 0.0, AUTHORITY["EPSG","8901"]], 
    UNIT["degree", 0.017453292519943295], 
    AXIS["Geodetic latitude", NORTH], 
    AXIS["Geodetic longitude", EAST], 
    AUTHORITY["EPSG","4326"]], 
  PROJECTION["Popular Visualisation Pseudo Mercator", AUTHORITY["EPSG","1024"]], 
  PARAMETER["semi_minor", 6378137.0], 
  PARAMETER["latitude_of_origin", 0.0], 
  PARAMETER["central_meridian", 0.0], 
  PARAMETER["scale_factor", 1.0], 
  PARAMETER["false_easting", 0.0], 
  PARAMETER["false_northing", 0.0], 
  UNIT["m", 1.0], 
  AXIS["Easting", EAST], 
  AXIS["Northing", NORTH], 
  AUTHORITY["EPSG","3857"]]
	Elevation = []
	Env = {}
	Exceptions = SE_XML
	FeatureId = null
	FeatureVersion = null
	Filter = null
	Format = image/png
	FormatOptions = {DPI=180}
	Get = true
	Height = 1664
	Interpolations = []
	Layers = [org.geoserver.wms.MapLayerInfo@c8d248ce]
	MaxFeatures = null
	Palette = null
	RawKvp = {FORMAT=image/png, CRS=EPSG:3857, STYLES=, WIDTH=1060, HEIGHT=1664, LAYERS=gis:roads, TILED=true, REQUEST=GetMap, FORMAT_OPTIONS=dpi:180, BBOX=5618201.867944991,7223403.522009623,5620989.717928069,7227779.920473625, VERSION=1.3.0, SERVICE=WMS, TRANSPARENT=TRUE}
	RemoteOwsType = null
	RemoteOwsURL = null
	Request = GetMap
	RequestCharset = UTF-8
	ScaleMethod = null
	Sld = null
	SldBody = null
	SldVersion = null
	SortBy = null
	SortByArrays = null
	SRS = urn:ogc:def:crs:EPSG::3857
	StartIndex = null
	StyleBody = null
	StyleFormat = sld
	Styles = [StyleImpl[ name=line]]
	StyleUrl = null
	StyleVersion = null
	Tiled = true
	TilesOrigin = null
	Time = []
	Transparent = true
	ValidateSchema = false
	Version = 1.3.0
	ViewParams = null
	Width = 1060
20 Apr 20:10:46 INFO   [geoserver.wms] - 
Request: getMap
	Angle = 0.0
	BaseUrl = http://localhost:8080/geoserver/
	Bbox = SRSEnvelope[5618201.867944991 : 5620989.717928069, 7223403.522009623 : 7227779.920473625]
	BgColor = java.awt.Color[r=255,g=255,b=255]
	Buffer = 0
	Clip = null
	CQLFilter = null
	Crs = PROJCS["WGS 84 / Pseudo-Mercator", 
  GEOGCS["WGS 84", 
    DATUM["World Geodetic System 1984", 
      SPHEROID["WGS 84", 6378137.0, 298.257223563, AUTHORITY["EPSG","7030"]], 
      AUTHORITY["EPSG","6326"]], 
    PRIMEM["Greenwich", 0.0, AUTHORITY["EPSG","8901"]], 
    UNIT["degree", 0.017453292519943295], 
    AXIS["Geodetic latitude", NORTH], 
    AXIS["Geodetic longitude", EAST], 
    AUTHORITY["EPSG","4326"]], 
  PROJECTION["Popular Visualisation Pseudo Mercator", AUTHORITY["EPSG","1024"]], 
  PARAMETER["semi_minor", 6378137.0], 
  PARAMETER["latitude_of_origin", 0.0], 
  PARAMETER["central_meridian", 0.0], 
  PARAMETER["scale_factor", 1.0], 
  PARAMETER["false_easting", 0.0], 
  PARAMETER["false_northing", 0.0], 
  UNIT["m", 1.0], 
  AXIS["Easting", EAST], 
  AXIS["Northing", NORTH], 
  AUTHORITY["EPSG","3857"]]
	Elevation = []
	Env = {}
	Exceptions = SE_XML
	FeatureId = null
	FeatureVersion = null
	Filter = null
	Format = image/png
	FormatOptions = {DPI=180}
	Get = true
	Height = 1664
	Interpolations = []
	Layers = [org.geoserver.wms.MapLayerInfo@e4804762]
	MaxFeatures = null
	Palette = null
	RawKvp = {FORMAT=image/png, CRS=EPSG:3857, STYLES=, WIDTH=1060, HEIGHT=1664, LAYERS=gis:buildings, TILED=true, REQUEST=GetMap, FORMAT_OPTIONS=dpi:180, BBOX=5618201.867944991,7223403.522009623,5620989.717928069,7227779.920473625, VERSION=1.3.0, SERVICE=WMS, TRANSPARENT=TRUE}
	RemoteOwsType = null
	RemoteOwsURL = null
	Request = GetMap
	RequestCharset = UTF-8
	ScaleMethod = null
	Sld = null
	SldBody = null
	SldVersion = null
	SortBy = null
	SortByArrays = null
	SRS = urn:ogc:def:crs:EPSG::3857
	StartIndex = null
	StyleBody = null
	StyleFormat = sld
	Styles = [StyleImpl[ name=polygon]]
	StyleUrl = null
	StyleVersion = null
	Tiled = true
	TilesOrigin = null
	Time = []
	Transparent = true
	ValidateSchema = false
	Version = 1.3.0
	ViewParams = null
	Width = 1060
20 Apr 20:10:46 INFO   [geoserver.flow] - releasing flow controllers for [WMS 1.3.0 GetMap]
20 Apr 20:10:46 INFO   [geoserver.flow] - releasing flow controllers for [WMS 1.3.0 GetMap]
20 Apr 20:10:46 INFO   [geoserver.flow] - Request completed, running requests: 1, blocked requests: 0
20 Apr 20:10:46 INFO   [geoserver.flow] - Request completed, running requests: 1, blocked requests: 0
20 Apr 20:10:46 INFO   [geoserver.flow] - releasing flow controllers for [WMS 1.3.0 GetMap]
20 Apr 20:10:46 INFO   [geoserver.flow] - Request completed, running requests: 0, blocked requests: 0
