{
"type": "FeatureCollection",
"name": "overture",
"crs": { "type": "name", "properties": { "name": "urn:ogc:def:crs:OGC::CRS84" } },
"features": [
{ "type": "Feature", "properties": { "id": "cdc665dc-147d-479b-8b1d-d28eab230f23", "source_type": "ml", "subtype": null, "class": null }, "geometry": { "type": "Polygon", "coordinates": [ [ [ 50.4885022, 54.3119505 ], [ 50.4884318, 54.3119112 ], [ 50.4885087, 54.3118643 ], [ 50.4884513, 54.3118323 ], [ 50.4885276, 54.3117857 ], [ 50.4886554, 54.3118569 ], [ 50.4885022, 54.3119505 ] ] ] } },
{ "type": "Feature", "properties": { "id": "5816d7a7-18c4-43ef-8daa-111135a93efc", "source_type": "ml", "subtype": null, "class": null }, "geometry": { "type": "Polygon", "coordinates": [ [ [ 50.4890363, 54.3120285 ], [ 50.4891098, 54.3120756 ], [ 50.4890012, 54.3121332 ], [ 50.4889278, 54.3120861 ], [ 50.4890363, 54.3120285 ] ] ] } },
{ "type": "Feature", "properties": { "id": "5bfb7152-bc4b-49a7-bc1a-a8d4b59551f9", "source_type": "ml", "subtype": null, "class": null }, "geometry": { "type": "Polygon", "coordinates": [ [ [ 50.4892725, 54.3123496 ], [ 50.4892238, 54.3123262 ], [ 50.4893441, 54.3122411 ], [ 50.4894226, 54.3122788 ], [ 50.4893318, 54.3123431 ], [ 50.489302, 54.3123287 ], [ 50.4892725, 54.3123496 ] ] ] } },
{ "type": "Feature", "properties": { "id": "739e4252-cb23-4349-8379-4189a7eb399c", "source_type": "ml", "subtype": null, "class": null }, "geometry": { "type": "Polygon", "coordinates": [ [ [ 50.4903823, 54.3128624 ], [ 50.4902118, 54.3127744 ], [ 50.4902687, 54.3127368 ], [ 50.4904393, 54.3128248 ], [ 50.4903823, 54.3128624 ] ] ] } },
{ "type": "Feature", "properties": { "id": "e270a0ea-6285-4afc-9444-24dc8ada523d", "source_type": "ml", "subtype": null, "class": null }, "geometry": { "type": "Polygon", "coordinates": [ [ [ 50.4907925, 54.3131264 ], [ 50.4907347, 54.3130913 ], [ 50.4908452, 54.3130292 ], [ 50.4909031, 54.3130643 ], [ 50.4907925, 54.3131264 ] ] ] } },
{ "type": "Feature", "properties": { "id": "24a9a7f1-9bb2-4b9c-9c83-0cd1daf2caf4", "source_type": "ml", "subtype": null, "class": null }, "geometry": { "type": "Polygon", "coordinates": [ [ [ 50.4876373, 54.3114718 ], [ 50.4876633, 54.3114506 ], [ 50.4877068, 54.3114688 ], [ 50.4876807, 54.31149 ], [ 50.4876373, 54.3114718 ] ] ] } },
{ "type": "Feature", "properties": { "id": "2d85fc6a-c11b-4396-96a9-805ef53568fc", "source_type": "ml", "subtype": null, "class": null }, "geometry": { "type": "Polygon", "coordinates": [ [ [ 50.4876574, 54.3112588 ], [ 50.4876946, 54.3112837 ], [ 50.4876402, 54.3113113 ], [ 50.487603, 54.3112864 ], [ 50.4876574, 54.3112588 ] ] ] } },
{ "type": "Feature", "properties": { "id": "1af7043a-8e10-4fa6-a7a0-c5be166d6b4c", "source_type": "ml", "subtype": null, "class": null }, "geometry": { "type": "Polygon", "coordinates": [ [ [ 50.487486, 54.3113806 ], [ 50.4875956, 54.3113196 ], [ 50.4876452, 54.3113499 ], [ 50.4875355, 54.3114109 ], [ 50.487486, 54.3113806 ] ] ] } },
{ "type": "Feature", "properties": { "id": "da9d61aa-10e6-455e-99b2-804bb1cc13b0", "source_type": "ml", "subtype": null, "class": null }, "geometry": { "type": "Polygon", "coordinates": [ [ [ 50.4870341, 54.3111415 ], [ 50.4871646, 54.3110904 ], [ 50.4872012, 54.3111222 ], [ 50.4870707, 54.3111733 ], [ 50.4870341, 54.3111415 ] ] ] } },
{ "type": "Feature", "properties": { "id": "84a62edd-6309-451e-beeb-10668239413b", "source_type": "ml", "subtype": null, "class": null }, "geometry": { "type": "Polygon", "coordinates": [ [ [ 50.4873879, 54.3112897 ], [ 50.4873044, 54.3112453 ], [ 50.4874088, 54.3111785 ], [ 50.4874923, 54.311223 ], [ 50.4873879, 54.3112897 ] ] ] } },
{ "type": "Feature", "properties": { "id": "f3a7816f-ad2f-4dc9-8cc4-73df17a3e5c5", "source_type": "ml", "subtype": null, "class": null }, "geometry": { "type": "Polygon", "coordinates": [ [ [ 50.4870244, 54.3110979 ], [ 50.4869447, 54.3110519 ], [ 50.4870612, 54.3109832 ], [ 50.4871409, 54.3110291 ], [ 50.4870244, 54.3110979 ] ] ] } },
{ "type": "Feature", "properties": { "id": "4b100796-64f9-49a9-ac9b-5f021802b9f7", "source_type": "ml", "subtype": null, "class": null }, "geometry": { "type": "Polygon", "coordinates": [ [ [ 50.4877565, 54.3107199 ], [ 50.4877059, 54.3107005 ], [ 50.4877342, 54.3106753 ], [ 50.4877848, 54.3106947 ], [ 50.4877565, 54.3107199 ] ] ] } },
{ "type": "Feature", "properties": { "id": "b580f251-c461-4927-8bcb-bbc375317495", "source_type": "ml", "subtype": null, "class": null }, "geometry": { "type": "Polygon", "coordinates": [ [ [ 50.488005, 54.3109007 ], [ 50.4879757, 54.3108672 ], [ 50.4880311, 54.3108507 ], [ 50.4880604, 54.3108842 ], [ 50.488005, 54.3109007 ] ] ] } },
{ "type": "Feature", "properties": { "id": "0e093a11-db46-4f1d-948b-9142e1eb6839", "source_type": "ml", "subtype": null, "class": null }, "geometry": { "type": "Polygon", "coordinates": [ [ [ 50.4856951, 54.3104965 ], [ 50.4856665, 54.310475 ], [ 50.4857124, 54.3104542 ], [ 50.485741, 54.3104758 ], [ 50.4856951, 54.3104965 ] ] ] } },
{ "type": "Feature", "properties": { "id": "5f389ff6-6627-49e8-b084-01f0694d1615", "source_type": "ml", "subtype": null, "class": null }, "geometry": { "type": "Polygon", "coordinates": [ [ [ 50.485823, 54.3104439 ], [ 50.4857302, 54.3103972 ], [ 50.485834, 54.3103271 ], [ 50.4859267, 54.3103738 ], [ 50.485823, 54.3104439 ] ] ] } },
{ "type": "Feature", "properties": { "id": "a68cb1d8-b0b4-4842-b49d-f1b34a3a75a2", "source_type": "ml", "subtype": null, "class": null }, "geometry": { "type": "Polygon", "coordinates": [ [ [ 50.4877634, 54.3120802 ], [ 50.4877213, 54.3120628 ], [ 50.4877497, 54.3120393 ], [ 50.4877919, 54.3120567 ], [ 50.4877634, 54.3120802 ] ] ] } },
{ "type": "Feature", "properties": { "id": "4a883367-6ba3-4bda-9685-1af52839745e", "source_type": "ml", "subtype": null, "class": null }, "geometry": { "type": "Polygon", "coordinates": [ [ [ 50.4834256, 54.309142 ], [ 50.4833624, 54.3090972 ], [ 50.4834999, 54.3090312 ], [ 50.4835631, 54.3090761 ], [ 50.4834256, 54.309142 ] ] ] } },
{ "type": "Feature", "properties": { "id": "4e0f62c1-3103-4fdc-b389-dec8eca0f2dd", "source_type": "ml", "subtype": null, "class": null }, "geometry": { "type": "Polygon", "coordinates": [ [ [ 50.4834249, 54.3090152 ], [ 50.483366, 54.3089792 ], [ 50.4834333, 54.3089417 ], [ 50.4834923, 54.3089777 ], [ 50.4834249, 54.3090152 ] ] ] } },
{ "type": "Feature", "properties": { "id": "26b3dec0-919d-4b24-a1dc-03b8aa0f9cd2", "source_type": "ml", "subtype": null, "class": null }, "geometry": { "type": "Polygon", "coordinates": [ [ [ 50.4832705, 54.3090621 ], [ 50.4832444, 54.3090396 ], [ 50.4833659, 54.3089916 ], [ 50.483392, 54.3090142 ], [ 50.4832705, 54.3090621 ] ] ] } },
{ "type": "Feature", "properties": { "id": "1f03ae59-37e6-4303-aa4f-8f195ae859f6", "source_type": "ml", "subtype": null, "class": null }, "geometry": { "type": "Polygon", "coordinates": [ [ [ 50.4835895, 54.3096429 ], [ 50.4835452, 54.3096195 ], [ 50.4835906, 54.3095903 ], [ 50.4836349, 54.3096136 ], [ 50.4835895, 54.3096429 ] ] ] } },
{ "type": "Feature", "properties": { "id": "ca2206fa-0846-4356-8703-37f0f808a529", "source_type": "ml", "subtype": null, "class": null }, "geometry": { "type": "Polygon", "coordinates": [ [ [ 50.4840353, 54.3096118 ], [ 50.483942, 54.3095758 ], [ 50.4839846, 54.3095381 ], [ 50.484078, 54.3095741 ], [ 50.4840353, 54.3096118 ] ] ] } },
{ "type": "Feature", "properties": { "id": "43fd84bf-cf76-476f-977f-00976fd67bd3", "source_type": "ml", "subtype": null, "class": null }, "geometry": { "type": "Polygon", "coordinates": [ [ [ 50.4841603, 54.3095669 ], [ 50.4842103, 54.3095934 ], [ 50.4841476, 54.3096338 ], [ 50.4840975, 54.3096073 ], [ 50.4841603, 54.3095669 ] ] ] } },
{ "type": "Feature", "properties": { "id": "d3911f2b-3b72-4ce0-aee7-d2ec5e813f62", "source_type": "ml", "subtype": null, "class": null }, "geometry": { "type": "Polygon", "coordinates": [ [ [ 50.4842621, 54.3097018 ], [ 50.4842062, 54.3096749 ], [ 50.4842325, 54.3096563 ], [ 50.4842884, 54.3096832 ], [ 50.4842621, 54.3097018 ] ] ] } },
{ "type": "Feature", "properties": { "id": "30216589-9fa6-41e1-b55c-7819d7aebe0f", "source_type": "ml", "subtype": null, "class": null }, "geometry": { "type": "Polygon", "coordinates": [ [ [ 50.4837251, 54.3094157 ], [ 50.4839822, 54.3092567 ], [ 50.4840597, 54.3092993 ], [ 50.4838026, 54.3094583 ], [ 50.4837251, 54.3094157 ] ] ] } },
{ "type": "Feature", "properties": { "id": "8da1b489-2d0f-4b2d-98f2-161231e63929", "source_type": "ml", "subtype": null, "class": null }, "geometry": { "type": "Polygon", "coordinates": [ [ [ 50.4838085, 54.3091989 ], [ 50.4838729, 54.3092365 ], [ 50.4838192, 54.3092678 ], [ 50.4837549, 54.3092302 ], [ 50.4838085, 54.3091989 ] ] ] } },
{ "type": "Feature", "properties": { "id": "c3fc1a55-63e8-47d3-8440-eb9a38d14f0d", "source_type": "ml", "subtype": null, "class": null }, "geometry": { "type": "Polygon", "coordinates": [ [ [ 50.4830259, 54.3081563 ], [ 50.4830514, 54.308132 ], [ 50.4831235, 54.3081578 ], [ 50.4830979, 54.3081821 ], [ 50.4830259, 54.3081563 ] ] ] } },
{ "type": "Feature", "properties": { "id": "a4421240-51aa-43b8-8c90-49424fed7e7a", "source_type": "ml", "subtype": null, "class": null }, "geometry": { "type": "Polygon", "coordinates": [ [ [ 50.4827578, 54.3087773 ], [ 50.4826873, 54.3087344 ], [ 50.4828148, 54.308663 ], [ 50.4828854, 54.3087059 ], [ 50.4827578, 54.3087773 ] ] ] } },
{ "type": "Feature", "properties": { "id": "500dfc16-d954-4e65-9d8a-1b89597b23f9", "source_type": "ml", "subtype": null, "class": null }, "geometry": { "type": "Polygon", "coordinates": [ [ [ 50.4821257, 54.3085033 ], [ 50.4820502, 54.308462 ], [ 50.4822486, 54.3083386 ], [ 50.4823241, 54.3083799 ], [ 50.4821257, 54.3085033 ] ] ] } },
{ "type": "Feature", "properties": { "id": "1d4e2aea-d564-4bf5-ad7e-de3f2011e0e2", "source_type": "ml", "subtype": null, "class": null }, "geometry": { "type": "Polygon", "coordinates": [ [ [ 50.4821304, 54.3086395 ], [ 50.4821744, 54.308639 ], [ 50.4821757, 54.3086739 ], [ 50.4821317, 54.3086745 ], [ 50.4821304, 54.3086395 ] ] ] } },
{ "type": "Feature", "properties": { "id": "52a04092-9942-4b75-90d6-dc7b501fc403", "source_type": "ml", "subtype": null, "class": null }, "geometry": { "type": "Polygon", "coordinates": [ [ [ 50.4820037, 54.3084075 ], [ 50.4820657, 54.3083892 ], [ 50.482084, 54.3084105 ], [ 50.482022, 54.3084287 ], [ 50.4820037, 54.3084075 ] ] ] } },
{ "type": "Feature", "properties": { "id": "d2a65de2-985c-444d-a71a-807b9f409c8e", "source_type": "ml", "subtype": null, "class": null }, "geometry": { "type": "Polygon", "coordinates": [ [ [ 50.482121, 54.3082138 ], [ 50.4819589, 54.3083739 ], [ 50.4818655, 54.3083417 ], [ 50.4820276, 54.3081816 ], [ 50.482121, 54.3082138 ] ] ] } },
{ "type": "Feature", "properties": { "id": "2780133a-b7d5-4901-a341-4848d84d2192", "source_type": "ml", "subtype": null, "class": null }, "geometry": { "type": "Polygon", "coordinates": [ [ [ 50.4806836, 54.3077871 ], [ 50.4807283, 54.3078019 ], [ 50.4806777, 54.307854 ], [ 50.480633, 54.3078392 ], [ 50.4806836, 54.3077871 ] ] ] } },
{ "type": "Feature", "properties": { "id": "d4fd9fb1-31f2-44a5-909d-b7319d0a1cb9", "source_type": "ml", "subtype": null, "class": null }, "geometry": { "type": "Polygon", "coordinates": [ [ [ 50.4792235, 54.3072852 ], [ 50.4792687, 54.3073018 ], [ 50.4792076, 54.3073585 ], [ 50.4791624, 54.3073419 ], [ 50.4792235, 54.3072852 ] ] ] } },
{ "type": "Feature", "properties": { "id": "c860047a-e04e-432d-bb7d-d2bf2af9cb2b", "source_type": "ml", "subtype": null, "class": null }, "geometry": { "type": "Polygon", "coordinates": [ [ [ 50.4799255, 54.3075385 ], [ 50.4799785, 54.3074791 ], [ 50.4801205, 54.3075222 ], [ 50.4800676, 54.3075816 ], [ 50.4799255, 54.3075385 ] ] ] } },
{ "type": "Feature", "properties": { "id": "7f4dbc28-8536-4a66-899f-539df3ec4060", "source_type": "ml", "subtype": null, "class": null }, "geometry": { "type": "Polygon", "coordinates": [ [ [ 50.4802382, 54.3075914 ], [ 50.480299, 54.3076141 ], [ 50.4802673, 54.307643 ], [ 50.4802065, 54.3076202 ], [ 50.4802382, 54.3075914 ] ] ] } },
{ "type": "Feature", "properties": { "id": "5be329e1-3105-4278-86ee-5ca69b5fcea2", "source_type": "ml", "subtype": null, "class": null }, "geometry": { "type": "Polygon", "coordinates": [ [ [ 50.4803766, 54.3079124 ], [ 50.4803499, 54.3078952 ], [ 50.4804105, 54.3078632 ], [ 50.4804372, 54.3078805 ], [ 50.4803766, 54.3079124 ] ] ] } },
{ "type": "Feature", "properties": { "id": "ea2c390a-3db3-4035-a16d-5b0304ffcf75", "source_type": "ml", "subtype": null, "class": null }, "geometry": { "type": "Polygon", "coordinates": [ [ [ 50.4805479, 54.3078004 ], [ 50.4805742, 54.3078255 ], [ 50.480505, 54.3078502 ], [ 50.4804788, 54.3078252 ], [ 50.4805479, 54.3078004 ] ] ] } },
{ "type": "Feature", "properties": { "id": "f2a6b001-f19f-43ac-a54b-4f35be7ddc9d", "source_type": "ml", "subtype": null, "class": null }, "geometry": { "type": "Polygon", "coordinates": [ [ [ 50.4793839, 54.2946234 ], [ 50.4792999, 54.2946034 ], [ 50.4793018, 54.2946007 ], [ 50.4792098, 54.2945788 ], [ 50.4792417, 54.2945332 ], [ 50.4794176, 54.2945751 ], [ 50.4793839, 54.2946234 ] ] ] } },
{ "type": "Feature", "properties": { "id": "9716e15a-9e96-4c84-8c4e-ad0d4f82b4fc", "source_type": "ml", "subtype": null, "class": null }, "geometry": { "type": "Polygon", "coordinates": [ [ [ 50.4792319, 54.2942276 ], [ 50.4790703, 54.2941588 ], [ 50.4791975, 54.294057 ], [ 50.4793207, 54.2941095 ], [ 50.4792952, 54.2941298 ], [ 50.4793337, 54.2941462 ], [ 50.4792319, 54.2942276 ] ] ] } },
{ "type": "Feature", "properties": { "id": "32acb829-b18f-4d3c-9d9d-d6b71da85f30", "source_type": "ml", "subtype": null, "class": null }, "geometry": { "type": "Polygon", "coordinates": [ [ [ 50.4794719, 54.2942603 ], [ 50.4795713, 54.2941533 ], [ 50.4796791, 54.2941875 ], [ 50.4795796, 54.2942944 ], [ 50.4794719, 54.2942603 ] ] ] } },
{ "type": "Feature", "properties": { "id": "9d7e9a20-f4f9-42d0-87e1-b4f9d9619e16", "source_type": "ml", "subtype": null, "class": null }, "geometry": { "type": "Polygon", "coordinates": [ [ [ 50.479796, 54.2941021 ], [ 50.4797399, 54.2941486 ], [ 50.4796951, 54.2941302 ], [ 50.4797512, 54.2940837 ], [ 50.479796, 54.2941021 ] ] ] } },
{ "type": "Feature", "properties": { "id": "7a0d9921-d76e-4f54-9d96-ea1c7a3c372e", "source_type": "ml", "subtype": null, "class": null }, "geometry": { "type": "Polygon", "coordinates": [ [ [ 50.47992, 54.2939746 ], [ 50.479836, 54.2939537 ], [ 50.4798596, 54.2939213 ], [ 50.4799436, 54.2939422 ], [ 50.47992, 54.2939746 ] ] ] } },
{ "type": "Feature", "properties": { "id": "195be8af-3e57-4150-b9d4-f5d5003c8b47", "source_type": "ml", "subtype": null, "class": null }, "geometry": { "type": "Polygon", "coordinates": [ [ [ 50.4794485, 54.2938109 ], [ 50.4795477, 54.2937264 ], [ 50.4797201, 54.2937954 ], [ 50.4796619, 54.2938449 ], [ 50.4795771, 54.293811 ], [ 50.4795361, 54.2938459 ], [ 50.4794485, 54.2938109 ] ] ] } },
{ "type": "Feature", "properties": { "id": "2e767f2f-0ac7-4d66-9e35-4216f58b8a9f", "source_type": "ml", "subtype": null, "class": null }, "geometry": { "type": "Polygon", "coordinates": [ [ [ 50.4796471, 54.2940458 ], [ 50.4796864, 54.2940196 ], [ 50.4797471, 54.2940506 ], [ 50.4797077, 54.2940768 ], [ 50.4796471, 54.2940458 ] ] ] } },
{ "type": "Feature", "properties": { "id": "ec5f457c-dc8c-4339-b14b-6c89616be873", "source_type": "ml", "subtype": null, "class": null }, "geometry": { "type": "Polygon", "coordinates": [ [ [ 50.4796085, 54.2940366 ], [ 50.4796425, 54.2940028 ], [ 50.4796774, 54.2940148 ], [ 50.4796435, 54.2940485 ], [ 50.4796085, 54.2940366 ] ] ] } },
{ "type": "Feature", "properties": { "id": "d323b9f2-bb17-44a5-9b07-96ee60e24a81", "source_type": "ml", "subtype": null, "class": null }, "geometry": { "type": "Polygon", "coordinates": [ [ [ 50.479473, 54.2940768 ], [ 50.4795213, 54.2940133 ], [ 50.479584, 54.2940295 ], [ 50.4795357, 54.294093 ], [ 50.479473, 54.2940768 ] ] ] } },
{ "type": "Feature", "properties": { "id": "cdd70288-25b7-495f-9428-c4905f21a069", "source_type": "ml", "subtype": null, "class": null }, "geometry": { "type": "Polygon", "coordinates": [ [ [ 50.4800854, 54.2934461 ], [ 50.4799505, 54.2935614 ], [ 50.4797778, 54.2934926 ], [ 50.479953, 54.2933427 ], [ 50.4800984, 54.2934006 ], [ 50.4800579, 54.2934352 ], [ 50.4800854, 54.2934461 ] ] ] } },
{ "type": "Feature", "properties": { "id": "0f4d6a6c-34b1-4272-abae-e92e5acbfa64", "source_type": "ml", "subtype": null, "class": null }, "geometry": { "type": "Polygon", "coordinates": [ [ [ 50.4800369, 54.293315 ], [ 50.4799614, 54.293289 ], [ 50.4799901, 54.2932607 ], [ 50.4800656, 54.2932867 ], [ 50.4800369, 54.293315 ] ] ] } },
{ "type": "Feature", "properties": { "id": "e9be722f-436c-42bd-9ac1-93f192a92a0a", "source_type": "ml", "subtype": null, "class": null }, "geometry": { "type": "Polygon", "coordinates": [ [ [ 50.4802243, 54.2934515 ], [ 50.4802557, 54.2934176 ], [ 50.480351, 54.2934478 ], [ 50.4802284, 54.2935796 ], [ 50.4801466, 54.2935536 ], [ 50.4801376, 54.2935633 ], [ 50.4800537, 54.2935367 ], [ 50.4801538, 54.2934291 ], [ 50.4802243, 54.2934515 ] ] ] } },
{ "type": "Feature", "properties": { "id": "9f644bc2-5ef1-417b-b171-a290065f4330", "source_type": "ml", "subtype": null, "class": null }, "geometry": { "type": "Polygon", "coordinates": [ [ [ 50.4800756, 54.293624 ], [ 50.4801205, 54.2936336 ], [ 50.480102, 54.2936632 ], [ 50.480057, 54.2936536 ], [ 50.4800756, 54.293624 ] ] ] } },
{ "type": "Feature", "properties": { "id": "00c39813-cb45-4744-8bf3-81bb415928c1", "source_type": "ml", "subtype": null, "class": null }, "geometry": { "type": "Polygon", "coordinates": [ [ [ 50.4800499, 54.2935363 ], [ 50.4801267, 54.2935651 ], [ 50.4800962, 54.2935928 ], [ 50.4800194, 54.2935639 ], [ 50.4800499, 54.2935363 ] ] ] } },
{ "type": "Feature", "properties": { "id": "e21b61a5-57db-430f-9fdb-d282f3c88a1b", "source_type": "ml", "subtype": null, "class": null }, "geometry": { "type": "Polygon", "coordinates": [ [ [ 50.4799296, 54.293869 ], [ 50.4799494, 54.2938373 ], [ 50.4799163, 54.2938302 ], [ 50.4799365, 54.2937978 ], [ 50.4800312, 54.293818 ], [ 50.4799912, 54.2938821 ], [ 50.4799296, 54.293869 ] ] ] } },
{ "type": "Feature", "properties": { "id": "48596661-1bde-4bca-b9ee-20e10e35ac11", "source_type": "ml", "subtype": null, "class": null }, "geometry": { "type": "Polygon", "coordinates": [ [ [ 50.4800964, 54.2937687 ], [ 50.4800629, 54.2938125 ], [ 50.4799869, 54.2937927 ], [ 50.4799909, 54.2937874 ], [ 50.479888, 54.2937606 ], [ 50.4799176, 54.293722 ], [ 50.4800964, 54.2937687 ] ] ] } },
{ "type": "Feature", "properties": { "id": "1e3ee0e2-fe97-40f0-a53a-ae069e57d22b", "source_type": "ml", "subtype": null, "class": null }, "geometry": { "type": "Polygon", "coordinates": [ [ [ 50.4804312, 54.2933958 ], [ 50.4804721, 54.293356 ], [ 50.4805913, 54.2933978 ], [ 50.4805504, 54.2934376 ], [ 50.4804312, 54.2933958 ] ] ] } },
{ "type": "Feature", "properties": { "id": "bfbe5bb2-a6df-4c1e-8532-1d30d729e75a", "source_type": "ml", "subtype": null, "class": null }, "geometry": { "type": "Polygon", "coordinates": [ [ [ 50.4807117, 54.2933225 ], [ 50.4806789, 54.2933106 ], [ 50.4807216, 54.2932707 ], [ 50.4807544, 54.2932827 ], [ 50.4807117, 54.2933225 ] ] ] } },
{ "type": "Feature", "properties": { "id": "a98483d5-4379-4c39-914f-c84d8b24f72a", "source_type": "ml", "subtype": null, "class": null }, "geometry": { "type": "Polygon", "coordinates": [ [ [ 50.4814434, 54.2926616 ], [ 50.4815111, 54.2926897 ], [ 50.4814757, 54.2927188 ], [ 50.481408, 54.2926907 ], [ 50.4814434, 54.2926616 ] ] ] } },
{ "type": "Feature", "properties": { "id": "e69435b2-6dba-4888-8bc4-b268a7822fb0", "source_type": "ml", "subtype": null, "class": null }, "geometry": { "type": "Polygon", "coordinates": [ [ [ 50.481514, 54.292483 ], [ 50.48162, 54.2925081 ], [ 50.4816004, 54.2925363 ], [ 50.4814944, 54.2925112 ], [ 50.481514, 54.292483 ] ] ] } },
{ "type": "Feature", "properties": { "id": "1d8dcb8c-c3c2-4469-8f03-b1bcd35b1650", "source_type": "ml", "subtype": null, "class": null }, "geometry": { "type": "Polygon", "coordinates": [ [ [ 50.481902, 54.292292 ], [ 50.4818309, 54.2922685 ], [ 50.4818574, 54.2922413 ], [ 50.4819284, 54.2922648 ], [ 50.481902, 54.292292 ] ] ] } },
{ "type": "Feature", "properties": { "id": "f78fff7c-1441-4dea-9104-c21a69c30a39", "source_type": "ml", "subtype": null, "class": null }, "geometry": { "type": "Polygon", "coordinates": [ [ [ 50.4818504, 54.2919403 ], [ 50.4817926, 54.2919224 ], [ 50.4818726, 54.2918344 ], [ 50.4819303, 54.2918523 ], [ 50.4818504, 54.2919403 ] ] ] } },
{ "type": "Feature", "properties": { "id": "20d2c74b-dbe2-4525-bb7a-27a3b966a180", "source_type": "ml", "subtype": null, "class": null }, "geometry": { "type": "Polygon", "coordinates": [ [ [ 50.4810567, 54.2922999 ], [ 50.4811254, 54.2922377 ], [ 50.4813217, 54.2923115 ], [ 50.481253, 54.2923737 ], [ 50.4810567, 54.2922999 ] ] ] } },
{ "type": "Feature", "properties": { "id": "7da60f50-1ae2-40cc-9244-1a09532bc736", "source_type": "ml", "subtype": null, "class": null }, "geometry": { "type": "Polygon", "coordinates": [ [ [ 50.4812991, 54.2922008 ], [ 50.4812335, 54.292168 ], [ 50.4812927, 54.2921277 ], [ 50.4813582, 54.2921606 ], [ 50.4812991, 54.2922008 ] ] ] } },
{ "type": "Feature", "properties": { "id": "5ffa2aa7-b8da-4c74-8857-19d2f0987c76", "source_type": "ml", "subtype": null, "class": null }, "geometry": { "type": "Polygon", "coordinates": [ [ [ 50.4808049, 54.2918203 ], [ 50.4807157, 54.2917854 ], [ 50.4808509, 54.2916677 ], [ 50.4809401, 54.2917027 ], [ 50.4808049, 54.2918203 ] ] ] } },
{ "type": "Feature", "properties": { "id": "5c088aaa-9521-4d76-9d7e-08ad76e1f1e5", "source_type": "ml", "subtype": null, "class": null }, "geometry": { "type": "Polygon", "coordinates": [ [ [ 50.4806866, 54.2926802 ], [ 50.4807218, 54.292643 ], [ 50.4808267, 54.2926767 ], [ 50.4807915, 54.2927139 ], [ 50.4806866, 54.2926802 ] ] ] } },
{ "type": "Feature", "properties": { "id": "c0ccfb7d-8953-4bba-8d3b-77e6a1ffa497", "source_type": "ml", "subtype": null, "class": null }, "geometry": { "type": "Polygon", "coordinates": [ [ [ 50.480898, 54.2928639 ], [ 50.4809164, 54.2928464 ], [ 50.4809826, 54.2928701 ], [ 50.4809642, 54.2928876 ], [ 50.480898, 54.2928639 ] ] ] } },
{ "type": "Feature", "properties": { "id": "ff33202d-eb19-4035-93a1-6a14620fc18e", "source_type": "ml", "subtype": null, "class": null }, "geometry": { "type": "Polygon", "coordinates": [ [ [ 50.4809703, 54.2926497 ], [ 50.4807733, 54.292572 ], [ 50.4808261, 54.2925264 ], [ 50.4809518, 54.2925759 ], [ 50.4809799, 54.2925516 ], [ 50.4810513, 54.2925798 ], [ 50.4809703, 54.2926497 ] ] ] } },
{ "type": "Feature", "properties": { "id": "90e52037-4159-4b13-bf5e-98c27e16b3b9", "source_type": "ml", "subtype": null, "class": null }, "geometry": { "type": "Polygon", "coordinates": [ [ [ 50.4811287, 54.2930345 ], [ 50.4811579, 54.2930063 ], [ 50.4812101, 54.2930247 ], [ 50.4811809, 54.2930529 ], [ 50.4811287, 54.2930345 ] ] ] } },
{ "type": "Feature", "properties": { "id": "52e96d7c-4089-407a-87bd-d6ad61179843", "source_type": "ml", "subtype": null, "class": null }, "geometry": { "type": "Polygon", "coordinates": [ [ [ 50.4802308, 54.2930503 ], [ 50.4802735, 54.2930076 ], [ 50.4804404, 54.2930645 ], [ 50.4803649, 54.2931399 ], [ 50.4802829, 54.2931119 ], [ 50.4803157, 54.2930792 ], [ 50.4802308, 54.2930503 ] ] ] } },
{ "type": "Feature", "properties": { "id": "6d8e6536-767d-4844-833b-f6185e8c5a2b", "source_type": "ml", "subtype": null, "class": null }, "geometry": { "type": "Polygon", "coordinates": [ [ [ 50.4803062, 54.2930108 ], [ 50.4803922, 54.292935 ], [ 50.4805961, 54.2930139 ], [ 50.4805772, 54.2930306 ], [ 50.4806671, 54.2930654 ], [ 50.4806273, 54.2931005 ], [ 50.4805883, 54.2930854 ], [ 50.4805611, 54.2931093 ], [ 50.4803062, 54.2930108 ] ] ] } },
{ "type": "Feature", "properties": { "id": "dfc5bb73-eb02-41ab-b59b-a7a16b7df8eb", "source_type": "ml", "subtype": null, "class": null }, "geometry": { "type": "Polygon", "coordinates": [ [ [ 50.480691, 54.2928949 ], [ 50.4805199, 54.2928297 ], [ 50.4806115, 54.2927478 ], [ 50.4807826, 54.2928131 ], [ 50.480691, 54.2928949 ] ] ] } },
{ "type": "Feature", "properties": { "id": "708910b4-64e6-4e48-b397-9ff251e54acc", "source_type": "ml", "subtype": null, "class": null }, "geometry": { "type": "Polygon", "coordinates": [ [ [ 50.4799642, 54.2927263 ], [ 50.479785, 54.2926587 ], [ 50.4799407, 54.292518 ], [ 50.48012, 54.2925855 ], [ 50.4799642, 54.2927263 ] ] ] } },
{ "type": "Feature", "properties": { "id": "c884a819-9f09-4610-b14e-332caef5150c", "source_type": "ml", "subtype": null, "class": null }, "geometry": { "type": "Polygon", "coordinates": [ [ [ 50.480082, 54.2932391 ], [ 50.4801552, 54.2931769 ], [ 50.4803352, 54.2932491 ], [ 50.4802218, 54.2933455 ], [ 50.4800969, 54.2932954 ], [ 50.4801372, 54.2932613 ], [ 50.480082, 54.2932391 ] ] ] } },
{ "type": "Feature", "properties": { "id": "21f3f5e7-3e97-44f3-a80f-be06d3642a16", "source_type": "ml", "subtype": null, "class": null }, "geometry": { "type": "Polygon", "coordinates": [ [ [ 50.4796599, 54.2929953 ], [ 50.4795075, 54.2929373 ], [ 50.4795734, 54.2928782 ], [ 50.479627, 54.2928986 ], [ 50.479659, 54.29287 ], [ 50.4796197, 54.292855 ], [ 50.4796918, 54.2927905 ], [ 50.4798299, 54.292843 ], [ 50.4796599, 54.2929953 ] ] ] } },
{ "type": "Feature", "properties": { "id": "2c1077b5-2b90-4c75-9c6f-4006753fa725", "source_type": "ml", "subtype": null, "class": null }, "geometry": { "type": "Polygon", "coordinates": [ [ [ 50.4792559, 54.2932746 ], [ 50.4791727, 54.2932431 ], [ 50.4793882, 54.2930492 ], [ 50.4794887, 54.2930872 ], [ 50.4794617, 54.2931116 ], [ 50.4795137, 54.2931312 ], [ 50.4793545, 54.2932744 ], [ 50.4792853, 54.2932482 ], [ 50.4792559, 54.2932746 ] ] ] } },
{ "type": "Feature", "properties": { "id": "3bf1e764-26e0-4d76-8159-89d291dd1133", "source_type": "ml", "subtype": null, "class": null }, "geometry": { "type": "Polygon", "coordinates": [ [ [ 50.4791399, 54.2931121 ], [ 50.4791275, 54.2931275 ], [ 50.4790196, 54.2930981 ], [ 50.4790402, 54.2930724 ], [ 50.4791217, 54.2930946 ], [ 50.4792059, 54.2929892 ], [ 50.4793161, 54.2930192 ], [ 50.4792235, 54.2931349 ], [ 50.4791399, 54.2931121 ] ] ] } },
{ "type": "Feature", "properties": { "id": "04185683-2393-4d2b-b5a3-398916aa63f0", "source_type": "ml", "subtype": null, "class": null }, "geometry": { "type": "Polygon", "coordinates": [ [ [ 50.4792994, 54.2929735 ], [ 50.4791453, 54.2929368 ], [ 50.4792223, 54.2928267 ], [ 50.4793291, 54.2928522 ], [ 50.4792846, 54.2929158 ], [ 50.4793318, 54.2929271 ], [ 50.4792994, 54.2929735 ] ] ] } },
{ "type": "Feature", "properties": { "id": "35a5fa86-9b87-4610-a8d5-0e65479c02c1", "source_type": "ml", "subtype": null, "class": null }, "geometry": { "type": "Polygon", "coordinates": [ [ [ 50.4794134, 54.2929161 ], [ 50.4793367, 54.2928918 ], [ 50.4793642, 54.2928622 ], [ 50.4794408, 54.2928865 ], [ 50.4794134, 54.2929161 ] ] ] } },
{ "type": "Feature", "properties": { "id": "40dc1673-4876-4efd-8b45-9096520e855e", "source_type": "ml", "subtype": null, "class": null }, "geometry": { "type": "Polygon", "coordinates": [ [ [ 50.479589, 54.2927517 ], [ 50.4794914, 54.2928747 ], [ 50.4793743, 54.2928431 ], [ 50.4794719, 54.29272 ], [ 50.479589, 54.2927517 ] ] ] } },
{ "type": "Feature", "properties": { "id": "2313b436-bd61-4b9a-b827-792cd522c6f7", "source_type": "ml", "subtype": null, "class": null }, "geometry": { "type": "Polygon", "coordinates": [ [ [ 50.4795466, 54.2926993 ], [ 50.4794729, 54.292674 ], [ 50.4794952, 54.2926519 ], [ 50.4795689, 54.2926772 ], [ 50.4795466, 54.2926993 ] ] ] } },
{ "type": "Feature", "properties": { "id": "39f28181-d790-42ec-8535-e9d49141cf1f", "source_type": "ml", "subtype": null, "class": null }, "geometry": { "type": "Polygon", "coordinates": [ [ [ 50.4795395, 54.2925921 ], [ 50.4795695, 54.2925637 ], [ 50.4796239, 54.2925833 ], [ 50.479594, 54.2926117 ], [ 50.4795395, 54.2925921 ] ] ] } },
{ "type": "Feature", "properties": { "id": "277f93c4-5ce9-4d54-a105-0cf6b790a1d8", "source_type": "ml", "subtype": null, "class": null }, "geometry": { "type": "Polygon", "coordinates": [ [ [ 50.479698, 54.2926087 ], [ 50.4796285, 54.2925805 ], [ 50.4796574, 54.2925563 ], [ 50.4797269, 54.2925845 ], [ 50.479698, 54.2926087 ] ] ] } },
{ "type": "Feature", "properties": { "id": "1c439e1b-110b-42fa-b584-9b9625555900", "source_type": "ml", "subtype": null, "class": null }, "geometry": { "type": "Polygon", "coordinates": [ [ [ 50.4797899, 54.2925774 ], [ 50.4796683, 54.2925357 ], [ 50.4797879, 54.2924171 ], [ 50.4799095, 54.2924588 ], [ 50.4797899, 54.2925774 ] ] ] } },
{ "type": "Feature", "properties": { "id": "418ee257-a03a-4778-be65-145e62237435", "source_type": "ml", "subtype": null, "class": null }, "geometry": { "type": "Polygon", "coordinates": [ [ [ 50.4796332, 54.2925204 ], [ 50.4795689, 54.2924961 ], [ 50.4795995, 54.2924685 ], [ 50.4796638, 54.2924928 ], [ 50.4796332, 54.2925204 ] ] ] } },
{ "type": "Feature", "properties": { "id": "e516275c-6cd6-4a81-b335-32100f4a6bc1", "source_type": "ml", "subtype": null, "class": null }, "geometry": { "type": "Polygon", "coordinates": [ [ [ 50.4802168, 54.2918527 ], [ 50.4802801, 54.291883 ], [ 50.4802204, 54.2919256 ], [ 50.4801571, 54.2918953 ], [ 50.4802168, 54.2918527 ] ] ] } },
{ "type": "Feature", "properties": { "id": "513207c4-d591-4ade-99dd-260d0ab20173", "source_type": "ml", "subtype": null, "class": null }, "geometry": { "type": "Polygon", "coordinates": [ [ [ 50.4799782, 54.29235 ], [ 50.4798956, 54.2923267 ], [ 50.4799187, 54.2922988 ], [ 50.4800013, 54.2923221 ], [ 50.4799782, 54.29235 ] ] ] } },
{ "type": "Feature", "properties": { "id": "7e5ece0e-2270-459f-9e4c-78611a6c6e48", "source_type": "ml", "subtype": null, "class": null }, "geometry": { "type": "Polygon", "coordinates": [ [ [ 50.4800562, 54.2923283 ], [ 50.480213, 54.2921829 ], [ 50.4804594, 54.2922734 ], [ 50.4803025, 54.2924189 ], [ 50.4800562, 54.2923283 ] ] ] } },
{ "type": "Feature", "properties": { "id": "23e51163-cbcf-41f6-a0c8-33dd718480d1", "source_type": "ml", "subtype": null, "class": null }, "geometry": { "type": "Polygon", "coordinates": [ [ [ 50.4801477, 54.2909753 ], [ 50.4800733, 54.2909531 ], [ 50.4801125, 54.2909084 ], [ 50.4802952, 54.2909631 ], [ 50.4803311, 54.2909222 ], [ 50.4804047, 54.2909442 ], [ 50.4803372, 54.2910211 ], [ 50.4801553, 54.2909666 ], [ 50.4801477, 54.2909753 ] ] ] } },
{ "type": "Feature", "properties": { "id": "42a59cc1-8907-40cd-9e4a-e5ac6278c5d8", "source_type": "ml", "subtype": null, "class": null }, "geometry": { "type": "Polygon", "coordinates": [ [ [ 50.4802336, 54.2910282 ], [ 50.4801682, 54.2910001 ], [ 50.4801931, 54.2909804 ], [ 50.4802584, 54.2910086 ], [ 50.4802336, 54.2910282 ] ] ] } },
{ "type": "Feature", "properties": { "id": "12ebc3e0-b93b-4c06-8014-2a991a22e421", "source_type": "ml", "subtype": null, "class": null }, "geometry": { "type": "Polygon", "coordinates": [ [ [ 50.4799203, 54.291079 ], [ 50.4799611, 54.2910335 ], [ 50.4800074, 54.2910476 ], [ 50.4799953, 54.2910612 ], [ 50.4800634, 54.291082 ], [ 50.4800348, 54.2911139 ], [ 50.4799203, 54.291079 ] ] ] } },
{ "type": "Feature", "properties": { "id": "9e1822a7-10ee-4c4f-a7c1-4eb83f6a1be6", "source_type": "ml", "subtype": null, "class": null }, "geometry": { "type": "Polygon", "coordinates": [ [ [ 50.4799069, 54.2913962 ], [ 50.4799519, 54.2914114 ], [ 50.4799182, 54.2914454 ], [ 50.4798732, 54.2914302 ], [ 50.4799069, 54.2913962 ] ] ] } },
{ "type": "Feature", "properties": { "id": "5f63d69e-9556-40e8-a124-c870f8f1dd57", "source_type": "ml", "subtype": null, "class": null }, "geometry": { "type": "Polygon", "coordinates": [ [ [ 50.4800789, 54.291754 ], [ 50.4798382, 54.2916611 ], [ 50.4801425, 54.2913926 ], [ 50.4803958, 54.2914904 ], [ 50.4802564, 54.2916134 ], [ 50.4802822, 54.2916234 ], [ 50.4801828, 54.2917111 ], [ 50.4801443, 54.2916962 ], [ 50.4800789, 54.291754 ] ] ] } },
{ "type": "Feature", "properties": { "id": "e2880285-af51-4035-bcd9-9cb827d509a2", "source_type": "ml", "subtype": null, "class": null }, "geometry": { "type": "Polygon", "coordinates": [ [ [ 50.479864, 54.2905595 ], [ 50.4800561, 54.2903756 ], [ 50.4802243, 54.2904354 ], [ 50.4800323, 54.2906193 ], [ 50.479864, 54.2905595 ] ] ] } },
{ "type": "Feature", "properties": { "id": "a3412696-c68c-4536-bba8-b001b2e04ea8", "source_type": "ml", "subtype": null, "class": null }, "geometry": { "type": "Polygon", "coordinates": [ [ [ 50.4804368, 54.2906228 ], [ 50.4803021, 54.2905709 ], [ 50.4804206, 54.2904661 ], [ 50.4805552, 54.290518 ], [ 50.4804368, 54.2906228 ] ] ] } },
{ "type": "Feature", "properties": { "id": "994eb1d2-f0d9-4bb1-8589-0269e312aeb2", "source_type": "ml", "subtype": null, "class": null }, "geometry": { "type": "Polygon", "coordinates": [ [ [ 50.4807401, 54.2903828 ], [ 50.4806562, 54.2903488 ], [ 50.4807175, 54.2902972 ], [ 50.4808015, 54.2903312 ], [ 50.4807401, 54.2903828 ] ] ] } },
{ "type": "Feature", "properties": { "id": "b2d4650f-7212-4c80-ba36-ddd41ef28dfd", "source_type": "ml", "subtype": "medical", "class": "hospital" }, "geometry": { "type": "Polygon", "coordinates": [ [ [ 50.4811277, 54.2906367 ], [ 50.4812846, 54.2905114 ], [ 50.481434, 54.2905752 ], [ 50.4813157, 54.2906695 ], [ 50.4813469, 54.2906828 ], [ 50.4812625, 54.2907501 ], [ 50.4812404, 54.2907406 ], [ 50.4811209, 54.290836 ], [ 50.4809626, 54.2907685 ], [ 50.4811277, 54.2906367 ] ] ] } },
{ "type": "Feature", "properties": { "id": "a281d72e-18ff-4641-b478-e165da82fe02", "source_type": "ml", "subtype": null, "class": null }, "geometry": { "type": "Polygon", "coordinates": [ [ [ 50.4805254, 54.291171 ], [ 50.4806798, 54.291032 ], [ 50.4808365, 54.2910913 ], [ 50.4806822, 54.2912303 ], [ 50.4805254, 54.291171 ] ] ] } },
{ "type": "Feature", "properties": { "id": "1cf2e4be-b726-48ff-bd37-afbf85d59f4e", "source_type": "ml", "subtype": null, "class": null }, "geometry": { "type": "Polygon", "coordinates": [ [ [ 50.4814957, 54.2910255 ], [ 50.4815315, 54.2909939 ], [ 50.4816315, 54.2910325 ], [ 50.4816129, 54.291049 ], [ 50.4815957, 54.2910641 ], [ 50.4814957, 54.2910255 ] ] ] } },
{ "type": "Feature", "properties": { "id": "ff82100f-b8a0-4213-89c1-ca0d86c4979f", "source_type": "ml", "subtype": null, "class": null }, "geometry": { "type": "Polygon", "coordinates": [ [ [ 50.4816452, 54.291019 ], [ 50.4815685, 54.2909898 ], [ 50.4816091, 54.2909535 ], [ 50.4816857, 54.2909827 ], [ 50.481664, 54.2910021 ], [ 50.4816452, 54.291019 ] ] ] } },
{ "type": "Feature", "properties": { "id": "23f9d25a-abdb-4a64-b9cf-ccb510a520e8", "source_type": "ml", "subtype": null, "class": null }, "geometry": { "type": "Polygon", "coordinates": [ [ [ 50.4816394, 54.2909529 ], [ 50.481662, 54.2909288 ], [ 50.4817446, 54.2909551 ], [ 50.4817221, 54.2909792 ], [ 50.4816394, 54.2909529 ] ] ] } },
{ "type": "Feature", "properties": { "id": "ccc1b785-2ece-49cf-9a5e-1703d28014bd", "source_type": "ml", "subtype": null, "class": null }, "geometry": { "type": "Polygon", "coordinates": [ [ [ 50.4818766, 54.2917116 ], [ 50.4818271, 54.2917732 ], [ 50.4816921, 54.2917363 ], [ 50.4817278, 54.2916919 ], [ 50.4817704, 54.2917035 ], [ 50.4817842, 54.2916864 ], [ 50.4818766, 54.2917116 ] ] ] } },
{ "type": "Feature", "properties": { "id": "f3deceb1-161b-426e-95e5-f15839a1206c", "source_type": "ml", "subtype": null, "class": null }, "geometry": { "type": "Polygon", "coordinates": [ [ [ 50.4815543, 54.2905645 ], [ 50.4814536, 54.2905252 ], [ 50.481485, 54.2904978 ], [ 50.4815857, 54.290537 ], [ 50.4815543, 54.2905645 ] ] ] } },
{ "type": "Feature", "properties": { "id": "e637edd6-6fbe-41a3-b435-aff1324bb1bc", "source_type": "ml", "subtype": "education", "class": "school" }, "geometry": { "type": "Polygon", "coordinates": [ [ [ 50.4814231, 54.2901849 ], [ 50.4813652, 54.2901622 ], [ 50.481558, 54.2899946 ], [ 50.4818943, 54.2901263 ], [ 50.4818557, 54.2901598 ], [ 50.4820588, 54.2902394 ], [ 50.4821179, 54.290188 ], [ 50.4822893, 54.2902551 ], [ 50.4820827, 54.2904349 ], [ 50.4818899, 54.2903594 ], [ 50.4818477, 54.2903961 ], [ 50.481776, 54.290368 ], [ 50.4818067, 54.2903414 ], [ 50.4815881, 54.2902557 ], [ 50.4815556, 54.290284 ], [ 50.4813857, 54.2902174 ], [ 50.4814231, 54.2901849 ] ] ] } },
{ "type": "Feature", "properties": { "id": "8196e175-3e19-4bed-bd84-101360827495", "source_type": "ml", "subtype": null, "class": null }, "geometry": { "type": "Polygon", "coordinates": [ [ [ 50.4835432, 54.2902313 ], [ 50.4836138, 54.2902587 ], [ 50.4835741, 54.2902934 ], [ 50.4835036, 54.2902659 ], [ 50.4835432, 54.2902313 ] ] ] } },
{ "type": "Feature", "properties": { "id": "f0481a19-104c-485d-8b2f-7a1aa37686b4", "source_type": "ml", "subtype": null, "class": null }, "geometry": { "type": "Polygon", "coordinates": [ [ [ 50.4834126, 54.2901562 ], [ 50.4834745, 54.2901022 ], [ 50.4837468, 54.2902086 ], [ 50.4836849, 54.2902626 ], [ 50.4834126, 54.2901562 ] ] ] } },
{ "type": "Feature", "properties": { "id": "490afc9a-6e65-41c1-ac4f-7969b7968bcf", "source_type": "ml", "subtype": null, "class": null }, "geometry": { "type": "Polygon", "coordinates": [ [ [ 50.4831964, 54.2903462 ], [ 50.4832525, 54.2902959 ], [ 50.4834503, 54.290371 ], [ 50.483477, 54.2903471 ], [ 50.4835723, 54.2903832 ], [ 50.4834895, 54.2904575 ], [ 50.4831964, 54.2903462 ] ] ] } },
{ "type": "Feature", "properties": { "id": "5505e75e-d236-4474-8e56-7b01440fb429", "source_type": "ml", "subtype": null, "class": null }, "geometry": { "type": "Polygon", "coordinates": [ [ [ 50.4833838, 54.2909315 ], [ 50.48331, 54.2909085 ], [ 50.4833557, 54.2908586 ], [ 50.4834295, 54.2908816 ], [ 50.4833838, 54.2909315 ] ] ] } },
{ "type": "Feature", "properties": { "id": "c74552bc-74ff-4c23-a949-4c1bc4970f49", "source_type": "ml", "subtype": null, "class": null }, "geometry": { "type": "Polygon", "coordinates": [ [ [ 50.4828084, 54.2907677 ], [ 50.4828917, 54.2906987 ], [ 50.4832511, 54.2908463 ], [ 50.4831999, 54.2908888 ], [ 50.4831686, 54.2908759 ], [ 50.4831365, 54.2909025 ], [ 50.4828084, 54.2907677 ] ] ] } },
{ "type": "Feature", "properties": { "id": "39b40d37-397e-45f7-9120-1d049aeb94d3", "source_type": "ml", "subtype": null, "class": null }, "geometry": { "type": "Polygon", "coordinates": [ [ [ 50.4829603, 54.2909826 ], [ 50.4828928, 54.290956 ], [ 50.4829687, 54.2908904 ], [ 50.4831437, 54.2909594 ], [ 50.483069, 54.2910239 ], [ 50.4829615, 54.2909815 ], [ 50.4829603, 54.2909826 ] ] ] } },
{ "type": "Feature", "properties": { "id": "5e31e3c5-6e4e-445a-9aae-88757c248c58", "source_type": "ml", "subtype": null, "class": null }, "geometry": { "type": "Polygon", "coordinates": [ [ [ 50.4831674, 54.2909825 ], [ 50.4832284, 54.2910144 ], [ 50.4831892, 54.29104 ], [ 50.4831282, 54.2910081 ], [ 50.4831674, 54.2909825 ] ] ] } },
{ "type": "Feature", "properties": { "id": "112ea513-205b-4066-b82e-af2c1ec48180", "source_type": "ml", "subtype": null, "class": null }, "geometry": { "type": "Polygon", "coordinates": [ [ [ 50.4832721, 54.2909274 ], [ 50.483299, 54.2909372 ], [ 50.4832554, 54.2909776 ], [ 50.4832285, 54.2909677 ], [ 50.4832721, 54.2909274 ] ] ] } },
{ "type": "Feature", "properties": { "id": "4244ed20-d87f-4227-bad3-a25ceb3a16da", "source_type": "ml", "subtype": null, "class": null }, "geometry": { "type": "Polygon", "coordinates": [ [ [ 50.4828435, 54.2914471 ], [ 50.4829121, 54.2913648 ], [ 50.4830566, 54.2914059 ], [ 50.482988, 54.2914881 ], [ 50.4828435, 54.2914471 ] ] ] } },
{ "type": "Feature", "properties": { "id": "9992691f-d315-41aa-bb7a-4646d176e12c", "source_type": "ml", "subtype": null, "class": null }, "geometry": { "type": "Polygon", "coordinates": [ [ [ 50.482651, 54.2915772 ], [ 50.4825862, 54.2915657 ], [ 50.4826071, 54.2915256 ], [ 50.4826719, 54.2915371 ], [ 50.482651, 54.2915772 ] ] ] } },
{ "type": "Feature", "properties": { "id": "7bc89782-928d-4f44-afed-1f660d72b0e9", "source_type": "ml", "subtype": null, "class": null }, "geometry": { "type": "Polygon", "coordinates": [ [ [ 50.4825275, 54.2914524 ], [ 50.4826552, 54.2913329 ], [ 50.4827189, 54.2913561 ], [ 50.482743, 54.2913335 ], [ 50.4827816, 54.2913476 ], [ 50.4826299, 54.2914896 ], [ 50.4825275, 54.2914524 ] ] ] } },
{ "type": "Feature", "properties": { "id": "ce291dc1-b59b-4740-a14a-4335cff20c7f", "source_type": "ml", "subtype": null, "class": null }, "geometry": { "type": "Polygon", "coordinates": [ [ [ 50.4827338, 54.29128 ], [ 50.4826815, 54.2912546 ], [ 50.4827448, 54.2912102 ], [ 50.4827971, 54.2912356 ], [ 50.4827338, 54.29128 ] ] ] } },
{ "type": "Feature", "properties": { "id": "72274c0d-a9b0-474b-9cfb-d6793a0b5a46", "source_type": "ml", "subtype": null, "class": null }, "geometry": { "type": "Polygon", "coordinates": [ [ [ 50.482598, 54.2910857 ], [ 50.4827246, 54.2909763 ], [ 50.4828343, 54.2910195 ], [ 50.4827076, 54.2911289 ], [ 50.482598, 54.2910857 ] ] ] } },
{ "type": "Feature", "properties": { "id": "319de6e7-0312-44b8-9b3f-c258d3f73844", "source_type": "ml", "subtype": null, "class": null }, "geometry": { "type": "Polygon", "coordinates": [ [ [ 50.4826164, 54.2912105 ], [ 50.482651, 54.2911844 ], [ 50.4827046, 54.2912087 ], [ 50.48267, 54.2912347 ], [ 50.4826164, 54.2912105 ] ] ] } },
{ "type": "Feature", "properties": { "id": "8f5e9dca-07a5-4d5d-93b4-00bcecca6561", "source_type": "ml", "subtype": null, "class": null }, "geometry": { "type": "Polygon", "coordinates": [ [ [ 50.4821327, 54.2913543 ], [ 50.4822923, 54.2912183 ], [ 50.4824319, 54.2912741 ], [ 50.4823913, 54.2913088 ], [ 50.4824724, 54.2913412 ], [ 50.4823535, 54.2914426 ], [ 50.4821327, 54.2913543 ] ] ] } },
{ "type": "Feature", "properties": { "id": "5e736195-0c4e-4b32-bee9-860127247d71", "source_type": "ml", "subtype": null, "class": null }, "geometry": { "type": "Polygon", "coordinates": [ [ [ 50.4821614, 54.2914602 ], [ 50.4821748, 54.2914293 ], [ 50.4822479, 54.2914402 ], [ 50.4822344, 54.291471 ], [ 50.4821614, 54.2914602 ] ] ] } },
{ "type": "Feature", "properties": { "id": "be444609-1647-426b-835f-de8a14995cb6", "source_type": "ml", "subtype": null, "class": null }, "geometry": { "type": "Polygon", "coordinates": [ [ [ 50.4820153, 54.2915522 ], [ 50.4823507, 54.2916304 ], [ 50.4823143, 54.2916835 ], [ 50.4819789, 54.2916054 ], [ 50.4820153, 54.2915522 ] ] ] } },
{ "type": "Feature", "properties": { "id": "0378c1d0-81fd-4e42-952c-81588cec508f", "source_type": "my", "subtype": "residential", "class": "apartments" }, "geometry": { "type": "Polygon", "coordinates": [ [ [ 50.4820209, 54.2920373 ], [ 50.4821384, 54.2919382 ], [ 50.4823791, 54.2920354 ], [ 50.4822617, 54.2921345 ], [ 50.4820209, 54.2920373 ] ] ] } },
{ "type": "Feature", "properties": { "id": "bc7e668a-4a86-4b03-bef3-7dd38cdf6441", "source_type": "ml", "subtype": null, "class": null }, "geometry": { "type": "Polygon", "coordinates": [ [ [ 50.4823923, 54.2917774 ], [ 50.4822841, 54.2917465 ], [ 50.4823205, 54.2917031 ], [ 50.4824828, 54.2917495 ], [ 50.4824425, 54.2917975 ], [ 50.4826014, 54.2918428 ], [ 50.4825343, 54.2919229 ], [ 50.4824036, 54.2918856 ], [ 50.4824258, 54.291859 ], [ 50.4823856, 54.2918475 ], [ 50.4823987, 54.2918319 ], [ 50.4823567, 54.2918199 ], [ 50.4823923, 54.2917774 ] ] ] } },
{ "type": "Feature", "properties": { "id": "b99b93c7-28b3-428d-a992-59189c533403", "source_type": "ml", "subtype": null, "class": null }, "geometry": { "type": "Polygon", "coordinates": [ [ [ 50.4829161, 54.2918569 ], [ 50.4829265, 54.2919025 ], [ 50.4828737, 54.2919066 ], [ 50.4828634, 54.291861 ], [ 50.4829161, 54.2918569 ] ] ] } },
{ "type": "Feature", "properties": { "id": "9ac03a88-537e-4cb1-a01f-25a80fb20bff", "source_type": "ml", "subtype": null, "class": null }, "geometry": { "type": "Polygon", "coordinates": [ [ [ 50.4825716, 54.2919893 ], [ 50.4826397, 54.2920043 ], [ 50.4826114, 54.2920482 ], [ 50.4824729, 54.2920177 ], [ 50.4825172, 54.2919491 ], [ 50.4825876, 54.2919647 ], [ 50.4825716, 54.2919893 ] ] ] } },
{ "type": "Feature", "properties": { "id": "1c99d0d0-0f0f-4180-9186-7be8195d562a", "source_type": "ml", "subtype": null, "class": null }, "geometry": { "type": "Polygon", "coordinates": [ [ [ 50.4826517, 54.2921684 ], [ 50.4826855, 54.2921252 ], [ 50.4827219, 54.2921349 ], [ 50.4826882, 54.2921781 ], [ 50.4826517, 54.2921684 ] ] ] } },
{ "type": "Feature", "properties": { "id": "f994d5e6-6f67-43bb-a921-43c92b202596", "source_type": "my", "subtype": "residential", "class": "apartments" }, "geometry": { "type": "Polygon", "coordinates": [ [ [ 50.4828402, 54.292164 ], [ 50.4830924, 54.2922626 ], [ 50.4830401, 54.2923073 ], [ 50.4830508, 54.2923127 ], [ 50.4830052, 54.2923495 ], [ 50.482969, 54.2923331 ], [ 50.4829274, 54.2923668 ], [ 50.4827061, 54.2922736 ], [ 50.4828402, 54.292164 ] ] ] } },
{ "type": "Feature", "properties": { "id": "270db5da-426d-4394-a534-51224268067d", "source_type": "ml", "subtype": null, "class": null }, "geometry": { "type": "Polygon", "coordinates": [ [ [ 50.4835313, 54.2926122 ], [ 50.4834852, 54.2925935 ], [ 50.4836019, 54.292495 ], [ 50.483648, 54.2925136 ], [ 50.4835313, 54.2926122 ] ] ] } },
{ "type": "Feature", "properties": { "id": "3aee5233-66c8-4486-94c5-f4e5fb872948", "source_type": "ml", "subtype": null, "class": null }, "geometry": { "type": "Polygon", "coordinates": [ [ [ 50.4836019, 54.2924339 ], [ 50.483637, 54.2924465 ], [ 50.4835976, 54.2924841 ], [ 50.4835625, 54.2924715 ], [ 50.4836019, 54.2924339 ] ] ] } },
{ "type": "Feature", "properties": { "id": "fa9426db-abbf-4aaf-b679-a2ca4015595e", "source_type": "ml", "subtype": null, "class": null }, "geometry": { "type": "Polygon", "coordinates": [ [ [ 50.4835761, 54.2923178 ], [ 50.4833668, 54.2922551 ], [ 50.4834322, 54.2921808 ], [ 50.4836415, 54.2922435 ], [ 50.4835761, 54.2923178 ] ] ] } },
{ "type": "Feature", "properties": { "id": "f18a4cca-c626-4b76-9004-5df139ad2003", "source_type": "ml", "subtype": null, "class": null }, "geometry": { "type": "Polygon", "coordinates": [ [ [ 50.483382, 54.2921019 ], [ 50.4834321, 54.2921209 ], [ 50.4833676, 54.2921788 ], [ 50.4833175, 54.2921598 ], [ 50.483382, 54.2921019 ] ] ] } },
{ "type": "Feature", "properties": { "id": "33ff2172-2e31-42a1-b492-4ed6d0474386", "source_type": "ml", "subtype": null, "class": null }, "geometry": { "type": "Polygon", "coordinates": [ [ [ 50.4832799, 54.2921907 ], [ 50.4833167, 54.2921619 ], [ 50.4833556, 54.2921789 ], [ 50.4833188, 54.2922077 ], [ 50.4832799, 54.2921907 ] ] ] } },
{ "type": "Feature", "properties": { "id": "d8fc8e5a-89ae-4404-8ac8-35d1d3103e2d", "source_type": "my", "subtype": "residential", "class": "apartments" }, "geometry": { "type": "Polygon", "coordinates": [ [ [ 50.483334, 54.2925173 ], [ 50.4831274, 54.2924273 ], [ 50.4832442, 54.2923312 ], [ 50.4834555, 54.2924007 ], [ 50.483334, 54.2925173 ] ] ] } },
{ "type": "Feature", "properties": { "id": "e3b392bb-5320-4848-bd0a-5aa5256748e0", "source_type": "ml", "subtype": null, "class": null }, "geometry": { "type": "Polygon", "coordinates": [ [ [ 50.4833025, 54.2922177 ], [ 50.4832697, 54.2922666 ], [ 50.4832292, 54.2922573 ], [ 50.483262, 54.2922085 ], [ 50.4833025, 54.2922177 ] ] ] } },
{ "type": "Feature", "properties": { "id": "f5eef1ff-1d73-411d-bcd7-4406e3072438", "source_type": "ml", "subtype": null, "class": null }, "geometry": { "type": "Polygon", "coordinates": [ [ [ 50.4832739, 54.2922044 ], [ 50.4832068, 54.292192 ], [ 50.4832595, 54.2920953 ], [ 50.4833106, 54.2921048 ], [ 50.483294, 54.2921352 ], [ 50.4833101, 54.2921382 ], [ 50.4832739, 54.2922044 ] ] ] } },
{ "type": "Feature", "properties": { "id": "4abac09d-029a-42a5-b5a8-3c1b2a3da513", "source_type": "ml", "subtype": null, "class": null }, "geometry": { "type": "Polygon", "coordinates": [ [ [ 50.4829685, 54.2920972 ], [ 50.4830614, 54.2920201 ], [ 50.4832067, 54.2920797 ], [ 50.4831138, 54.2921568 ], [ 50.4829685, 54.2920972 ] ] ] } },
{ "type": "Feature", "properties": { "id": "da39b6a7-a1ee-466c-be95-e91dbb29bd1a", "source_type": "ml", "subtype": null, "class": null }, "geometry": { "type": "Polygon", "coordinates": [ [ [ 50.4829124, 54.2920063 ], [ 50.4829548, 54.2919731 ], [ 50.4830065, 54.2919957 ], [ 50.482964, 54.2920288 ], [ 50.4829124, 54.2920063 ] ] ] } },
{ "type": "Feature", "properties": { "id": "cdd5c4aa-104a-4a8e-852a-9d9f84216537", "source_type": "ml", "subtype": null, "class": null }, "geometry": { "type": "Polygon", "coordinates": [ [ [ 50.4835377, 54.2919739 ], [ 50.4836342, 54.2918562 ], [ 50.4838786, 54.2919245 ], [ 50.4838468, 54.2919632 ], [ 50.4837233, 54.2919287 ], [ 50.4837087, 54.2919465 ], [ 50.4837035, 54.2919451 ], [ 50.4836533, 54.2920062 ], [ 50.4835377, 54.2919739 ] ] ] } },
{ "type": "Feature", "properties": { "id": "6d4cde23-e5e8-4a40-9136-f8ba46c29522", "source_type": "ml", "subtype": null, "class": null }, "geometry": { "type": "Polygon", "coordinates": [ [ [ 50.4838248, 54.2920127 ], [ 50.4837635, 54.2920719 ], [ 50.4837989, 54.2920844 ], [ 50.4837427, 54.2921388 ], [ 50.4835795, 54.2920813 ], [ 50.483697, 54.2919677 ], [ 50.4838248, 54.2920127 ] ] ] } },
{ "type": "Feature", "properties": { "id": "01fde16f-68a9-4a8a-a481-a9985a07b7cb", "source_type": "ml", "subtype": null, "class": null }, "geometry": { "type": "Polygon", "coordinates": [ [ [ 50.4838714, 54.291932 ], [ 50.4838986, 54.2919055 ], [ 50.4839788, 54.2919335 ], [ 50.4839516, 54.29196 ], [ 50.4838714, 54.291932 ] ] ] } },
{ "type": "Feature", "properties": { "id": "c420368c-e8a3-45e5-bced-90abd9d3392c", "source_type": "ml", "subtype": null, "class": null }, "geometry": { "type": "Polygon", "coordinates": [ [ [ 50.483911, 54.2920983 ], [ 50.4838494, 54.2920722 ], [ 50.4839143, 54.2920198 ], [ 50.483976, 54.2920458 ], [ 50.483911, 54.2920983 ] ] ] } },
{ "type": "Feature", "properties": { "id": "a6f6efd3-196d-4d1d-8ca9-00038f0d2ff3", "source_type": "ml", "subtype": null, "class": null }, "geometry": { "type": "Polygon", "coordinates": [ [ [ 50.483979, 54.2918903 ], [ 50.4838597, 54.2918407 ], [ 50.4839641, 54.2917551 ], [ 50.4840834, 54.2918047 ], [ 50.483979, 54.2918903 ] ] ] } },
{ "type": "Feature", "properties": { "id": "aa8848b0-ed21-4fbc-bce2-faa0a0e3e517", "source_type": "ml", "subtype": null, "class": null }, "geometry": { "type": "Polygon", "coordinates": [ [ [ 50.4842119, 54.2918229 ], [ 50.4842443, 54.2918305 ], [ 50.4842235, 54.2918607 ], [ 50.484108, 54.2918336 ], [ 50.4841427, 54.2917832 ], [ 50.4842258, 54.2918027 ], [ 50.4842119, 54.2918229 ] ] ] } },
{ "type": "Feature", "properties": { "id": "2f30064e-cd50-4296-8303-7ec672be1b85", "source_type": "ml", "subtype": null, "class": null }, "geometry": { "type": "Polygon", "coordinates": [ [ [ 50.4841157, 54.2917412 ], [ 50.4841843, 54.2917054 ], [ 50.4842149, 54.2917254 ], [ 50.4841463, 54.2917612 ], [ 50.4841157, 54.2917412 ] ] ] } },
{ "type": "Feature", "properties": { "id": "c4c86f9b-0b17-4524-af87-da4c26fd8831", "source_type": "my", "subtype": "residential", "class": "apartments" }, "geometry": { "type": "Polygon", "coordinates": [ [ [ 50.4842158, 54.2920383 ], [ 50.4841259, 54.2920007 ], [ 50.4843217, 54.2918458 ], [ 50.4844732, 54.2919272 ], [ 50.4843217, 54.2920532 ], [ 50.4842413, 54.2920193 ], [ 50.4842158, 54.2920383 ] ] ] } },
{ "type": "Feature", "properties": { "id": "3cee6277-4511-462d-a9a7-418726a4e349", "source_type": "ml", "subtype": null, "class": null }, "geometry": { "type": "Polygon", "coordinates": [ [ [ 50.4841387, 54.2918934 ], [ 50.4841808, 54.2919273 ], [ 50.4840983, 54.2919622 ], [ 50.4840562, 54.2919284 ], [ 50.4841387, 54.2918934 ] ] ] } },
{ "type": "Feature", "properties": { "id": "aac9e5ac-e530-42cf-9869-d2c7101beec1", "source_type": "ml", "subtype": null, "class": null }, "geometry": { "type": "Polygon", "coordinates": [ [ [ 50.4842924, 54.2921265 ], [ 50.484489, 54.2921944 ], [ 50.484436, 54.2922466 ], [ 50.4844499, 54.2922514 ], [ 50.4843848, 54.2923156 ], [ 50.4841433, 54.2922322 ], [ 50.4841727, 54.2922032 ], [ 50.4842851, 54.292242 ], [ 50.4843239, 54.2922038 ], [ 50.4842425, 54.2921757 ], [ 50.4842924, 54.2921265 ] ] ] } },
{ "type": "Feature", "properties": { "id": "26fd0d98-9027-49fa-b445-de27ce12d735", "source_type": "ml", "subtype": null, "class": null }, "geometry": { "type": "Polygon", "coordinates": [ [ [ 50.4841304, 54.2924863 ], [ 50.4840633, 54.2924471 ], [ 50.4841049, 54.2924229 ], [ 50.484172, 54.292462 ], [ 50.4841304, 54.2924863 ] ] ] } },
{ "type": "Feature", "properties": { "id": "552594bb-eda7-449d-a90c-789abe383309", "source_type": "ml", "subtype": null, "class": null }, "geometry": { "type": "Polygon", "coordinates": [ [ [ 50.4840137, 54.2923862 ], [ 50.4840723, 54.2924138 ], [ 50.4840448, 54.2924337 ], [ 50.4839862, 54.2924062 ], [ 50.4840137, 54.2923862 ] ] ] } },
{ "type": "Feature", "properties": { "id": "29fdff8a-cfd4-42ed-a99d-abcc62ca1fdf", "source_type": "ml", "subtype": null, "class": null }, "geometry": { "type": "Polygon", "coordinates": [ [ [ 50.4839447, 54.2924582 ], [ 50.4839944, 54.292474 ], [ 50.4839696, 54.2925006 ], [ 50.4839199, 54.2924848 ], [ 50.4839447, 54.2924582 ] ] ] } },
{ "type": "Feature", "properties": { "id": "30575ce2-b4f9-480e-a162-a97f60cee5ab", "source_type": "my", "subtype": "residential", "class": "apartments" }, "geometry": { "type": "Polygon", "coordinates": [ [ [ 50.4839414, 54.2922555 ], [ 50.4838567, 54.2922168 ], [ 50.4839444, 54.292151 ], [ 50.4840395, 54.292077 ], [ 50.4841951, 54.2921553 ], [ 50.4840341, 54.2922743 ], [ 50.4839587, 54.292242 ], [ 50.4839414, 54.2922555 ] ] ] } },
{ "type": "Feature", "properties": { "id": "72b89502-c501-474c-92c0-603e48446cde", "source_type": "ml", "subtype": null, "class": null }, "geometry": { "type": "Polygon", "coordinates": [ [ [ 50.4838109, 54.2920931 ], [ 50.4839065, 54.2921449 ], [ 50.4838361, 54.2921891 ], [ 50.4837405, 54.2921372 ], [ 50.4838109, 54.2920931 ] ] ] } },
{ "type": "Feature", "properties": { "id": "90f5fae7-ea99-4f61-a9eb-2b2754a0c35a", "source_type": "ml", "subtype": null, "class": null }, "geometry": { "type": "Polygon", "coordinates": [ [ [ 50.483737, 54.2921578 ], [ 50.4837995, 54.2921914 ], [ 50.4837575, 54.292218 ], [ 50.4836951, 54.2921845 ], [ 50.483737, 54.2921578 ] ] ] } },
{ "type": "Feature", "properties": { "id": "f51258b9-8ca2-4a49-9dab-e447fc1de588", "source_type": "ml", "subtype": null, "class": null }, "geometry": { "type": "Polygon", "coordinates": [ [ [ 50.4847183, 54.2920043 ], [ 50.4846303, 54.2919723 ], [ 50.4847075, 54.2919002 ], [ 50.4847954, 54.2919323 ], [ 50.4847183, 54.2920043 ] ] ] } },
{ "type": "Feature", "properties": { "id": "0a197acf-bfdc-431f-996f-204294169304", "source_type": "ml", "subtype": null, "class": null }, "geometry": { "type": "Polygon", "coordinates": [ [ [ 50.48484, 54.2919026 ], [ 50.4846425, 54.2918067 ], [ 50.4847256, 54.2917484 ], [ 50.4849231, 54.2918443 ], [ 50.48484, 54.2919026 ] ] ] } },
{ "type": "Feature", "properties": { "id": "b32bd1f5-ca93-4fd2-b3a8-9356e6535f1c", "source_type": "my", "subtype": "residential", "class": "apartments" }, "geometry": { "type": "Polygon", "coordinates": [ [ [ 50.4846109, 54.291812 ], [ 50.4843715, 54.291707 ], [ 50.4844136, 54.291673 ], [ 50.4844895, 54.2917077 ], [ 50.4846307, 54.2915946 ], [ 50.4848024, 54.2916662 ], [ 50.4846109, 54.291812 ] ] ] } },
{ "type": "Feature", "properties": { "id": "4dbe8317-eb4f-4b5e-b531-c035a5878d06", "source_type": "ml", "subtype": null, "class": null }, "geometry": { "type": "Polygon", "coordinates": [ [ [ 50.4843328, 54.2914855 ], [ 50.4844701, 54.2915457 ], [ 50.484324, 54.2916592 ], [ 50.4841868, 54.2915991 ], [ 50.4843328, 54.2914855 ] ] ] } },
{ "type": "Feature", "properties": { "id": "a263ec6c-734e-44c0-86f7-bb45f07981fa", "source_type": "ml", "subtype": null, "class": null }, "geometry": { "type": "Polygon", "coordinates": [ [ [ 50.4839576, 54.2917071 ], [ 50.4840227, 54.2916415 ], [ 50.4840931, 54.2916652 ], [ 50.4840279, 54.2917309 ], [ 50.4839576, 54.2917071 ] ] ] } },
{ "type": "Feature", "properties": { "id": "82709869-297d-4b01-8049-6bba14c24bdf", "source_type": "ml", "subtype": null, "class": null }, "geometry": { "type": "Polygon", "coordinates": [ [ [ 50.483778, 54.2903264 ], [ 50.4838301, 54.2902783 ], [ 50.4839118, 54.2903085 ], [ 50.4838597, 54.2903565 ], [ 50.483778, 54.2903264 ] ] ] } },
{ "type": "Feature", "properties": { "id": "39c0922c-2c05-4bda-838e-a4514b5499c1", "source_type": "ml", "subtype": null, "class": null }, "geometry": { "type": "Polygon", "coordinates": [ [ [ 50.4948236, 54.2808555 ], [ 50.4947683, 54.2808066 ], [ 50.4948523, 54.2807742 ], [ 50.4949076, 54.2808231 ], [ 50.4948236, 54.2808555 ] ] ] } },
{ "type": "Feature", "properties": { "id": "df2587fe-beee-4219-8787-92a15f4b55a0", "source_type": "ml", "subtype": null, "class": null }, "geometry": { "type": "Polygon", "coordinates": [ [ [ 50.4946605, 54.2807287 ], [ 50.494658, 54.2806676 ], [ 50.4946901, 54.2806672 ], [ 50.4946926, 54.2807282 ], [ 50.4946605, 54.2807287 ] ] ] } },
{ "type": "Feature", "properties": { "id": "3889c1d1-23f5-4e80-9784-514febb91002", "source_type": "ml", "subtype": null, "class": null }, "geometry": { "type": "Polygon", "coordinates": [ [ [ 50.4923846, 54.2796394 ], [ 50.4923161, 54.2796405 ], [ 50.4923151, 54.2796202 ], [ 50.4923836, 54.279619 ], [ 50.4923846, 54.2796394 ] ] ] } },
{ "type": "Feature", "properties": { "id": "746ba0fa-671b-416b-97a3-1300e11c665c", "source_type": "ml", "subtype": null, "class": null }, "geometry": { "type": "Polygon", "coordinates": [ [ [ 50.4922739, 54.2815316 ], [ 50.4919771, 54.2814895 ], [ 50.4920806, 54.2812413 ], [ 50.4918685, 54.2812111 ], [ 50.4919021, 54.2811303 ], [ 50.4921203, 54.2811613 ], [ 50.4922455, 54.2808613 ], [ 50.492536, 54.2809025 ], [ 50.4922739, 54.2815316 ] ] ] } },
{ "type": "Feature", "properties": { "id": "86fd90e6-abbc-49c4-8ad2-9d400ebe879e", "source_type": "ml", "subtype": null, "class": null }, "geometry": { "type": "Polygon", "coordinates": [ [ [ 50.4871004, 54.2842873 ], [ 50.4870142, 54.2842791 ], [ 50.4870444, 54.2841716 ], [ 50.4871306, 54.2841798 ], [ 50.4871004, 54.2842873 ] ] ] } },
{ "type": "Feature", "properties": { "id": "f85d9710-a424-4600-8507-310e39401d78", "source_type": "ml", "subtype": null, "class": null }, "geometry": { "type": "Polygon", "coordinates": [ [ [ 50.4868257, 54.2841272 ], [ 50.486848, 54.2840755 ], [ 50.4869563, 54.2840913 ], [ 50.4869341, 54.2841431 ], [ 50.4868257, 54.2841272 ] ] ] } },
{ "type": "Feature", "properties": { "id": "5d178f58-d9b9-4e8c-a08c-bc42ef7a9d6b", "source_type": "ml", "subtype": null, "class": null }, "geometry": { "type": "Polygon", "coordinates": [ [ [ 50.4866228, 54.284327 ], [ 50.4866347, 54.2842705 ], [ 50.486913, 54.2842902 ], [ 50.4869012, 54.2843468 ], [ 50.4866228, 54.284327 ] ] ] } },
{ "type": "Feature", "properties": { "id": "bdd8a838-46c7-48c1-a5fe-39fc343a4697", "source_type": "ml", "subtype": null, "class": null }, "geometry": { "type": "Polygon", "coordinates": [ [ [ 50.486926, 54.2844364 ], [ 50.4868718, 54.284421 ], [ 50.4868934, 54.284395 ], [ 50.4869477, 54.2844104 ], [ 50.486926, 54.2844364 ] ] ] } },
{ "type": "Feature", "properties": { "id": "f5675fcf-3a51-4869-ac9a-2262e02c119a", "source_type": "ml", "subtype": null, "class": null }, "geometry": { "type": "Polygon", "coordinates": [ [ [ 50.4868743, 54.2848782 ], [ 50.4869503, 54.2848803 ], [ 50.4869481, 54.2849084 ], [ 50.4868722, 54.2849064 ], [ 50.4868743, 54.2848782 ] ] ] } },
{ "type": "Feature", "properties": { "id": "0ea30225-d609-42e4-9f26-7a1a10b86432", "source_type": "ml", "subtype": null, "class": null }, "geometry": { "type": "Polygon", "coordinates": [ [ [ 50.4865065, 54.2854449 ], [ 50.486589, 54.2854529 ], [ 50.4865823, 54.2854765 ], [ 50.4864998, 54.2854685 ], [ 50.4865065, 54.2854449 ] ] ] } },
{ "type": "Feature", "properties": { "id": "349d4a58-2a79-4cec-85d1-3b4a80fc1ea3", "source_type": "ml", "subtype": null, "class": null }, "geometry": { "type": "Polygon", "coordinates": [ [ [ 50.4863936, 54.2854402 ], [ 50.486279, 54.2854243 ], [ 50.4863319, 54.2852946 ], [ 50.4864465, 54.2853105 ], [ 50.4863936, 54.2854402 ] ] ] } },
{ "type": "Feature", "properties": { "id": "78780806-f007-4d52-83f5-df0e81ecb199", "source_type": "ml", "subtype": null, "class": null }, "geometry": { "type": "Polygon", "coordinates": [ [ [ 50.486499, 54.2847251 ], [ 50.4865118, 54.2846683 ], [ 50.4868781, 54.2846963 ], [ 50.486859, 54.2847814 ], [ 50.4865521, 54.284758 ], [ 50.4865585, 54.2847297 ], [ 50.486499, 54.2847251 ] ] ] } },
{ "type": "Feature", "properties": { "id": "b868f93f-1d0b-47f3-94bf-71cb8e5d067c", "source_type": "ml", "subtype": null, "class": null }, "geometry": { "type": "Polygon", "coordinates": [ [ [ 50.4858529, 54.284672 ], [ 50.4857016, 54.2846567 ], [ 50.4857328, 54.2845509 ], [ 50.4858842, 54.2845661 ], [ 50.4858529, 54.284672 ] ] ] } },
{ "type": "Feature", "properties": { "id": "a7561713-8bc1-42a1-b7af-867e2223b941", "source_type": "ml", "subtype": null, "class": null }, "geometry": { "type": "Polygon", "coordinates": [ [ [ 50.4856157, 54.2844843 ], [ 50.4856123, 54.2845453 ], [ 50.4855292, 54.2845437 ], [ 50.4855326, 54.2844827 ], [ 50.4856157, 54.2844843 ] ] ] } },
{ "type": "Feature", "properties": { "id": "07aac5ef-f83d-442e-9683-09eabe3098c4", "source_type": "ml", "subtype": null, "class": null }, "geometry": { "type": "Polygon", "coordinates": [ [ [ 50.4859434, 54.2844084 ], [ 50.4856622, 54.2843662 ], [ 50.4856882, 54.2843071 ], [ 50.4859694, 54.2843493 ], [ 50.4859434, 54.2844084 ] ] ] } },
{ "type": "Feature", "properties": { "id": "38588f88-1ed7-47e9-95b9-36fc6f433941", "source_type": "ml", "subtype": null, "class": null }, "geometry": { "type": "Polygon", "coordinates": [ [ [ 50.4857209, 54.2840498 ], [ 50.4856172, 54.2840355 ], [ 50.4856432, 54.2839715 ], [ 50.4857469, 54.2839858 ], [ 50.4857209, 54.2840498 ] ] ] } },
{ "type": "Feature", "properties": { "id": "289d40d3-2aa0-4f61-914f-8ef2d0c602dd", "source_type": "ml", "subtype": null, "class": null }, "geometry": { "type": "Polygon", "coordinates": [ [ [ 50.4855149, 54.2841937 ], [ 50.4855603, 54.2842087 ], [ 50.485527, 54.2842431 ], [ 50.4854816, 54.284228 ], [ 50.4855149, 54.2841937 ] ] ] } },
{ "type": "Feature", "properties": { "id": "75834283-c206-48ae-8720-7319f7b2a3ab", "source_type": "ml", "subtype": null, "class": null }, "geometry": { "type": "Polygon", "coordinates": [ [ [ 50.4854853, 54.2846644 ], [ 50.4854917, 54.2846342 ], [ 50.4856194, 54.2846435 ], [ 50.485613, 54.2846736 ], [ 50.4854853, 54.2846644 ] ] ] } },
{ "type": "Feature", "properties": { "id": "f82bfac2-b314-4bc9-8807-284980c6b211", "source_type": "ml", "subtype": null, "class": null }, "geometry": { "type": "Polygon", "coordinates": [ [ [ 50.4853817, 54.2849313 ], [ 50.4853374, 54.2849291 ], [ 50.4853461, 54.2848701 ], [ 50.4853903, 54.2848723 ], [ 50.4853817, 54.2849313 ] ] ] } },
{ "type": "Feature", "properties": { "id": "819b1b61-3e09-4b63-b884-9194393eae33", "source_type": "ml", "subtype": null, "class": null }, "geometry": { "type": "Polygon", "coordinates": [ [ [ 50.4855288, 54.284998 ], [ 50.4855249, 54.2850253 ], [ 50.485437, 54.285021 ], [ 50.4854409, 54.2849937 ], [ 50.4855288, 54.284998 ] ] ] } },
{ "type": "Feature", "properties": { "id": "49ec4079-0a39-4401-8d34-37c8bf67cdf3", "source_type": "ml", "subtype": null, "class": null }, "geometry": { "type": "Polygon", "coordinates": [ [ [ 50.4855612, 54.2848623 ], [ 50.4855678, 54.2848283 ], [ 50.4856429, 54.2848333 ], [ 50.4856364, 54.2848673 ], [ 50.4855612, 54.2848623 ] ] ] } },
{ "type": "Feature", "properties": { "id": "99a27224-eebf-49f8-9564-e73c9c96a290", "source_type": "ml", "subtype": null, "class": null }, "geometry": { "type": "Polygon", "coordinates": [ [ [ 50.4856881, 54.2849661 ], [ 50.4855579, 54.2849526 ], [ 50.4855646, 54.2849304 ], [ 50.4854974, 54.2849235 ], [ 50.4855149, 54.2848659 ], [ 50.4856122, 54.284876 ], [ 50.4856061, 54.2848961 ], [ 50.4857063, 54.2849065 ], [ 50.4856881, 54.2849661 ] ] ] } },
{ "type": "Feature", "properties": { "id": "ac224a0c-156d-4c36-ae4a-d9ccb179973f", "source_type": "ml", "subtype": null, "class": null }, "geometry": { "type": "Polygon", "coordinates": [ [ [ 50.4857502, 54.2847275 ], [ 50.4858119, 54.2847285 ], [ 50.4858083, 54.2848036 ], [ 50.4857467, 54.2848026 ], [ 50.4857502, 54.2847275 ] ] ] } },
{ "type": "Feature", "properties": { "id": "5687ecbb-a422-4406-8288-facc6039a777", "source_type": "ml", "subtype": null, "class": null }, "geometry": { "type": "Polygon", "coordinates": [ [ [ 50.4854946, 54.285097 ], [ 50.4855081, 54.285043 ], [ 50.4857184, 54.285061 ], [ 50.4857049, 54.2851149 ], [ 50.4854946, 54.285097 ] ] ] } },
{ "type": "Feature", "properties": { "id": "4f80a314-14d1-4202-86ad-1fe2ccd11b4d", "source_type": "ml", "subtype": null, "class": null }, "geometry": { "type": "Polygon", "coordinates": [ [ [ 50.4856134, 54.2852123 ], [ 50.4853572, 54.2851766 ], [ 50.4853915, 54.2850927 ], [ 50.4855073, 54.2851088 ], [ 50.4854997, 54.2851274 ], [ 50.4856401, 54.2851469 ], [ 50.4856134, 54.2852123 ] ] ] } },
{ "type": "Feature", "properties": { "id": "ef90e68b-4ac9-40ca-8856-00110a0adad7", "source_type": "ml", "subtype": null, "class": null }, "geometry": { "type": "Polygon", "coordinates": [ [ [ 50.4852461, 54.2852503 ], [ 50.4853257, 54.28526 ], [ 50.4853144, 54.2852915 ], [ 50.4852348, 54.2852818 ], [ 50.4852461, 54.2852503 ] ] ] } },
{ "type": "Feature", "properties": { "id": "7f9c884d-750f-4028-ad26-1b10c592c95a", "source_type": "ml", "subtype": null, "class": null }, "geometry": { "type": "Polygon", "coordinates": [ [ [ 50.485253, 54.285491 ], [ 50.4851505, 54.2854713 ], [ 50.4852137, 54.2853592 ], [ 50.4853774, 54.2853906 ], [ 50.4853393, 54.2854581 ], [ 50.4852782, 54.2854464 ], [ 50.485253, 54.285491 ] ] ] } },
{ "type": "Feature", "properties": { "id": "ea313ec4-ccaf-4727-bb0a-64034cc6690c", "source_type": "ml", "subtype": null, "class": null }, "geometry": { "type": "Polygon", "coordinates": [ [ [ 50.4851095, 54.2858294 ], [ 50.4851385, 54.2857567 ], [ 50.4852422, 54.2857708 ], [ 50.485236, 54.2857863 ], [ 50.4853712, 54.2858047 ], [ 50.4853484, 54.2858619 ], [ 50.4851095, 54.2858294 ] ] ] } },
{ "type": "Feature", "properties": { "id": "551bf6e1-3b44-4609-89ff-d1b9c222b975", "source_type": "ml", "subtype": null, "class": null }, "geometry": { "type": "Polygon", "coordinates": [ [ [ 50.486106, 54.2858544 ], [ 50.486118, 54.2857895 ], [ 50.4864472, 54.2858102 ], [ 50.4864308, 54.2858995 ], [ 50.4861959, 54.2858848 ], [ 50.4862004, 54.2858603 ], [ 50.486106, 54.2858544 ] ] ] } },
{ "type": "Feature", "properties": { "id": "50dce390-f2d7-4b3d-9537-92e2fa3815a3", "source_type": "ml", "subtype": null, "class": null }, "geometry": { "type": "Polygon", "coordinates": [ [ [ 50.4860067, 54.2861918 ], [ 50.4860426, 54.286112 ], [ 50.4862022, 54.2861365 ], [ 50.4861663, 54.2862163 ], [ 50.4860067, 54.2861918 ] ] ] } },
{ "type": "Feature", "properties": { "id": "20ab7984-76a5-4b15-8214-2731d3ae6a46", "source_type": "ml", "subtype": null, "class": null }, "geometry": { "type": "Polygon", "coordinates": [ [ [ 50.4859013, 54.2864376 ], [ 50.4859444, 54.2863642 ], [ 50.4862582, 54.286427 ], [ 50.4861805, 54.2865592 ], [ 50.486082, 54.2865395 ], [ 50.4861003, 54.2865083 ], [ 50.4859589, 54.28648 ], [ 50.4859751, 54.2864524 ], [ 50.4859013, 54.2864376 ] ] ] } },
{ "type": "Feature", "properties": { "id": "53735160-e3e8-4123-81a6-16e6f0571dd2", "source_type": "ml", "subtype": null, "class": null }, "geometry": { "type": "Polygon", "coordinates": [ [ [ 50.4859481, 54.2865222 ], [ 50.4860373, 54.2865383 ], [ 50.4860168, 54.2865769 ], [ 50.4859276, 54.2865608 ], [ 50.4859481, 54.2865222 ] ] ] } },
{ "type": "Feature", "properties": { "id": "2a403d2f-0e07-4bbe-b25a-bc19ef407863", "source_type": "ml", "subtype": null, "class": null }, "geometry": { "type": "Polygon", "coordinates": [ [ [ 50.4864524, 54.2864551 ], [ 50.4865278, 54.2864665 ], [ 50.4865154, 54.2864944 ], [ 50.48644, 54.286483 ], [ 50.4864524, 54.2864551 ] ] ] } },
{ "type": "Feature", "properties": { "id": "663088dd-0de9-44d5-a705-3539facd3f08", "source_type": "ml", "subtype": null, "class": null }, "geometry": { "type": "Polygon", "coordinates": [ [ [ 50.4859499, 54.2868198 ], [ 50.4857708, 54.2867982 ], [ 50.4857896, 54.2867448 ], [ 50.4859687, 54.2867664 ], [ 50.4859499, 54.2868198 ] ] ] } },
{ "type": "Feature", "properties": { "id": "ede692d2-8a12-49ff-b64a-8c941cb98035", "source_type": "ml", "subtype": null, "class": null }, "geometry": { "type": "Polygon", "coordinates": [ [ [ 50.4858371, 54.2875077 ], [ 50.4856007, 54.2874892 ], [ 50.4856264, 54.2873771 ], [ 50.4858517, 54.2873947 ], [ 50.485843, 54.2874327 ], [ 50.4859195, 54.2874387 ], [ 50.4859092, 54.2874837 ], [ 50.4858437, 54.2874786 ], [ 50.4858371, 54.2875077 ] ] ] } },
{ "type": "Feature", "properties": { "id": "a7057e85-148f-45ec-8350-8a2311b39863", "source_type": "ml", "subtype": null, "class": null }, "geometry": { "type": "Polygon", "coordinates": [ [ [ 50.4854511, 54.2877381 ], [ 50.4854847, 54.2876692 ], [ 50.4855857, 54.2876859 ], [ 50.4855997, 54.2876572 ], [ 50.4857066, 54.2876749 ], [ 50.4856231, 54.2878465 ], [ 50.4855167, 54.2878288 ], [ 50.4855321, 54.2877973 ], [ 50.4854666, 54.2877864 ], [ 50.4854872, 54.2877441 ], [ 50.4854511, 54.2877381 ] ] ] } },
{ "type": "Feature", "properties": { "id": "a79ff654-2e36-487a-917a-9763d4857686", "source_type": "ml", "subtype": null, "class": null }, "geometry": { "type": "Polygon", "coordinates": [ [ [ 50.4853873, 54.2879282 ], [ 50.485403, 54.2878798 ], [ 50.4855193, 54.2878926 ], [ 50.4855036, 54.287941 ], [ 50.4853873, 54.2879282 ] ] ] } },
{ "type": "Feature", "properties": { "id": "602c4f42-99a7-4bf9-8e74-c64b91bf5dbe", "source_type": "ml", "subtype": null, "class": null }, "geometry": { "type": "Polygon", "coordinates": [ [ [ 50.4853112, 54.288118 ], [ 50.4853394, 54.2880616 ], [ 50.4857041, 54.288124 ], [ 50.4856758, 54.2881803 ], [ 50.4853112, 54.288118 ] ] ] } },
{ "type": "Feature", "properties": { "id": "86d563c6-daa0-49b8-9247-80c4be37b527", "source_type": "ml", "subtype": null, "class": null }, "geometry": { "type": "Polygon", "coordinates": [ [ [ 50.4853129, 54.2883753 ], [ 50.4852053, 54.2883503 ], [ 50.4852596, 54.2882705 ], [ 50.4853672, 54.2882954 ], [ 50.4853129, 54.2883753 ] ] ] } },
{ "type": "Feature", "properties": { "id": "ab41da7e-6c23-4941-843b-65fe330d88be", "source_type": "ml", "subtype": null, "class": null }, "geometry": { "type": "Polygon", "coordinates": [ [ [ 50.4855161, 54.2884952 ], [ 50.4855987, 54.2885107 ], [ 50.4855819, 54.2885413 ], [ 50.4854992, 54.2885258 ], [ 50.4855161, 54.2884952 ] ] ] } },
{ "type": "Feature", "properties": { "id": "935ba94f-c25a-4130-9747-583a60084c52", "source_type": "ml", "subtype": null, "class": null }, "geometry": { "type": "Polygon", "coordinates": [ [ [ 50.4857143, 54.2883935 ], [ 50.485788, 54.288411 ], [ 50.4857702, 54.2884365 ], [ 50.4856965, 54.2884191 ], [ 50.4857143, 54.2883935 ] ] ] } },
{ "type": "Feature", "properties": { "id": "64a3972c-1d99-4ea4-b392-c2b7499555c0", "source_type": "ml", "subtype": null, "class": null }, "geometry": { "type": "Polygon", "coordinates": [ [ [ 50.4855495, 54.2886001 ], [ 50.48558, 54.2885448 ], [ 50.4856505, 54.288558 ], [ 50.48562, 54.2886134 ], [ 50.4855495, 54.2886001 ] ] ] } },
{ "type": "Feature", "properties": { "id": "cab4da39-03fc-4d69-abe6-8f44b070eca5", "source_type": "ml", "subtype": null, "class": null }, "geometry": { "type": "Polygon", "coordinates": [ [ [ 50.4859387, 54.2878835 ], [ 50.4858335, 54.2878686 ], [ 50.485844, 54.2878435 ], [ 50.4859491, 54.2878584 ], [ 50.4859387, 54.2878835 ] ] ] } },
{ "type": "Feature", "properties": { "id": "332935c7-72e6-4eb9-af6c-699c58927126", "source_type": "ml", "subtype": null, "class": null }, "geometry": { "type": "Polygon", "coordinates": [ [ [ 50.4860848, 54.2879167 ], [ 50.4860002, 54.2879107 ], [ 50.486006, 54.2878829 ], [ 50.4860906, 54.287889 ], [ 50.4860848, 54.2879167 ] ] ] } },
{ "type": "Feature", "properties": { "id": "aecc497f-bcc9-4be8-8e7c-fed577e1ba21", "source_type": "ml", "subtype": null, "class": null }, "geometry": { "type": "Polygon", "coordinates": [ [ [ 50.4859391, 54.2877847 ], [ 50.4860786, 54.287796 ], [ 50.4860634, 54.2878605 ], [ 50.4859726, 54.2878532 ], [ 50.4859804, 54.2878202 ], [ 50.4859317, 54.2878163 ], [ 50.4859391, 54.2877847 ] ] ] } },
{ "type": "Feature", "properties": { "id": "bef4e95d-40d1-4b2a-9abb-bab4268baa6f", "source_type": "ml", "subtype": null, "class": null }, "geometry": { "type": "Polygon", "coordinates": [ [ [ 50.4859887, 54.2872914 ], [ 50.4860989, 54.2873011 ], [ 50.4860855, 54.2873531 ], [ 50.4859753, 54.2873435 ], [ 50.4859887, 54.2872914 ] ] ] } },
{ "type": "Feature", "properties": { "id": "bac8cc8c-2438-4e70-b07c-31d8484c15e6", "source_type": "ml", "subtype": null, "class": null }, "geometry": { "type": "Polygon", "coordinates": [ [ [ 50.4859942, 54.2872635 ], [ 50.4859513, 54.2872628 ], [ 50.485955, 54.287187 ], [ 50.4859978, 54.2871877 ], [ 50.4859942, 54.2872635 ] ] ] } },
{ "type": "Feature", "properties": { "id": "baa79adc-924d-4663-a4bf-57ca2324681e", "source_type": "ml", "subtype": null, "class": null }, "geometry": { "type": "Polygon", "coordinates": [ [ [ 50.486088, 54.2872033 ], [ 50.4861698, 54.2872045 ], [ 50.4861685, 54.2872358 ], [ 50.4860867, 54.2872346 ], [ 50.486088, 54.2872033 ] ] ] } },
{ "type": "Feature", "properties": { "id": "817364d6-8b40-4990-b9e8-3d92e1153821", "source_type": "ml", "subtype": null, "class": null }, "geometry": { "type": "Polygon", "coordinates": [ [ [ 50.4862416, 54.2872876 ], [ 50.4862625, 54.2872475 ], [ 50.4863239, 54.2872583 ], [ 50.486303, 54.2872985 ], [ 50.4862416, 54.2872876 ] ] ] } },
{ "type": "Feature", "properties": { "id": "3df3467f-55c3-4d87-ae62-d772db95e483", "source_type": "ml", "subtype": null, "class": null }, "geometry": { "type": "Polygon", "coordinates": [ [ [ 50.4864424, 54.2872839 ], [ 50.4864921, 54.2872549 ], [ 50.4865296, 54.2872769 ], [ 50.48648, 54.2873058 ], [ 50.4864424, 54.2872839 ] ] ] } },
{ "type": "Feature", "properties": { "id": "97b6682d-b485-4168-be22-c1a993d13ef5", "source_type": "ml", "subtype": null, "class": null }, "geometry": { "type": "Polygon", "coordinates": [ [ [ 50.4851155, 54.2886627 ], [ 50.4851596, 54.2886141 ], [ 50.4852629, 54.2886461 ], [ 50.4852915, 54.2886146 ], [ 50.485487, 54.2886751 ], [ 50.4854143, 54.2887551 ], [ 50.4851155, 54.2886627 ] ] ] } },
{ "type": "Feature", "properties": { "id": "b179f8eb-2efb-408f-b8ff-54a4ee7e12c6", "source_type": "ml", "subtype": null, "class": null }, "geometry": { "type": "Polygon", "coordinates": [ [ [ 50.4849533, 54.2894244 ], [ 50.4849842, 54.2893974 ], [ 50.4850566, 54.2894255 ], [ 50.4850256, 54.2894526 ], [ 50.4849533, 54.2894244 ] ] ] } },
{ "type": "Feature", "properties": { "id": "0da31a47-f6f5-410c-a688-08bce5b5c3f5", "source_type": "ml", "subtype": null, "class": null }, "geometry": { "type": "Polygon", "coordinates": [ [ [ 50.4846408, 54.289663 ], [ 50.4846693, 54.2896256 ], [ 50.4847029, 54.2896343 ], [ 50.4846744, 54.2896717 ], [ 50.4846408, 54.289663 ] ] ] } },
{ "type": "Feature", "properties": { "id": "d8a68460-9d10-4a49-9e97-7ec8b8a7a886", "source_type": "ml", "subtype": null, "class": null }, "geometry": { "type": "Polygon", "coordinates": [ [ [ 50.484607, 54.2896849 ], [ 50.4844816, 54.2896404 ], [ 50.4846095, 54.2895176 ], [ 50.4847721, 54.2895753 ], [ 50.4847411, 54.289605 ], [ 50.4847039, 54.2895918 ], [ 50.484607, 54.2896849 ] ] ] } },
{ "type": "Feature", "properties": { "id": "2ab40f5e-867c-4856-b29c-75f725143898", "source_type": "ml", "subtype": null, "class": null }, "geometry": { "type": "Polygon", "coordinates": [ [ [ 50.4847494, 54.2894464 ], [ 50.4848045, 54.2894739 ], [ 50.4847728, 54.2894956 ], [ 50.4847176, 54.2894681 ], [ 50.4847494, 54.2894464 ] ] ] } },
{ "type": "Feature", "properties": { "id": "0606011a-8b49-4b57-b89a-15025fe860aa", "source_type": "ml", "subtype": null, "class": null }, "geometry": { "type": "Polygon", "coordinates": [ [ [ 50.4845028, 54.2894753 ], [ 50.4845778, 54.2895094 ], [ 50.4845452, 54.2895337 ], [ 50.4844702, 54.2894996 ], [ 50.4845028, 54.2894753 ] ] ] } },
{ "type": "Feature", "properties": { "id": "2bc66c34-ac9b-42b8-b6ab-d5ff4ea90ff2", "source_type": "ml", "subtype": null, "class": null }, "geometry": { "type": "Polygon", "coordinates": [ [ [ 50.4845874, 54.2894983 ], [ 50.4845202, 54.2894809 ], [ 50.4845613, 54.2894267 ], [ 50.4846286, 54.2894441 ], [ 50.4845874, 54.2894983 ] ] ] } },
{ "type": "Feature", "properties": { "id": "dde33521-0cb4-423f-8fa4-f78261204ee1", "source_type": "ml", "subtype": null, "class": null }, "geometry": { "type": "Polygon", "coordinates": [ [ [ 50.4845206, 54.2897017 ], [ 50.4844889, 54.2897436 ], [ 50.4844193, 54.2897257 ], [ 50.484451, 54.2896838 ], [ 50.4845206, 54.2897017 ] ] ] } },
{ "type": "Feature", "properties": { "id": "fd4713ee-4883-461b-a0b0-7b0c819700a2", "source_type": "ml", "subtype": null, "class": null }, "geometry": { "type": "Polygon", "coordinates": [ [ [ 50.4838363, 54.2901122 ], [ 50.4839051, 54.2901369 ], [ 50.4838752, 54.2901653 ], [ 50.4836341, 54.2900786 ], [ 50.4836803, 54.2900348 ], [ 50.4838526, 54.2900967 ], [ 50.4838363, 54.2901122 ] ] ] } },
{ "type": "Feature", "properties": { "id": "8afe10a8-17e4-448a-bd35-15d0e98a90bc", "source_type": "ml", "subtype": null, "class": null }, "geometry": { "type": "Polygon", "coordinates": [ [ [ 50.4839143, 54.2901153 ], [ 50.4836316, 54.2900086 ], [ 50.4836882, 54.2899575 ], [ 50.4839709, 54.2900641 ], [ 50.4839143, 54.2901153 ] ] ] } },
{ "type": "Feature", "properties": { "id": "aa967d77-2746-4dea-8c46-5bcaa71d4e53", "source_type": "ml", "subtype": null, "class": null }, "geometry": { "type": "Polygon", "coordinates": [ [ [ 50.4839899, 54.2897257 ], [ 50.4841195, 54.2897776 ], [ 50.4840732, 54.289817 ], [ 50.4839436, 54.2897652 ], [ 50.4839899, 54.2897257 ] ] ] } },
{ "type": "Feature", "properties": { "id": "0a228151-7760-49fa-b4a1-c3479adb830b", "source_type": "ml", "subtype": null, "class": null }, "geometry": { "type": "Polygon", "coordinates": [ [ [ 50.4842347, 54.2896312 ], [ 50.4840627, 54.2895705 ], [ 50.4842218, 54.2894169 ], [ 50.4843938, 54.2894776 ], [ 50.4842347, 54.2896312 ] ] ] } },
{ "type": "Feature", "properties": { "id": "86c4cec8-10e6-4e60-ae5e-649b7b3b108e", "source_type": "ml", "subtype": null, "class": null }, "geometry": { "type": "Polygon", "coordinates": [ [ [ 50.4843734, 54.2896197 ], [ 50.4844609, 54.289647 ], [ 50.4844229, 54.2896884 ], [ 50.4843354, 54.289661 ], [ 50.4843734, 54.2896197 ] ] ] } },
{ "type": "Feature", "properties": { "id": "92f5110c-a3d0-4246-ba47-f497c46bc0fa", "source_type": "ml", "subtype": null, "class": null }, "geometry": { "type": "Polygon", "coordinates": [ [ [ 50.4840514, 54.288656 ], [ 50.4840791, 54.2886233 ], [ 50.4841675, 54.2886488 ], [ 50.4841398, 54.2886815 ], [ 50.4840514, 54.288656 ] ] ] } },
{ "type": "Feature", "properties": { "id": "ecf0cdbd-f34c-423a-b2c7-88286918edec", "source_type": "ml", "subtype": null, "class": null }, "geometry": { "type": "Polygon", "coordinates": [ [ [ 50.4844859, 54.2894067 ], [ 50.4843126, 54.2893454 ], [ 50.4844868, 54.2891775 ], [ 50.4846601, 54.2892388 ], [ 50.4844859, 54.2894067 ] ] ] } },
{ "type": "Feature", "properties": { "id": "ecfec888-7202-4cfc-a4c3-6ef8e7026faf", "source_type": "ml", "subtype": null, "class": null }, "geometry": { "type": "Polygon", "coordinates": [ [ [ 50.4846722, 54.2894202 ], [ 50.4845671, 54.2893938 ], [ 50.484587, 54.2893669 ], [ 50.4846921, 54.2893933 ], [ 50.4846722, 54.2894202 ] ] ] } },
{ "type": "Feature", "properties": { "id": "3294bbb2-db8b-412b-8841-63b98f874390", "source_type": "ml", "subtype": null, "class": null }, "geometry": { "type": "Polygon", "coordinates": [ [ [ 50.4848481, 54.2894509 ], [ 50.4847302, 54.2894033 ], [ 50.4848695, 54.2892858 ], [ 50.4849874, 54.2893334 ], [ 50.4848481, 54.2894509 ] ] ] } },
{ "type": "Feature", "properties": { "id": "af58c221-867a-4cbe-8f72-2cbd27d2cc81", "source_type": "ml", "subtype": null, "class": null }, "geometry": { "type": "Polygon", "coordinates": [ [ [ 50.4850207, 54.2892579 ], [ 50.4849417, 54.2892419 ], [ 50.4849578, 54.2892148 ], [ 50.4850369, 54.2892308 ], [ 50.4850207, 54.2892579 ] ] ] } },
{ "type": "Feature", "properties": { "id": "32e37098-679e-4024-9d2f-eb8dd9b505bb", "source_type": "ml", "subtype": null, "class": null }, "geometry": { "type": "Polygon", "coordinates": [ [ [ 50.4850353, 54.2892641 ], [ 50.4850804, 54.2892755 ], [ 50.485055, 54.2893097 ], [ 50.4850098, 54.2892983 ], [ 50.4850353, 54.2892641 ] ] ] } },
{ "type": "Feature", "properties": { "id": "6abef9c6-347a-46a0-96ca-9583b4168f26", "source_type": "ml", "subtype": null, "class": null }, "geometry": { "type": "Polygon", "coordinates": [ [ [ 50.4850297, 54.2893877 ], [ 50.4850835, 54.2893431 ], [ 50.4851121, 54.2893549 ], [ 50.4850584, 54.2893994 ], [ 50.4850297, 54.2893877 ] ] ] } },
{ "type": "Feature", "properties": { "id": "24fc1c21-9342-4fe4-9227-61c7cd0b388a", "source_type": "ml", "subtype": null, "class": null }, "geometry": { "type": "Polygon", "coordinates": [ [ [ 50.4845539, 54.2880997 ], [ 50.4844875, 54.2880932 ], [ 50.4844993, 54.2880521 ], [ 50.4845658, 54.2880586 ], [ 50.4845539, 54.2880997 ] ] ] } },
{ "type": "Feature", "properties": { "id": "731d2e67-4753-41f4-aca5-bed13d37a522", "source_type": "ml", "subtype": null, "class": null }, "geometry": { "type": "Polygon", "coordinates": [ [ [ 50.4845665, 54.2878857 ], [ 50.4845898, 54.2878495 ], [ 50.4846721, 54.2878675 ], [ 50.4846488, 54.2879038 ], [ 50.4845665, 54.2878857 ] ] ] } },
{ "type": "Feature", "properties": { "id": "e02c4472-0b96-4735-8cc9-66b67013c2e6", "source_type": "ml", "subtype": null, "class": null }, "geometry": { "type": "Polygon", "coordinates": [ [ [ 50.4844282, 54.2875403 ], [ 50.4844778, 54.2874599 ], [ 50.4845491, 54.2874749 ], [ 50.4844995, 54.2875553 ], [ 50.4844282, 54.2875403 ] ] ] } },
{ "type": "Feature", "properties": { "id": "961308d7-bf48-4e54-aa08-83c66c722ddd", "source_type": "ml", "subtype": null, "class": null }, "geometry": { "type": "Polygon", "coordinates": [ [ [ 50.4846704, 54.2875876 ], [ 50.4845703, 54.2875642 ], [ 50.4845991, 54.2875222 ], [ 50.4846992, 54.2875456 ], [ 50.4846704, 54.2875876 ] ] ] } },
{ "type": "Feature", "properties": { "id": "b4d4a4fe-0c6b-48bb-9c06-1ae0a5ad5ac0", "source_type": "ml", "subtype": null, "class": null }, "geometry": { "type": "Polygon", "coordinates": [ [ [ 50.4847074, 54.2878167 ], [ 50.4846221, 54.2877986 ], [ 50.4846751, 54.2877137 ], [ 50.4847604, 54.2877318 ], [ 50.4847074, 54.2878167 ] ] ] } },
{ "type": "Feature", "properties": { "id": "fb07a0b6-48d0-4baa-bcfb-8ea73c79599a", "source_type": "ml", "subtype": null, "class": null }, "geometry": { "type": "Polygon", "coordinates": [ [ [ 50.48388, 54.2877953 ], [ 50.4839944, 54.2878265 ], [ 50.4839713, 54.2878553 ], [ 50.4838569, 54.2878241 ], [ 50.48388, 54.2877953 ] ] ] } },
{ "type": "Feature", "properties": { "id": "2ac7519f-194f-43e9-a39f-2096877f3461", "source_type": "ml", "subtype": null, "class": null }, "geometry": { "type": "Polygon", "coordinates": [ [ [ 50.4839177, 54.2879433 ], [ 50.4837886, 54.2879158 ], [ 50.4838174, 54.2878697 ], [ 50.4839465, 54.2878971 ], [ 50.4839177, 54.2879433 ] ] ] } },
{ "type": "Feature", "properties": { "id": "46c68637-d4fa-40ac-b836-c8d2733981fb", "source_type": "ml", "subtype": null, "class": null }, "geometry": { "type": "Polygon", "coordinates": [ [ [ 50.4840877, 54.2879904 ], [ 50.4841445, 54.2880036 ], [ 50.4841258, 54.2880312 ], [ 50.484069, 54.288018 ], [ 50.4840877, 54.2879904 ] ] ] } },
{ "type": "Feature", "properties": { "id": "ca0a33b1-c8ee-4530-8ae9-83d79ff9bdf7", "source_type": "ml", "subtype": null, "class": null }, "geometry": { "type": "Polygon", "coordinates": [ [ [ 50.4842244, 54.2879959 ], [ 50.4843117, 54.2878938 ], [ 50.4844286, 54.2879278 ], [ 50.4843412, 54.28803 ], [ 50.4842244, 54.2879959 ] ] ] } },
{ "type": "Feature", "properties": { "id": "31477588-acaf-4710-a424-91e88f3a932c", "source_type": "ml", "subtype": null, "class": null }, "geometry": { "type": "Polygon", "coordinates": [ [ [ 50.4840485, 54.288286 ], [ 50.4839357, 54.2882549 ], [ 50.4840159, 54.2881558 ], [ 50.4842269, 54.2882139 ], [ 50.4841615, 54.2882948 ], [ 50.4840633, 54.2882678 ], [ 50.4840485, 54.288286 ] ] ] } },
{ "type": "Feature", "properties": { "id": "40406521-8256-42cd-8c7f-8997caf97c55", "source_type": "ml", "subtype": null, "class": null }, "geometry": { "type": "Polygon", "coordinates": [ [ [ 50.4842893, 54.2885218 ], [ 50.4841973, 54.2884964 ], [ 50.4842319, 54.2884537 ], [ 50.484324, 54.2884791 ], [ 50.4842893, 54.2885218 ] ] ] } },
{ "type": "Feature", "properties": { "id": "3ece01e3-0e24-463c-a3d9-334469f18ce6", "source_type": "ml", "subtype": null, "class": null }, "geometry": { "type": "Polygon", "coordinates": [ [ [ 50.4839045, 54.2886438 ], [ 50.483751, 54.2885965 ], [ 50.483919, 54.2884106 ], [ 50.4840815, 54.2884607 ], [ 50.4840425, 54.2885039 ], [ 50.4840766, 54.2885144 ], [ 50.4839757, 54.288626 ], [ 50.4839326, 54.2886127 ], [ 50.4839045, 54.2886438 ] ] ] } },
{ "type": "Feature", "properties": { "id": "0a49dca1-d932-498a-8b3b-c829140af18a", "source_type": "ml", "subtype": null, "class": null }, "geometry": { "type": "Polygon", "coordinates": [ [ [ 50.4838698, 54.2882217 ], [ 50.4838454, 54.2883247 ], [ 50.483777, 54.2883192 ], [ 50.4838013, 54.2882162 ], [ 50.4838698, 54.2882217 ] ] ] } },
{ "type": "Feature", "properties": { "id": "345e9007-3ad4-4713-81e6-10b7ce9eba4f", "source_type": "ml", "subtype": null, "class": null }, "geometry": { "type": "Polygon", "coordinates": [ [ [ 50.4837461, 54.2884045 ], [ 50.483701, 54.288388 ], [ 50.48373, 54.288361 ], [ 50.4837752, 54.2883776 ], [ 50.4837461, 54.2884045 ] ] ] } },
{ "type": "Feature", "properties": { "id": "2f32bee7-18c2-4308-9952-9b013ce737d5", "source_type": "ml", "subtype": null, "class": null }, "geometry": { "type": "Polygon", "coordinates": [ [ [ 50.4837118, 54.2884139 ], [ 50.483774, 54.2884241 ], [ 50.483753, 54.2884676 ], [ 50.4836909, 54.2884574 ], [ 50.4837118, 54.2884139 ] ] ] } },
{ "type": "Feature", "properties": { "id": "09a07f06-3701-4db6-a865-e4a14c2b2e57", "source_type": "ml", "subtype": null, "class": null }, "geometry": { "type": "Polygon", "coordinates": [ [ [ 50.4836414, 54.2884991 ], [ 50.4834741, 54.288456 ], [ 50.4835108, 54.2884075 ], [ 50.4834469, 54.288391 ], [ 50.4834721, 54.2883577 ], [ 50.4835764, 54.2883846 ], [ 50.4836022, 54.2883506 ], [ 50.4836964, 54.2883749 ], [ 50.4836841, 54.2883911 ], [ 50.4837168, 54.2883995 ], [ 50.4836414, 54.2884991 ] ] ] } },
{ "type": "Feature", "properties": { "id": "ae05e475-5a34-45bd-8af3-61fdd7558bd4", "source_type": "ml", "subtype": null, "class": null }, "geometry": { "type": "Polygon", "coordinates": [ [ [ 50.4836262, 54.2883156 ], [ 50.4834982, 54.2882994 ], [ 50.4835132, 54.288259 ], [ 50.4836413, 54.2882753 ], [ 50.4836262, 54.2883156 ] ] ] } },
{ "type": "Feature", "properties": { "id": "4af4ae38-63cc-47f5-95d1-82474003712c", "source_type": "ml", "subtype": null, "class": null }, "geometry": { "type": "Polygon", "coordinates": [ [ [ 50.4832718, 54.288337 ], [ 50.4833738, 54.2883487 ], [ 50.4833564, 54.2884 ], [ 50.4832544, 54.2883882 ], [ 50.4832718, 54.288337 ] ] ] } },
{ "type": "Feature", "properties": { "id": "04c0a8a6-013b-4c58-ac1f-1ddcfe31de14", "source_type": "ml", "subtype": null, "class": null }, "geometry": { "type": "Polygon", "coordinates": [ [ [ 50.4821976, 54.2892827 ], [ 50.4822774, 54.2893048 ], [ 50.4822545, 54.2893329 ], [ 50.4821747, 54.2893109 ], [ 50.4821976, 54.2892827 ] ] ] } },
{ "type": "Feature", "properties": { "id": "8a9c5011-30e0-4ac9-850c-a3b96c2fa0ce", "source_type": "ml", "subtype": null, "class": null }, "geometry": { "type": "Polygon", "coordinates": [ [ [ 50.4823283, 54.2893415 ], [ 50.4822858, 54.2893268 ], [ 50.4823258, 54.2892874 ], [ 50.4823683, 54.2893021 ], [ 50.4823283, 54.2893415 ] ] ] } },
{ "type": "Feature", "properties": { "id": "5e85ed44-638b-467f-9420-ba93e3226936", "source_type": "ml", "subtype": null, "class": null }, "geometry": { "type": "Polygon", "coordinates": [ [ [ 50.4822659, 54.2892514 ], [ 50.4823047, 54.2891832 ], [ 50.4823651, 54.2891949 ], [ 50.4823264, 54.2892631 ], [ 50.4822659, 54.2892514 ] ] ] } },
{ "type": "Feature", "properties": { "id": "ba675e80-4ff6-4cb2-b3c1-19fdb010fa06", "source_type": "ml", "subtype": null, "class": null }, "geometry": { "type": "Polygon", "coordinates": [ [ [ 50.4824593, 54.288956 ], [ 50.4825868, 54.2889971 ], [ 50.4823967, 54.2891984 ], [ 50.4823626, 54.2891874 ], [ 50.4823841, 54.2891646 ], [ 50.4823318, 54.2891477 ], [ 50.4824021, 54.2890733 ], [ 50.482361, 54.2890601 ], [ 50.4824593, 54.288956 ] ] ] } },
{ "type": "Feature", "properties": { "id": "0b5db98c-f9e6-40c7-b637-b0f87d91c7a7", "source_type": "ml", "subtype": null, "class": null }, "geometry": { "type": "Polygon", "coordinates": [ [ [ 50.4828074, 54.2893787 ], [ 50.4826532, 54.2893402 ], [ 50.4827481, 54.2892105 ], [ 50.4829024, 54.289249 ], [ 50.4828074, 54.2893787 ] ] ] } },
{ "type": "Feature", "properties": { "id": "34306da5-35fb-4458-a435-b00779cfd2dc", "source_type": "ml", "subtype": null, "class": null }, "geometry": { "type": "Polygon", "coordinates": [ [ [ 50.4833066, 54.2887771 ], [ 50.4833258, 54.288727 ], [ 50.4833897, 54.2887353 ], [ 50.4833705, 54.2887854 ], [ 50.4833066, 54.2887771 ] ] ] } },
{ "type": "Feature", "properties": { "id": "c1d0b9d4-71db-451a-9811-0eac251256fc", "source_type": "ml", "subtype": null, "class": null }, "geometry": { "type": "Polygon", "coordinates": [ [ [ 50.4835173, 54.2886871 ], [ 50.483541, 54.2886596 ], [ 50.4835967, 54.2886759 ], [ 50.483573, 54.2887034 ], [ 50.4835173, 54.2886871 ] ] ] } },
{ "type": "Feature", "properties": { "id": "93cff784-45b5-4781-b8dd-7b623bbfcb62", "source_type": "ml", "subtype": null, "class": null }, "geometry": { "type": "Polygon", "coordinates": [ [ [ 50.4836521, 54.2886734 ], [ 50.4835214, 54.2886231 ], [ 50.4835509, 54.2885969 ], [ 50.4836817, 54.2886473 ], [ 50.4836521, 54.2886734 ] ] ] } },
{ "type": "Feature", "properties": { "id": "c88fdd27-1da9-40a9-8491-b5555b0d28f3", "source_type": "ml", "subtype": null, "class": null }, "geometry": { "type": "Polygon", "coordinates": [ [ [ 50.4835068, 54.288949 ], [ 50.4834353, 54.2889261 ], [ 50.4834948, 54.2888628 ], [ 50.4836774, 54.2889213 ], [ 50.4835819, 54.2890229 ], [ 50.4834708, 54.2889873 ], [ 50.4835068, 54.288949 ] ] ] } },
{ "type": "Feature", "properties": { "id": "3a8cb02e-2651-4fab-b8f8-56eae0a01b54", "source_type": "ml", "subtype": null, "class": null }, "geometry": { "type": "Polygon", "coordinates": [ [ [ 50.4833682, 54.2888861 ], [ 50.4833094, 54.2888666 ], [ 50.4833422, 54.2888331 ], [ 50.4834009, 54.2888526 ], [ 50.4833682, 54.2888861 ] ] ] } },
{ "type": "Feature", "properties": { "id": "210c6b3d-42a4-44d6-a343-d4d38de29c6d", "source_type": "ml", "subtype": null, "class": null }, "geometry": { "type": "Polygon", "coordinates": [ [ [ 50.483085, 54.2892301 ], [ 50.4828882, 54.2891673 ], [ 50.482949, 54.2891023 ], [ 50.482923, 54.2890941 ], [ 50.4829834, 54.2890295 ], [ 50.4830236, 54.2890423 ], [ 50.4831199, 54.2889392 ], [ 50.483308, 54.2889991 ], [ 50.4832302, 54.2890823 ], [ 50.4832451, 54.2890871 ], [ 50.4832236, 54.28911 ], [ 50.4832062, 54.2891286 ], [ 50.483186, 54.2891222 ], [ 50.483085, 54.2892301 ] ] ] } },
{ "type": "Feature", "properties": { "id": "5aa2ec6f-f6f1-4721-b7b1-57481ba99c7d", "source_type": "ml", "subtype": null, "class": null }, "geometry": { "type": "Polygon", "coordinates": [ [ [ 50.4830585, 54.2895432 ], [ 50.4828825, 54.2894793 ], [ 50.4830413, 54.2893305 ], [ 50.4832172, 54.2893945 ], [ 50.4830585, 54.2895432 ] ] ] } },
{ "type": "Feature", "properties": { "id": "d16a5563-7680-4d34-8620-161285b89996", "source_type": "ml", "subtype": null, "class": null }, "geometry": { "type": "Polygon", "coordinates": [ [ [ 50.4819487, 54.289074 ], [ 50.4820275, 54.2890002 ], [ 50.4822307, 54.2890739 ], [ 50.482152, 54.2891478 ], [ 50.4819487, 54.289074 ] ] ] } },
{ "type": "Feature", "properties": { "id": "fd58d203-71fe-47c3-9383-1d3d1541fcd7", "source_type": "ml", "subtype": null, "class": null }, "geometry": { "type": "Polygon", "coordinates": [ [ [ 50.4797831, 54.2873095 ], [ 50.479869, 54.2873432 ], [ 50.4797914, 54.2874105 ], [ 50.4797056, 54.2873767 ], [ 50.4797831, 54.2873095 ] ] ] } },
{ "type": "Feature", "properties": { "id": "0e6c2740-cb63-4eeb-9b3b-9ddb1ab747ae", "source_type": "ml", "subtype": null, "class": null }, "geometry": { "type": "Polygon", "coordinates": [ [ [ 50.4796451, 54.2871824 ], [ 50.4796931, 54.2871461 ], [ 50.4797755, 54.2871832 ], [ 50.4797276, 54.2872195 ], [ 50.4796451, 54.2871824 ] ] ] } },
{ "type": "Feature", "properties": { "id": "80829f28-80d3-428a-8c02-a35327a7bb32", "source_type": "ml", "subtype": null, "class": null }, "geometry": { "type": "Polygon", "coordinates": [ [ [ 50.4811715, 54.2866209 ], [ 50.4811274, 54.2866081 ], [ 50.4811708, 54.2865571 ], [ 50.481215, 54.2865699 ], [ 50.4811715, 54.2866209 ] ] ] } },
{ "type": "Feature", "properties": { "id": "2f8f3da0-4b8e-4758-95df-5b7ad6714854", "source_type": "ml", "subtype": null, "class": null }, "geometry": { "type": "Polygon", "coordinates": [ [ [ 50.4805395, 54.2865158 ], [ 50.4802679, 54.2864707 ], [ 50.4802862, 54.286433 ], [ 50.4802675, 54.2864299 ], [ 50.4802851, 54.2863937 ], [ 50.4804539, 54.2864217 ], [ 50.4804327, 54.2864652 ], [ 50.4805543, 54.2864854 ], [ 50.4805395, 54.2865158 ] ] ] } },
{ "type": "Feature", "properties": { "id": "6bb92f60-7707-484f-9bb7-724b7bfa3b47", "source_type": "ml", "subtype": null, "class": null }, "geometry": { "type": "Polygon", "coordinates": [ [ [ 50.4803478, 54.28667 ], [ 50.4802093, 54.2866293 ], [ 50.480303, 54.2865207 ], [ 50.4804414, 54.2865614 ], [ 50.4803478, 54.28667 ] ] ] } },
{ "type": "Feature", "properties": { "id": "8da0b06f-584d-4999-a4e2-98c2d6247de5", "source_type": "ml", "subtype": null, "class": null }, "geometry": { "type": "Polygon", "coordinates": [ [ [ 50.4801864, 54.2869735 ], [ 50.4799067, 54.2868927 ], [ 50.4799537, 54.2868372 ], [ 50.4802334, 54.2869181 ], [ 50.4801864, 54.2869735 ] ] ] } },
{ "type": "Feature", "properties": { "id": "e84ffc7b-c566-4891-9f31-acd90575b2cc", "source_type": "ml", "subtype": null, "class": null }, "geometry": { "type": "Polygon", "coordinates": [ [ [ 50.4802225, 54.2857146 ], [ 50.4802963, 54.2857225 ], [ 50.480287, 54.2857522 ], [ 50.4802132, 54.2857443 ], [ 50.4802225, 54.2857146 ] ] ] } },
{ "type": "Feature", "properties": { "id": "07d786e6-d71b-46a2-8f11-78325228231f", "source_type": "ml", "subtype": null, "class": null }, "geometry": { "type": "Polygon", "coordinates": [ [ [ 50.4806635, 54.286199 ], [ 50.4803183, 54.2861588 ], [ 50.4803379, 54.2861015 ], [ 50.4804485, 54.2861144 ], [ 50.4804541, 54.2860981 ], [ 50.4805602, 54.2861105 ], [ 50.4805548, 54.2861262 ], [ 50.4806833, 54.2861412 ], [ 50.4806635, 54.286199 ] ] ] } },
{ "type": "Feature", "properties": { "id": "a9f40c3a-6865-4059-af4f-19fb53f3f357", "source_type": "ml", "subtype": null, "class": null }, "geometry": { "type": "Polygon", "coordinates": [ [ [ 50.4805752, 54.2860065 ], [ 50.4806555, 54.2860086 ], [ 50.4806525, 54.2860486 ], [ 50.4805722, 54.2860465 ], [ 50.4805752, 54.2860065 ] ] ] } },
{ "type": "Feature", "properties": { "id": "0a296790-aec3-4e4b-ad91-d6ff9611c278", "source_type": "ml", "subtype": null, "class": null }, "geometry": { "type": "Polygon", "coordinates": [ [ [ 50.4805538, 54.2860201 ], [ 50.4804262, 54.2860071 ], [ 50.4804356, 54.2859758 ], [ 50.4805631, 54.2859888 ], [ 50.4805538, 54.2860201 ] ] ] } },
{ "type": "Feature", "properties": { "id": "8d86ad9a-07c9-4a50-b8a8-5fcab2fa1c6f", "source_type": "ml", "subtype": null, "class": null }, "geometry": { "type": "Polygon", "coordinates": [ [ [ 50.4847676, 54.2863729 ], [ 50.4846165, 54.2863605 ], [ 50.4846342, 54.2862875 ], [ 50.4848209, 54.2863028 ], [ 50.4848114, 54.2863421 ], [ 50.4847758, 54.2863391 ], [ 50.4847676, 54.2863729 ] ] ] } },
{ "type": "Feature", "properties": { "id": "08fa65a3-b798-4f3f-9bef-2f3becf82095", "source_type": "ml", "subtype": null, "class": null }, "geometry": { "type": "Polygon", "coordinates": [ [ [ 50.4851034, 54.2866486 ], [ 50.4851245, 54.2866086 ], [ 50.4852152, 54.2866249 ], [ 50.485194, 54.286665 ], [ 50.4851034, 54.2866486 ] ] ] } },
{ "type": "Feature", "properties": { "id": "9e9c4112-72f8-4832-9b8a-a2ea4d894993", "source_type": "ml", "subtype": null, "class": null }, "geometry": { "type": "Polygon", "coordinates": [ [ [ 50.4850892, 54.2865825 ], [ 50.4851138, 54.286545 ], [ 50.4851979, 54.2865639 ], [ 50.4851733, 54.2866013 ], [ 50.4850892, 54.2865825 ] ] ] } },
{ "type": "Feature", "properties": { "id": "aead6a52-ed0c-4fea-b087-ccb9a266ef51", "source_type": "ml", "subtype": null, "class": null }, "geometry": { "type": "Polygon", "coordinates": [ [ [ 50.4850505, 54.2865888 ], [ 50.4851143, 54.2866036 ], [ 50.4850968, 54.2866293 ], [ 50.485033, 54.2866145 ], [ 50.4850505, 54.2865888 ] ] ] } },
{ "type": "Feature", "properties": { "id": "1afe3ad6-5e61-4b0e-a9fa-66e20167e955", "source_type": "ml", "subtype": null, "class": null }, "geometry": { "type": "Polygon", "coordinates": [ [ [ 50.4850105, 54.2865462 ], [ 50.4847877, 54.2865099 ], [ 50.4848254, 54.2864309 ], [ 50.4849308, 54.2864481 ], [ 50.4849205, 54.2864696 ], [ 50.4850379, 54.2864888 ], [ 50.4850105, 54.2865462 ] ] ] } },
{ "type": "Feature", "properties": { "id": "e9ab5495-e56d-4cfe-aaac-a15d70d44b0a", "source_type": "ml", "subtype": null, "class": null }, "geometry": { "type": "Polygon", "coordinates": [ [ [ 50.4850277, 54.286208 ], [ 50.4850542, 54.2861214 ], [ 50.4852651, 54.2861434 ], [ 50.4852386, 54.28623 ], [ 50.4850277, 54.286208 ] ] ] } },
{ "type": "Feature", "properties": { "id": "3c62e10d-72a5-4870-89b4-5aecc5b26a87", "source_type": "ml", "subtype": null, "class": null }, "geometry": { "type": "Polygon", "coordinates": [ [ [ 50.4848312, 54.2860056 ], [ 50.4848503, 54.2859753 ], [ 50.4849023, 54.2859864 ], [ 50.4848832, 54.2860168 ], [ 50.4848312, 54.2860056 ] ] ] } },
{ "type": "Feature", "properties": { "id": "ecb507e5-d701-4bb0-a2b0-3c9674c6bd7a", "source_type": "ml", "subtype": null, "class": null }, "geometry": { "type": "Polygon", "coordinates": [ [ [ 50.4847419, 54.2862285 ], [ 50.4847694, 54.2861547 ], [ 50.4849521, 54.2861779 ], [ 50.4849246, 54.2862517 ], [ 50.4847419, 54.2862285 ] ] ] } },
{ "type": "Feature", "properties": { "id": "4b060742-49f3-484f-adc4-8e97f4d5ece3", "source_type": "ml", "subtype": null, "class": null }, "geometry": { "type": "Polygon", "coordinates": [ [ [ 50.4841873, 54.2830283 ], [ 50.4843253, 54.2822396 ], [ 50.4845008, 54.28225 ], [ 50.484363, 54.2830388 ], [ 50.4841873, 54.2830283 ] ] ] } },
{ "type": "Feature", "properties": { "id": "6a6162b4-f582-4791-9bcf-a526e6c021f3", "source_type": "ml", "subtype": null, "class": null }, "geometry": { "type": "Polygon", "coordinates": [ [ [ 50.485054, 54.2825634 ], [ 50.4849722, 54.2825535 ], [ 50.4850019, 54.2824698 ], [ 50.4850837, 54.2824797 ], [ 50.485054, 54.2825634 ] ] ] } },
{ "type": "Feature", "properties": { "id": "f899c7bd-4229-4bd8-aad7-4e117f5c97e4", "source_type": "ml", "subtype": null, "class": null }, "geometry": { "type": "Polygon", "coordinates": [ [ [ 50.4844863, 54.2818458 ], [ 50.4845786, 54.2814508 ], [ 50.4847772, 54.2814666 ], [ 50.4846654, 54.2819456 ], [ 50.4845194, 54.281934 ], [ 50.484539, 54.28185 ], [ 50.4844863, 54.2818458 ] ] ] } },
{ "type": "Feature", "properties": { "id": "3fdc4dfd-9213-44ce-83f6-d882274d099d", "source_type": "ml", "subtype": null, "class": null }, "geometry": { "type": "Polygon", "coordinates": [ [ [ 50.4848622, 54.2807872 ], [ 50.484667, 54.2807676 ], [ 50.4848237, 54.280235 ], [ 50.4850188, 54.2802546 ], [ 50.4848622, 54.2807872 ] ] ] } },
{ "type": "Feature", "properties": { "id": "3a442d6e-a721-4ddb-9ec2-75495a335213", "source_type": "ml", "subtype": null, "class": null }, "geometry": { "type": "Polygon", "coordinates": [ [ [ 50.4845396, 54.2800529 ], [ 50.4844944, 54.2800416 ], [ 50.4844656, 54.2800273 ], [ 50.484444, 54.2800092 ], [ 50.4844311, 54.2799886 ], [ 50.4844275, 54.2799667 ], [ 50.4844337, 54.2799449 ], [ 50.4844491, 54.2799248 ], [ 50.4844728, 54.2799077 ], [ 50.4845032, 54.2798947 ], [ 50.4845383, 54.2798866 ], [ 50.4845757, 54.279884 ], [ 50.4846242, 54.2798891 ], [ 50.484667, 54.2799033 ], [ 50.4846993, 54.2799249 ], [ 50.4847176, 54.2799516 ], [ 50.4847198, 54.2799803 ], [ 50.4847056, 54.2800078 ], [ 50.4846766, 54.280031 ], [ 50.4846361, 54.2800473 ], [ 50.4845886, 54.2800549 ], [ 50.4845396, 54.2800529 ] ] ] } },
{ "type": "Feature", "properties": { "id": "be3acf10-45c0-461e-a38b-2ea9ff178589", "source_type": "ml", "subtype": null, "class": null }, "geometry": { "type": "Polygon", "coordinates": [ [ [ 50.4872348, 54.2785231 ], [ 50.4872798, 54.2785262 ], [ 50.4872727, 54.2785617 ], [ 50.4872277, 54.2785586 ], [ 50.4872348, 54.2785231 ] ] ] } },
{ "type": "Feature", "properties": { "id": "22a4cc38-d965-4b96-8240-84d627640d85", "source_type": "ml", "subtype": null, "class": null }, "geometry": { "type": "Polygon", "coordinates": [ [ [ 50.4873616, 54.2785978 ], [ 50.4872765, 54.2785934 ], [ 50.4872862, 54.2785297 ], [ 50.4873714, 54.2785341 ], [ 50.4873616, 54.2785978 ] ] ] } },
{ "type": "Feature", "properties": { "id": "885550b7-fce7-4e61-b243-89d2e8578291", "source_type": "ml", "subtype": null, "class": null }, "geometry": { "type": "Polygon", "coordinates": [ [ [ 50.4873593, 54.2784199 ], [ 50.487422, 54.278421 ], [ 50.4874169, 54.2785235 ], [ 50.4873542, 54.2785224 ], [ 50.4873593, 54.2784199 ] ] ] } },
{ "type": "Feature", "properties": { "id": "1cfb30e7-37f8-4c14-812e-1e2c304e7720", "source_type": "ml", "subtype": null, "class": null }, "geometry": { "type": "Polygon", "coordinates": [ [ [ 50.4874617, 54.2779991 ], [ 50.487466, 54.2779068 ], [ 50.4876187, 54.2779092 ], [ 50.4876144, 54.2780015 ], [ 50.4874617, 54.2779991 ] ] ] } },
{ "type": "Feature", "properties": { "id": "31d7986b-939a-4d5c-896c-310a1e90d01a", "source_type": "ml", "subtype": null, "class": null }, "geometry": { "type": "Polygon", "coordinates": [ [ [ 50.4878565, 54.2780499 ], [ 50.4877115, 54.2780426 ], [ 50.4877277, 54.277933 ], [ 50.4878728, 54.2779404 ], [ 50.4878565, 54.2780499 ] ] ] } },
{ "type": "Feature", "properties": { "id": "f1aa4d4a-bb4a-4522-b0e4-b010b7505a4c", "source_type": "ml", "subtype": null, "class": null }, "geometry": { "type": "Polygon", "coordinates": [ [ [ 50.4879056, 54.2778047 ], [ 50.4879034, 54.2778344 ], [ 50.487814, 54.2778322 ], [ 50.4878162, 54.2778025 ], [ 50.4879056, 54.2778047 ] ] ] } },
{ "type": "Feature", "properties": { "id": "cf16359d-0879-462a-a614-9175531c0936", "source_type": "ml", "subtype": null, "class": null }, "geometry": { "type": "Polygon", "coordinates": [ [ [ 50.4878674, 54.2784624 ], [ 50.4878828, 54.2784205 ], [ 50.4879777, 54.2784323 ], [ 50.4879623, 54.2784743 ], [ 50.4878674, 54.2784624 ] ] ] } },
{ "type": "Feature", "properties": { "id": "9d8303fa-af17-40fb-9559-6382af1d9e99", "source_type": "ml", "subtype": null, "class": null }, "geometry": { "type": "Polygon", "coordinates": [ [ [ 50.4877241, 54.2784485 ], [ 50.4876545, 54.2784467 ], [ 50.487657, 54.2784123 ], [ 50.4877266, 54.2784141 ], [ 50.4877241, 54.2784485 ] ] ] } },
{ "type": "Feature", "properties": { "id": "eb44528e-81d7-4473-b8c9-5f21b7b1d390", "source_type": "ml", "subtype": null, "class": null }, "geometry": { "type": "Polygon", "coordinates": [ [ [ 50.4877443, 54.2783399 ], [ 50.4878648, 54.2783425 ], [ 50.4878616, 54.2783934 ], [ 50.487741, 54.2783907 ], [ 50.4877443, 54.2783399 ] ] ] } },
{ "type": "Feature", "properties": { "id": "e463bbc5-0347-4618-8264-aa80db8b3ed1", "source_type": "ml", "subtype": null, "class": null }, "geometry": { "type": "Polygon", "coordinates": [ [ [ 50.4876526, 54.2783847 ], [ 50.4875507, 54.2783858 ], [ 50.4875481, 54.2783052 ], [ 50.48765, 54.2783041 ], [ 50.4876526, 54.2783847 ] ] ] } },
{ "type": "Feature", "properties": { "id": "7df96cdf-e6cd-43db-b91b-6232b8a769a9", "source_type": "ml", "subtype": null, "class": null }, "geometry": { "type": "Polygon", "coordinates": [ [ [ 50.4875615, 54.27818 ], [ 50.4875636, 54.2782371 ], [ 50.487511, 54.2782377 ], [ 50.4875088, 54.2781806 ], [ 50.4875615, 54.27818 ] ] ] } },
{ "type": "Feature", "properties": { "id": "2fb78227-35f8-4185-ad31-a0ce3a651ac7", "source_type": "ml", "subtype": null, "class": null }, "geometry": { "type": "Polygon", "coordinates": [ [ [ 50.4875071, 54.2785512 ], [ 50.4875176, 54.2784459 ], [ 50.4876539, 54.2784505 ], [ 50.4876442, 54.278548 ], [ 50.4875383, 54.2785444 ], [ 50.4875375, 54.2785522 ], [ 50.4875071, 54.2785512 ] ] ] } },
{ "type": "Feature", "properties": { "id": "d9aa8c88-7c5f-46b1-82c5-ad1e0defa343", "source_type": "ml", "subtype": null, "class": null }, "geometry": { "type": "Polygon", "coordinates": [ [ [ 50.4875878, 54.278781 ], [ 50.4874918, 54.2787726 ], [ 50.4875234, 54.2786493 ], [ 50.4876931, 54.2786641 ], [ 50.4876684, 54.2787609 ], [ 50.4875946, 54.2787545 ], [ 50.4875878, 54.278781 ] ] ] } },
{ "type": "Feature", "properties": { "id": "dfc81f58-f99f-4bcb-b169-2b3decf60bee", "source_type": "ml", "subtype": null, "class": null }, "geometry": { "type": "Polygon", "coordinates": [ [ [ 50.4873182, 54.2788652 ], [ 50.4873522, 54.278806 ], [ 50.4874979, 54.2788095 ], [ 50.4875571, 54.2788211 ], [ 50.4875753, 54.2788215 ], [ 50.4876208, 54.2788304 ], [ 50.487639, 54.2788308 ], [ 50.4877614, 54.2788548 ], [ 50.4877347, 54.2789012 ], [ 50.4875981, 54.278898 ], [ 50.4875526, 54.2788891 ], [ 50.4874615, 54.2788869 ], [ 50.4874297, 54.2788807 ], [ 50.4873933, 54.2788798 ], [ 50.4873182, 54.2788652 ] ] ] } },
{ "type": "Feature", "properties": { "id": "3d193aca-e5d1-4cfb-8e95-36954460d5cb", "source_type": "ml", "subtype": null, "class": null }, "geometry": { "type": "Polygon", "coordinates": [ [ [ 50.48773, 54.279288 ], [ 50.4876488, 54.2792806 ], [ 50.4876582, 54.2792454 ], [ 50.4877394, 54.2792528 ], [ 50.48773, 54.279288 ] ] ] } },
{ "type": "Feature", "properties": { "id": "10a35c71-6e5d-459e-a8ff-a9be0f1dfd36", "source_type": "ml", "subtype": null, "class": null }, "geometry": { "type": "Polygon", "coordinates": [ [ [ 50.4874673, 54.2790754 ], [ 50.487489, 54.2789627 ], [ 50.4876097, 54.2789707 ], [ 50.487588, 54.2790834 ], [ 50.4874673, 54.2790754 ] ] ] } },
{ "type": "Feature", "properties": { "id": "aafca950-543d-4354-a30b-b1dfaa6ae9ad", "source_type": "ml", "subtype": null, "class": null }, "geometry": { "type": "Polygon", "coordinates": [ [ [ 50.4874834, 54.2794263 ], [ 50.4872802, 54.2794066 ], [ 50.4873067, 54.2793135 ], [ 50.4872291, 54.279306 ], [ 50.487248, 54.2792397 ], [ 50.4875288, 54.279267 ], [ 50.4874834, 54.2794263 ] ] ] } },
{ "type": "Feature", "properties": { "id": "5064d2ec-c441-4b76-913d-e992c795b91a", "source_type": "ml", "subtype": null, "class": null }, "geometry": { "type": "Polygon", "coordinates": [ [ [ 50.4870055, 54.279041 ], [ 50.4872307, 54.2790443 ], [ 50.4872294, 54.2790741 ], [ 50.4870831, 54.2790719 ], [ 50.4870835, 54.2790609 ], [ 50.4870047, 54.2790598 ], [ 50.4870055, 54.279041 ] ] ] } },
{ "type": "Feature", "properties": { "id": "6c3ab5bf-3021-4ee3-a5c0-86a51cfeafd7", "source_type": "ml", "subtype": null, "class": null }, "geometry": { "type": "Polygon", "coordinates": [ [ [ 50.4873419, 54.2790086 ], [ 50.4872106, 54.2790061 ], [ 50.4872149, 54.2789279 ], [ 50.4873462, 54.2789304 ], [ 50.4873419, 54.2790086 ] ] ] } },
{ "type": "Feature", "properties": { "id": "515ef2a0-ab04-479e-b552-b7d5c6e7b9de", "source_type": "ml", "subtype": null, "class": null }, "geometry": { "type": "Polygon", "coordinates": [ [ [ 50.4872382, 54.2790533 ], [ 50.487351, 54.2790631 ], [ 50.4873378, 54.2791152 ], [ 50.4873037, 54.2791122 ], [ 50.4873117, 54.2790808 ], [ 50.4872329, 54.279074 ], [ 50.4872382, 54.2790533 ] ] ] } },
{ "type": "Feature", "properties": { "id": "1e2b0a77-e658-4619-a1b8-ade9bb43134a", "source_type": "ml", "subtype": null, "class": null }, "geometry": { "type": "Polygon", "coordinates": [ [ [ 50.4874755, 54.2785764 ], [ 50.4874675, 54.2786921 ], [ 50.4873764, 54.27869 ], [ 50.4873844, 54.2785743 ], [ 50.4874755, 54.2785764 ] ] ] } },
{ "type": "Feature", "properties": { "id": "93de33b8-dc08-49ff-8d7f-52cd27b7d3a6", "source_type": "ml", "subtype": null, "class": null }, "geometry": { "type": "Polygon", "coordinates": [ [ [ 50.4871134, 54.2787975 ], [ 50.4872005, 54.2788039 ], [ 50.4871935, 54.2788363 ], [ 50.4871064, 54.2788298 ], [ 50.4871134, 54.2787975 ] ] ] } },
{ "type": "Feature", "properties": { "id": "257c12c3-e67b-480f-aff3-96e256badb9e", "source_type": "ml", "subtype": null, "class": null }, "geometry": { "type": "Polygon", "coordinates": [ [ [ 50.4868994, 54.2794235 ], [ 50.4869027, 54.2793908 ], [ 50.4869508, 54.2793924 ], [ 50.4869524, 54.2793768 ], [ 50.4870325, 54.2793796 ], [ 50.4870277, 54.279428 ], [ 50.4868994, 54.2794235 ] ] ] } },
{ "type": "Feature", "properties": { "id": "7b75de2d-caf8-4c20-be42-7cad1dc4a198", "source_type": "ml", "subtype": null, "class": null }, "geometry": { "type": "Polygon", "coordinates": [ [ [ 50.4871016, 54.2795293 ], [ 50.4870743, 54.2796621 ], [ 50.4869209, 54.2796513 ], [ 50.4869317, 54.2795988 ], [ 50.4868867, 54.2795957 ], [ 50.4868947, 54.2795571 ], [ 50.4870401, 54.2795673 ], [ 50.4870487, 54.2795256 ], [ 50.4871016, 54.2795293 ] ] ] } },
{ "type": "Feature", "properties": { "id": "4d9ddf52-616c-4354-a0c2-f84d3d10cd7a", "source_type": "ml", "subtype": null, "class": null }, "geometry": { "type": "Polygon", "coordinates": [ [ [ 50.4870023, 54.2796894 ], [ 50.487, 54.2797441 ], [ 50.4869008, 54.2797427 ], [ 50.4869031, 54.2796879 ], [ 50.4870023, 54.2796894 ] ] ] } },
{ "type": "Feature", "properties": { "id": "521268d1-939a-4fad-a9bf-ecb9d0af0646", "source_type": "ml", "subtype": null, "class": null }, "geometry": { "type": "Polygon", "coordinates": [ [ [ 50.4871161, 54.2798589 ], [ 50.487044, 54.279856 ], [ 50.4870511, 54.2797968 ], [ 50.4871232, 54.2797997 ], [ 50.4871161, 54.2798589 ] ] ] } },
{ "type": "Feature", "properties": { "id": "976a3322-1afd-4715-a23c-fad9554ffa2f", "source_type": "ml", "subtype": null, "class": null }, "geometry": { "type": "Polygon", "coordinates": [ [ [ 50.4874453, 54.279603 ], [ 50.4873168, 54.2795896 ], [ 50.4873408, 54.2795107 ], [ 50.487515, 54.2795287 ], [ 50.4874977, 54.2795857 ], [ 50.487452, 54.279581 ], [ 50.4874453, 54.279603 ] ] ] } },
{ "type": "Feature", "properties": { "id": "689540e2-c230-4b15-a139-02dc56365327", "source_type": "ml", "subtype": null, "class": null }, "geometry": { "type": "Polygon", "coordinates": [ [ [ 50.4874218, 54.2797379 ], [ 50.4872044, 54.2797267 ], [ 50.4872199, 54.2796243 ], [ 50.4874373, 54.2796355 ], [ 50.4874218, 54.2797379 ] ] ] } },
{ "type": "Feature", "properties": { "id": "9e1f235e-f908-4b14-9b53-0f996511a689", "source_type": "ml", "subtype": null, "class": null }, "geometry": { "type": "Polygon", "coordinates": [ [ [ 50.4870529, 54.2794418 ], [ 50.487202, 54.2794523 ], [ 50.4871943, 54.2794893 ], [ 50.4870452, 54.2794788 ], [ 50.4870529, 54.2794418 ] ] ] } },
{ "type": "Feature", "properties": { "id": "6f4405ba-d0fb-496c-ab62-24a2062027a1", "source_type": "ml", "subtype": null, "class": null }, "geometry": { "type": "Polygon", "coordinates": [ [ [ 50.4876395, 54.2795932 ], [ 50.4875281, 54.279595 ], [ 50.4875256, 54.279545 ], [ 50.4876371, 54.2795431 ], [ 50.4876395, 54.2795932 ] ] ] } },
{ "type": "Feature", "properties": { "id": "6db796e4-7712-4045-b50c-3e1ace91a9d8", "source_type": "ml", "subtype": null, "class": null }, "geometry": { "type": "Polygon", "coordinates": [ [ [ 50.4854486, 54.2800496 ], [ 50.4854556, 54.279989 ], [ 50.485638, 54.2799961 ], [ 50.485631, 54.2800567 ], [ 50.4854486, 54.2800496 ] ] ] } },
{ "type": "Feature", "properties": { "id": "de736da6-683f-41d4-983d-17f025afcad3", "source_type": "ml", "subtype": null, "class": null }, "geometry": { "type": "Polygon", "coordinates": [ [ [ 50.4858266, 54.2816581 ], [ 50.485874, 54.2813895 ], [ 50.4859702, 54.2813952 ], [ 50.4859229, 54.2816639 ], [ 50.4858266, 54.2816581 ] ] ] } },
{ "type": "Feature", "properties": { "id": "198f390a-c2e9-49ee-8b27-6eaea2544bad", "source_type": "ml", "subtype": null, "class": null }, "geometry": { "type": "Polygon", "coordinates": [ [ [ 50.4858363, 54.2821172 ], [ 50.4857325, 54.2821101 ], [ 50.4857911, 54.2818207 ], [ 50.485895, 54.2818279 ], [ 50.4858363, 54.2821172 ] ] ] } },
{ "type": "Feature", "properties": { "id": "ea17119d-65bd-4cfe-9371-6949206101d8", "source_type": "ml", "subtype": null, "class": null }, "geometry": { "type": "Polygon", "coordinates": [ [ [ 50.487399, 54.282594 ], [ 50.4872103, 54.28257 ], [ 50.4872396, 54.2824917 ], [ 50.4874282, 54.2825157 ], [ 50.487399, 54.282594 ] ] ] } },
{ "type": "Feature", "properties": { "id": "b1375395-f94d-471d-b812-fb06a8f2e36d", "source_type": "ml", "subtype": null, "class": null }, "geometry": { "type": "Polygon", "coordinates": [ [ [ 50.4871579, 54.2829108 ], [ 50.487292, 54.2829153 ], [ 50.4872863, 54.2829726 ], [ 50.4871522, 54.2829681 ], [ 50.4871579, 54.2829108 ] ] ] } },
{ "type": "Feature", "properties": { "id": "e7f32a71-1ad7-45eb-8bf3-f0cf6bd9c331", "source_type": "ml", "subtype": null, "class": null }, "geometry": { "type": "Polygon", "coordinates": [ [ [ 50.4868754, 54.2834958 ], [ 50.4868844, 54.2834455 ], [ 50.4869852, 54.2834516 ], [ 50.4869763, 54.283502 ], [ 50.4868754, 54.2834958 ] ] ] } },
{ "type": "Feature", "properties": { "id": "c5094443-c825-477e-93d2-a24192b69325", "source_type": "ml", "subtype": null, "class": null }, "geometry": { "type": "Polygon", "coordinates": [ [ [ 50.4867493, 54.2838961 ], [ 50.4867857, 54.2837966 ], [ 50.4869642, 54.2838189 ], [ 50.4869278, 54.2839184 ], [ 50.4867493, 54.2838961 ] ] ] } },
{ "type": "Feature", "properties": { "id": "7947977a-e817-4e8d-be45-678cacb619c4", "source_type": "ml", "subtype": null, "class": null }, "geometry": { "type": "Polygon", "coordinates": [ [ [ 50.4872864, 54.2836782 ], [ 50.4871684, 54.2836787 ], [ 50.4871675, 54.2836051 ], [ 50.4872855, 54.2836046 ], [ 50.4872864, 54.2836782 ] ] ] } },
{ "type": "Feature", "properties": { "id": "ca8f2c8d-cf27-4382-b777-77466cd3fa91", "source_type": "ml", "subtype": null, "class": null }, "geometry": { "type": "Polygon", "coordinates": [ [ [ 50.4876481, 54.2827748 ], [ 50.4877017, 54.2826621 ], [ 50.4878588, 54.2826876 ], [ 50.4878052, 54.2828002 ], [ 50.4876481, 54.2827748 ] ] ] } },
{ "type": "Feature", "properties": { "id": "218930fe-cd72-4f55-9936-0b73e552194f", "source_type": "ml", "subtype": null, "class": null }, "geometry": { "type": "Polygon", "coordinates": [ [ [ 50.4874727, 54.2817086 ], [ 50.4874907, 54.2816552 ], [ 50.4876884, 54.2816779 ], [ 50.4876704, 54.2817313 ], [ 50.4874727, 54.2817086 ] ] ] } },
{ "type": "Feature", "properties": { "id": "0cd118b4-7c4c-4968-9c9a-ecade4f82730", "source_type": "ml", "subtype": null, "class": null }, "geometry": { "type": "Polygon", "coordinates": [ [ [ 50.4873623, 54.2821589 ], [ 50.4873811, 54.2821053 ], [ 50.4875739, 54.2821285 ], [ 50.487555, 54.282182 ], [ 50.4873623, 54.2821589 ] ] ] } },
{ "type": "Feature", "properties": { "id": "990466ac-c9b0-4aca-bdcf-17c084f20b7b", "source_type": "ml", "subtype": null, "class": null }, "geometry": { "type": "Polygon", "coordinates": [ [ [ 50.4868353, 54.2817453 ], [ 50.4867086, 54.2817288 ], [ 50.4867509, 54.2816177 ], [ 50.4868776, 54.2816342 ], [ 50.4868353, 54.2817453 ] ] ] } },
{ "type": "Feature", "properties": { "id": "1cafa24f-c198-4aff-87ef-decb2a9a35f6", "source_type": "ml", "subtype": null, "class": null }, "geometry": { "type": "Polygon", "coordinates": [ [ [ 50.4877038, 54.2810836 ], [ 50.4877377, 54.2809937 ], [ 50.4879246, 54.2810177 ], [ 50.4878907, 54.2811076 ], [ 50.4877038, 54.2810836 ] ] ] } },
{ "type": "Feature", "properties": { "id": "eb4c121c-9bc4-426d-8cfa-5a22cfd11db4", "source_type": "ml", "subtype": null, "class": null }, "geometry": { "type": "Polygon", "coordinates": [ [ [ 50.4876231, 54.2814315 ], [ 50.48764, 54.2813709 ], [ 50.4877496, 54.2813813 ], [ 50.4877541, 54.2813651 ], [ 50.487832, 54.2813725 ], [ 50.4877992, 54.2814902 ], [ 50.4877277, 54.2814834 ], [ 50.4877391, 54.2814425 ], [ 50.4876231, 54.2814315 ] ] ] } },
{ "type": "Feature", "properties": { "id": "9b2ad7ff-ef95-4c95-be9d-ca74b8211aed", "source_type": "ml", "subtype": null, "class": null }, "geometry": { "type": "Polygon", "coordinates": [ [ [ 50.4876539, 54.2812706 ], [ 50.4877523, 54.2812792 ], [ 50.487743, 54.281316 ], [ 50.4876446, 54.2813074 ], [ 50.4876539, 54.2812706 ] ] ] } },
{ "type": "Feature", "properties": { "id": "83e7e5bc-aec7-4cce-bae6-193039e84d24", "source_type": "ml", "subtype": null, "class": null }, "geometry": { "type": "Polygon", "coordinates": [ [ [ 50.4879782, 54.2814271 ], [ 50.4879091, 54.2814202 ], [ 50.4879211, 54.2813791 ], [ 50.4879902, 54.281386 ], [ 50.4879782, 54.2814271 ] ] ] } },
{ "type": "Feature", "properties": { "id": "079a4546-a45a-44a1-8e05-a5176546e08d", "source_type": "ml", "subtype": null, "class": null }, "geometry": { "type": "Polygon", "coordinates": [ [ [ 50.4879485, 54.2814994 ], [ 50.4879556, 54.2814654 ], [ 50.4880204, 54.28147 ], [ 50.4880133, 54.281504 ], [ 50.4879485, 54.2814994 ] ] ] } },
{ "type": "Feature", "properties": { "id": "a293f3c6-6906-4d00-94b5-6559adf4feed", "source_type": "ml", "subtype": null, "class": null }, "geometry": { "type": "Polygon", "coordinates": [ [ [ 50.4880683, 54.2815472 ], [ 50.4881047, 54.2814726 ], [ 50.4881729, 54.2814839 ], [ 50.4881366, 54.2815585 ], [ 50.4880683, 54.2815472 ] ] ] } },
{ "type": "Feature", "properties": { "id": "79d4b7f9-3fda-4418-836e-368d0b2aa980", "source_type": "ml", "subtype": null, "class": null }, "geometry": { "type": "Polygon", "coordinates": [ [ [ 50.4879765, 54.2814639 ], [ 50.4879951, 54.2813863 ], [ 50.4880477, 54.2813906 ], [ 50.4880291, 54.2814682 ], [ 50.4879765, 54.2814639 ] ] ] } },
{ "type": "Feature", "properties": { "id": "9770db29-88ef-4f35-9f0d-5cd5b2a62aa4", "source_type": "ml", "subtype": null, "class": null }, "geometry": { "type": "Polygon", "coordinates": [ [ [ 50.4880726, 54.2813172 ], [ 50.4880742, 54.2813611 ], [ 50.4879682, 54.2813624 ], [ 50.4879667, 54.2813186 ], [ 50.4880726, 54.2813172 ] ] ] } },
{ "type": "Feature", "properties": { "id": "eaf34704-ae18-4fe4-935a-571835d32abf", "source_type": "ml", "subtype": null, "class": null }, "geometry": { "type": "Polygon", "coordinates": [ [ [ 50.4880506, 54.2811569 ], [ 50.48804, 54.2812118 ], [ 50.4878877, 54.2812018 ], [ 50.4878983, 54.2811469 ], [ 50.4880506, 54.2811569 ] ] ] } },
{ "type": "Feature", "properties": { "id": "76344ee2-d81f-4946-94fa-e1b833a77ded", "source_type": "ml", "subtype": null, "class": null }, "geometry": { "type": "Polygon", "coordinates": [ [ [ 50.4882561, 54.2810151 ], [ 50.4883244, 54.2810208 ], [ 50.4883184, 54.2810454 ], [ 50.48825, 54.2810396 ], [ 50.4882561, 54.2810151 ] ] ] } },
{ "type": "Feature", "properties": { "id": "cc039dc6-390c-483e-bd36-c658236b3e0a", "source_type": "ml", "subtype": null, "class": null }, "geometry": { "type": "Polygon", "coordinates": [ [ [ 50.4905882, 54.2802457 ], [ 50.4905437, 54.2802416 ], [ 50.4905533, 54.2802056 ], [ 50.4905978, 54.2802097 ], [ 50.4905882, 54.2802457 ] ] ] } },
{ "type": "Feature", "properties": { "id": "3b1d5fb2-1d7b-414c-aabe-65ed3689b65d", "source_type": "ml", "subtype": null, "class": null }, "geometry": { "type": "Polygon", "coordinates": [ [ [ 50.4883649, 54.2795102 ], [ 50.4882587, 54.2794996 ], [ 50.488284, 54.2794128 ], [ 50.4883902, 54.2794234 ], [ 50.4883649, 54.2795102 ] ] ] } },
{ "type": "Feature", "properties": { "id": "e291b4be-a825-452b-94d7-dcbc9941439e", "source_type": "ml", "subtype": null, "class": null }, "geometry": { "type": "Polygon", "coordinates": [ [ [ 50.4885717, 54.2793565 ], [ 50.4885522, 54.2793848 ], [ 50.4885084, 54.2793745 ], [ 50.4885279, 54.2793462 ], [ 50.4885717, 54.2793565 ] ] ] } },
{ "type": "Feature", "properties": { "id": "0b9d9295-57ef-44ef-a539-c68fd9d74b0c", "source_type": "ml", "subtype": null, "class": null }, "geometry": { "type": "Polygon", "coordinates": [ [ [ 50.4885248, 54.2795148 ], [ 50.4885616, 54.2794227 ], [ 50.4886786, 54.2794387 ], [ 50.4886418, 54.2795307 ], [ 50.4885248, 54.2795148 ] ] ] } },
{ "type": "Feature", "properties": { "id": "e67b9d03-d3b4-4989-aa47-2c4cdef3bc6f", "source_type": "ml", "subtype": null, "class": null }, "geometry": { "type": "Polygon", "coordinates": [ [ [ 50.4891723, 54.2787751 ], [ 50.4890789, 54.2787652 ], [ 50.4890857, 54.2787432 ], [ 50.4891298, 54.278748 ], [ 50.4891346, 54.2787328 ], [ 50.4891839, 54.2787381 ], [ 50.4891723, 54.2787751 ] ] ] } },
{ "type": "Feature", "properties": { "id": "49ac30c8-cac5-4f68-aa1b-aea1c1f14d3a", "source_type": "ml", "subtype": null, "class": null }, "geometry": { "type": "Polygon", "coordinates": [ [ [ 50.488615, 54.2786953 ], [ 50.4885236, 54.2786836 ], [ 50.4885644, 54.2785754 ], [ 50.4886558, 54.2785872 ], [ 50.488615, 54.2786953 ] ] ] } },
{ "type": "Feature", "properties": { "id": "005aebd5-1358-4b88-85cd-46934d66e173", "source_type": "ml", "subtype": null, "class": null }, "geometry": { "type": "Polygon", "coordinates": [ [ [ 50.4889927, 54.278469 ], [ 50.4886941, 54.2784597 ], [ 50.4886998, 54.2783973 ], [ 50.4888986, 54.2784035 ], [ 50.4888973, 54.2784176 ], [ 50.4889971, 54.2784207 ], [ 50.4889927, 54.278469 ] ] ] } },
{ "type": "Feature", "properties": { "id": "bf941d7d-53e5-4069-b1ca-aff6297694b8", "source_type": "ml", "subtype": null, "class": null }, "geometry": { "type": "Polygon", "coordinates": [ [ [ 50.4889143, 54.2781418 ], [ 50.4887393, 54.2781402 ], [ 50.4887433, 54.2779925 ], [ 50.4889183, 54.2779942 ], [ 50.4889143, 54.2781418 ] ] ] } },
{ "type": "Feature", "properties": { "id": "406a2e3f-ec97-41d1-8ce4-408f7b1fc769", "source_type": "ml", "subtype": null, "class": null }, "geometry": { "type": "Polygon", "coordinates": [ [ [ 50.4887519, 54.2778576 ], [ 50.4887333, 54.2778025 ], [ 50.4889703, 54.2777753 ], [ 50.4889889, 54.2778304 ], [ 50.4887519, 54.2778576 ] ] ] } },
{ "type": "Feature", "properties": { "id": "33c9844b-1139-452b-aa36-068b039d2cc9", "source_type": "ml", "subtype": null, "class": null }, "geometry": { "type": "Polygon", "coordinates": [ [ [ 50.4892481, 54.2780635 ], [ 50.489273, 54.278109 ], [ 50.4892015, 54.2781223 ], [ 50.4891766, 54.2780769 ], [ 50.4892481, 54.2780635 ] ] ] } },
{ "type": "Feature", "properties": { "id": "0ea3433b-b21f-4b7f-9fd6-b35ab6109f1a", "source_type": "ml", "subtype": null, "class": null }, "geometry": { "type": "Polygon", "coordinates": [ [ [ 50.4883751, 54.2773954 ], [ 50.488291, 54.2773005 ], [ 50.488447, 54.2772534 ], [ 50.488531, 54.2773483 ], [ 50.4883751, 54.2773954 ] ] ] } },
{ "type": "Feature", "properties": { "id": "ef305cb3-bfd0-4c7b-8fde-b2299ed7e8d3", "source_type": "ml", "subtype": null, "class": null }, "geometry": { "type": "Polygon", "coordinates": [ [ [ 50.4886923, 54.2770501 ], [ 50.488722, 54.277104 ], [ 50.4885869, 54.2771294 ], [ 50.4885571, 54.2770755 ], [ 50.4886923, 54.2770501 ] ] ] } },
{ "type": "Feature", "properties": { "id": "517e1036-3edb-4432-ba65-fcf76fc48879", "source_type": "ml", "subtype": null, "class": null }, "geometry": { "type": "Polygon", "coordinates": [ [ [ 50.4888052, 54.2772961 ], [ 50.4888713, 54.2772792 ], [ 50.4889438, 54.2773757 ], [ 50.4888237, 54.2774065 ], [ 50.4887645, 54.2773277 ], [ 50.4888185, 54.2773139 ], [ 50.4888052, 54.2772961 ] ] ] } },
{ "type": "Feature", "properties": { "id": "121e5e5e-8a55-4f64-8e2a-485450a41dba", "source_type": "ml", "subtype": null, "class": null }, "geometry": { "type": "Polygon", "coordinates": [ [ [ 50.488228, 54.2765447 ], [ 50.4882753, 54.2765318 ], [ 50.4883172, 54.2765847 ], [ 50.48827, 54.2765975 ], [ 50.488228, 54.2765447 ] ] ] } },
{ "type": "Feature", "properties": { "id": "7e09c8a7-454e-4a3e-81fa-bbe7b1ef4d92", "source_type": "ml", "subtype": null, "class": null }, "geometry": { "type": "Polygon", "coordinates": [ [ [ 50.486222, 54.275388 ], [ 50.4861556, 54.2753202 ], [ 50.4864091, 54.2752354 ], [ 50.4864756, 54.2753032 ], [ 50.486222, 54.275388 ] ] ] } },
{ "type": "Feature", "properties": { "id": "fcd17d24-917c-422b-98f2-6024215955fd", "source_type": "ml", "subtype": null, "class": null }, "geometry": { "type": "Polygon", "coordinates": [ [ [ 50.485836, 54.2750029 ], [ 50.4857737, 54.2749275 ], [ 50.4860898, 54.2748385 ], [ 50.4861423, 54.274902 ], [ 50.4861002, 54.2749138 ], [ 50.48611, 54.2749257 ], [ 50.485836, 54.2750029 ] ] ] } },
{ "type": "Feature", "properties": { "id": "3e4b7063-2b11-496a-9019-471fc2ef2a82", "source_type": "ml", "subtype": null, "class": null }, "geometry": { "type": "Polygon", "coordinates": [ [ [ 50.4874998, 54.276546 ], [ 50.4874564, 54.2764902 ], [ 50.4877017, 54.2764252 ], [ 50.487745, 54.276481 ], [ 50.4874998, 54.276546 ] ] ] } },
{ "type": "Feature", "properties": { "id": "1db52c0b-fa23-4419-b412-0f1eee493fc7", "source_type": "ml", "subtype": null, "class": null }, "geometry": { "type": "Polygon", "coordinates": [ [ [ 50.487994, 54.2764865 ], [ 50.4879802, 54.2764609 ], [ 50.4880509, 54.2764478 ], [ 50.4880648, 54.2764735 ], [ 50.487994, 54.2764865 ] ] ] } },
{ "type": "Feature", "properties": { "id": "cec0824b-d04f-4216-a132-95ed78d5ec5b", "source_type": "ml", "subtype": null, "class": null }, "geometry": { "type": "Polygon", "coordinates": [ [ [ 50.4880265, 54.2764197 ], [ 50.4880439, 54.2764435 ], [ 50.4879623, 54.2764639 ], [ 50.4879448, 54.27644 ], [ 50.4880265, 54.2764197 ] ] ] } },
{ "type": "Feature", "properties": { "id": "00e425c2-7289-41a5-b05c-52860d235bbf", "source_type": "ml", "subtype": null, "class": null }, "geometry": { "type": "Polygon", "coordinates": [ [ [ 50.488006, 54.2769907 ], [ 50.487961, 54.2769466 ], [ 50.4882799, 54.276836 ], [ 50.4883536, 54.2769084 ], [ 50.4881519, 54.2769784 ], [ 50.4881231, 54.2769501 ], [ 50.488006, 54.2769907 ] ] ] } },
{ "type": "Feature", "properties": { "id": "f6a87283-1c4d-4d68-b973-0e9088be5a9f", "source_type": "ml", "subtype": null, "class": null }, "geometry": { "type": "Polygon", "coordinates": [ [ [ 50.4876928, 54.2767259 ], [ 50.4876259, 54.276661 ], [ 50.4879153, 54.2765592 ], [ 50.4879822, 54.276624 ], [ 50.4876928, 54.2767259 ] ] ] } },
{ "type": "Feature", "properties": { "id": "5c5da20d-d79a-41bb-b976-20063ddb4066", "source_type": "ml", "subtype": null, "class": null }, "geometry": { "type": "Polygon", "coordinates": [ [ [ 50.485069, 54.2730329 ], [ 50.4850693, 54.2729756 ], [ 50.485217, 54.2729759 ], [ 50.4852167, 54.2730332 ], [ 50.485069, 54.2730329 ] ] ] } },
{ "type": "Feature", "properties": { "id": "bc7e08a6-ed88-4f6d-a5e9-84c924d25531", "source_type": "ml", "subtype": null, "class": null }, "geometry": { "type": "Polygon", "coordinates": [ [ [ 50.4775836, 54.2885345 ], [ 50.4776496, 54.2885635 ], [ 50.477609, 54.2885951 ], [ 50.477543, 54.2885661 ], [ 50.4775836, 54.2885345 ] ] ] } },
{ "type": "Feature", "properties": { "id": "7c4cf3a5-6aca-41bf-b789-0ac7d31e0250", "source_type": "ml", "subtype": null, "class": null }, "geometry": { "type": "Polygon", "coordinates": [ [ [ 50.4790126, 54.2876449 ], [ 50.478989, 54.2876006 ], [ 50.4790403, 54.2875913 ], [ 50.4790639, 54.2876355 ], [ 50.4790126, 54.2876449 ] ] ] } },
{ "type": "Feature", "properties": { "id": "b2d4b1c6-0848-480c-802a-3ad930f6f59e", "source_type": "ml", "subtype": null, "class": null }, "geometry": { "type": "Polygon", "coordinates": [ [ [ 50.4788583, 54.2878159 ], [ 50.4786894, 54.2876744 ], [ 50.478792, 54.2876327 ], [ 50.4789608, 54.2877742 ], [ 50.4788583, 54.2878159 ] ] ] } },
{ "type": "Feature", "properties": { "id": "c277691c-0392-40cb-ae30-77fca1820400", "source_type": "ml", "subtype": null, "class": null }, "geometry": { "type": "Polygon", "coordinates": [ [ [ 50.4775473, 54.2884989 ], [ 50.4775014, 54.2884727 ], [ 50.4776547, 54.2883814 ], [ 50.4778087, 54.2884695 ], [ 50.4776716, 54.2885511 ], [ 50.4775635, 54.2884893 ], [ 50.4775473, 54.2884989 ] ] ] } },
{ "type": "Feature", "properties": { "id": "451fd6c4-558e-4dbb-85cb-573707274174", "source_type": "ml", "subtype": null, "class": null }, "geometry": { "type": "Polygon", "coordinates": [ [ [ 50.4769443, 54.288767 ], [ 50.4768935, 54.2887357 ], [ 50.4769358, 54.2887124 ], [ 50.4769787, 54.2887388 ], [ 50.477008, 54.2887225 ], [ 50.4771719, 54.2888235 ], [ 50.4770719, 54.2888788 ], [ 50.4769158, 54.2887827 ], [ 50.4769443, 54.288767 ] ] ] } },
{ "type": "Feature", "properties": { "id": "a85ef6ea-4aa1-41ca-bf45-573a7a3ff4d8", "source_type": "ml", "subtype": null, "class": null }, "geometry": { "type": "Polygon", "coordinates": [ [ [ 50.4764961, 54.2891762 ], [ 50.4763885, 54.2891068 ], [ 50.4765231, 54.2890357 ], [ 50.4766306, 54.2891051 ], [ 50.4764961, 54.2891762 ] ] ] } },
{ "type": "Feature", "properties": { "id": "244853fb-66fc-4ba4-80e7-e1ad019f331e", "source_type": "ml", "subtype": null, "class": null }, "geometry": { "type": "Polygon", "coordinates": [ [ [ 50.4764945, 54.288814 ], [ 50.4765388, 54.2888446 ], [ 50.4765215, 54.2888531 ], [ 50.4766517, 54.2889432 ], [ 50.4766094, 54.288964 ], [ 50.4765063, 54.2888927 ], [ 50.4764757, 54.2889078 ], [ 50.4764043, 54.2888584 ], [ 50.4764945, 54.288814 ] ] ] } },
{ "type": "Feature", "properties": { "id": "84d55d8d-64e6-470f-9a8c-ca5e58da5d7f", "source_type": "ml", "subtype": null, "class": null }, "geometry": { "type": "Polygon", "coordinates": [ [ [ 50.4763337, 54.288891 ], [ 50.4762946, 54.2888765 ], [ 50.476325, 54.2888486 ], [ 50.4763641, 54.2888631 ], [ 50.4763337, 54.288891 ] ] ] } },
{ "type": "Feature", "properties": { "id": "16a98f6e-8e1e-40e2-b835-a682c363fbb4", "source_type": "ml", "subtype": null, "class": null }, "geometry": { "type": "Polygon", "coordinates": [ [ [ 50.476312, 54.2889005 ], [ 50.4764126, 54.2889556 ], [ 50.4763296, 54.2890072 ], [ 50.476229, 54.2889521 ], [ 50.476312, 54.2889005 ] ] ] } },
{ "type": "Feature", "properties": { "id": "e4a3f625-9e84-4391-a6cf-725f3694d9fc", "source_type": "ml", "subtype": null, "class": null }, "geometry": { "type": "Polygon", "coordinates": [ [ [ 50.4762112, 54.2889647 ], [ 50.4762711, 54.2889979 ], [ 50.4762343, 54.2890205 ], [ 50.4761744, 54.2889873 ], [ 50.4762112, 54.2889647 ] ] ] } },
{ "type": "Feature", "properties": { "id": "09c6669d-26b7-4630-9711-006efb586146", "source_type": "ml", "subtype": null, "class": null }, "geometry": { "type": "Polygon", "coordinates": [ [ [ 50.4758187, 54.2895363 ], [ 50.4759011, 54.2895866 ], [ 50.4758092, 54.2896379 ], [ 50.4757268, 54.2895876 ], [ 50.4758187, 54.2895363 ] ] ] } },
{ "type": "Feature", "properties": { "id": "60c2c926-d08a-4b6a-b2b4-7fe053bb8b79", "source_type": "ml", "subtype": null, "class": null }, "geometry": { "type": "Polygon", "coordinates": [ [ [ 50.4753634, 54.2894539 ], [ 50.4753351, 54.2894383 ], [ 50.4753954, 54.2894012 ], [ 50.4754236, 54.2894169 ], [ 50.4753634, 54.2894539 ] ] ] } },
{ "type": "Feature", "properties": { "id": "b3bb475a-2e1b-4b9c-9f5b-d2c7070940ec", "source_type": "ml", "subtype": null, "class": null }, "geometry": { "type": "Polygon", "coordinates": [ [ [ 50.4751099, 54.2895115 ], [ 50.4751391, 54.2895875 ], [ 50.4750651, 54.2895972 ], [ 50.4750358, 54.2895212 ], [ 50.4751099, 54.2895115 ] ] ] } },
{ "type": "Feature", "properties": { "id": "3749b487-7341-45b3-ac5d-6c827175c57d", "source_type": "ml", "subtype": null, "class": null }, "geometry": { "type": "Polygon", "coordinates": [ [ [ 50.47512, 54.2895977 ], [ 50.4751691, 54.2896215 ], [ 50.4751314, 54.2896479 ], [ 50.4750823, 54.289624 ], [ 50.47512, 54.2895977 ] ] ] } },
{ "type": "Feature", "properties": { "id": "d52ff4b1-beb4-4c43-833c-d317f21867ed", "source_type": "ml", "subtype": null, "class": null }, "geometry": { "type": "Polygon", "coordinates": [ [ [ 50.4753701, 54.289749 ], [ 50.4751802, 54.2896016 ], [ 50.4752754, 54.2895598 ], [ 50.4753394, 54.2896095 ], [ 50.4753671, 54.2895974 ], [ 50.4754331, 54.2896487 ], [ 50.4754045, 54.2896612 ], [ 50.4754643, 54.2897077 ], [ 50.4753701, 54.289749 ] ] ] } },
{ "type": "Feature", "properties": { "id": "ff87b9a3-0e9d-401f-8fe3-cfb76cc39bdc", "source_type": "ml", "subtype": null, "class": null }, "geometry": { "type": "Polygon", "coordinates": [ [ [ 50.4753142, 54.2894262 ], [ 50.475356, 54.289457 ], [ 50.4753148, 54.2894761 ], [ 50.475273, 54.2894453 ], [ 50.4753142, 54.2894262 ] ] ] } },
{ "type": "Feature", "properties": { "id": "f6b93da2-fb7d-4890-ae2a-a500abf2466d", "source_type": "ml", "subtype": null, "class": null }, "geometry": { "type": "Polygon", "coordinates": [ [ [ 50.4747491, 54.2893556 ], [ 50.4748222, 54.2894002 ], [ 50.474783, 54.2894221 ], [ 50.4747099, 54.2893775 ], [ 50.4747491, 54.2893556 ] ] ] } },
{ "type": "Feature", "properties": { "id": "f99637a8-a8e8-41e5-ac88-bbda58033186", "source_type": "ml", "subtype": null, "class": null }, "geometry": { "type": "Polygon", "coordinates": [ [ [ 50.4758278, 54.2893383 ], [ 50.4758427, 54.2893187 ], [ 50.4759302, 54.2893413 ], [ 50.4759153, 54.2893609 ], [ 50.4758278, 54.2893383 ] ] ] } },
{ "type": "Feature", "properties": { "id": "49e3d018-dd0f-4307-9e45-126a67acb576", "source_type": "ml", "subtype": null, "class": null }, "geometry": { "type": "Polygon", "coordinates": [ [ [ 50.4743219, 54.2900792 ], [ 50.474368, 54.2900579 ], [ 50.4744555, 54.2901224 ], [ 50.4744093, 54.2901437 ], [ 50.4743219, 54.2900792 ] ] ] } },
{ "type": "Feature", "properties": { "id": "26fc7082-c559-47f3-ad42-348d8a01d66a", "source_type": "ml", "subtype": null, "class": null }, "geometry": { "type": "Polygon", "coordinates": [ [ [ 50.4658295, 54.3013989 ], [ 50.4657375, 54.3013882 ], [ 50.4657832, 54.3012545 ], [ 50.4658752, 54.3012652 ], [ 50.4658295, 54.3013989 ] ] ] } },
{ "type": "Feature", "properties": { "id": "05a2e594-2da0-40a1-8185-b3586c294f28", "source_type": "ml", "subtype": null, "class": null }, "geometry": { "type": "Polygon", "coordinates": [ [ [ 50.4670069, 54.3015384 ], [ 50.4669533, 54.3015332 ], [ 50.4669716, 54.3014699 ], [ 50.4670251, 54.3014752 ], [ 50.4670069, 54.3015384 ] ] ] } },
{ "type": "Feature", "properties": { "id": "18cbfec1-cec2-4690-bb08-38ec99be37f0", "source_type": "ml", "subtype": null, "class": null }, "geometry": { "type": "Polygon", "coordinates": [ [ [ 50.4669507, 54.3016237 ], [ 50.466899, 54.3016177 ], [ 50.4669046, 54.3016012 ], [ 50.4669098, 54.3016017 ], [ 50.4669312, 54.3015385 ], [ 50.4669776, 54.3015438 ], [ 50.4669507, 54.3016237 ] ] ] } },
{ "type": "Feature", "properties": { "id": "5c2d947a-aaa2-4849-9ceb-aab9638cfa9b", "source_type": "ml", "subtype": null, "class": null }, "geometry": { "type": "Polygon", "coordinates": [ [ [ 50.4668347, 54.3015657 ], [ 50.4666945, 54.301556 ], [ 50.4667049, 54.3015046 ], [ 50.4668451, 54.3015143 ], [ 50.4668347, 54.3015657 ] ] ] } },
{ "type": "Feature", "properties": { "id": "25b6decc-6a2c-419b-9ad4-a24fb258630e", "source_type": "ml", "subtype": null, "class": null }, "geometry": { "type": "Polygon", "coordinates": [ [ [ 50.4663628, 54.3016134 ], [ 50.4663072, 54.3016097 ], [ 50.4663124, 54.3015826 ], [ 50.4663681, 54.3015863 ], [ 50.4663628, 54.3016134 ] ] ] } },
{ "type": "Feature", "properties": { "id": "d66d50bb-5677-449f-a4e0-2efae871b2c9", "source_type": "ml", "subtype": null, "class": null }, "geometry": { "type": "Polygon", "coordinates": [ [ [ 50.4665394, 54.2942287 ], [ 50.4663933, 54.2941371 ], [ 50.4664697, 54.2940956 ], [ 50.4666158, 54.2941872 ], [ 50.4665394, 54.2942287 ] ] ] } },
{ "type": "Feature", "properties": { "id": "562553a8-84f7-4fc6-99b1-42a844394068", "source_type": "ml", "subtype": null, "class": null }, "geometry": { "type": "Polygon", "coordinates": [ [ [ 50.4667178, 54.2941497 ], [ 50.4666626, 54.29411 ], [ 50.4667322, 54.2940771 ], [ 50.4667873, 54.2941167 ], [ 50.4667178, 54.2941497 ] ] ] } },
{ "type": "Feature", "properties": { "id": "ca9d2343-0ac2-4e4c-b237-d11edb81d2b1", "source_type": "ml", "subtype": null, "class": null }, "geometry": { "type": "Polygon", "coordinates": [ [ [ 50.4668412, 54.2938812 ], [ 50.4669135, 54.2938417 ], [ 50.4670535, 54.2939288 ], [ 50.4669811, 54.2939684 ], [ 50.4668412, 54.2938812 ] ] ] } },
{ "type": "Feature", "properties": { "id": "189d08eb-e679-4d7b-b54c-612819b8f1ea", "source_type": "ml", "subtype": null, "class": null }, "geometry": { "type": "Polygon", "coordinates": [ [ [ 50.4669489, 54.2937821 ], [ 50.466885, 54.2938132 ], [ 50.4667979, 54.2937524 ], [ 50.4668618, 54.2937212 ], [ 50.4669489, 54.2937821 ] ] ] } },
{ "type": "Feature", "properties": { "id": "01e58b01-957c-45f1-a868-2ab736cfd0c3", "source_type": "ml", "subtype": null, "class": null }, "geometry": { "type": "Polygon", "coordinates": [ [ [ 50.4653402, 54.2946493 ], [ 50.465295, 54.2946156 ], [ 50.465412, 54.2945621 ], [ 50.4655758, 54.2946843 ], [ 50.4654869, 54.2947249 ], [ 50.4653683, 54.2946365 ], [ 50.4653402, 54.2946493 ] ] ] } },
{ "type": "Feature", "properties": { "id": "35571188-82e9-418a-92bd-5e23f552b08d", "source_type": "ml", "subtype": null, "class": null }, "geometry": { "type": "Polygon", "coordinates": [ [ [ 50.4652861, 54.2945115 ], [ 50.4653556, 54.2944749 ], [ 50.465397, 54.2945016 ], [ 50.4653275, 54.2945382 ], [ 50.4652861, 54.2945115 ] ] ] } },
{ "type": "Feature", "properties": { "id": "562d8061-7839-48e1-8112-2a3b1c659df2", "source_type": "ml", "subtype": null, "class": null }, "geometry": { "type": "Polygon", "coordinates": [ [ [ 50.4646981, 54.2947386 ], [ 50.4645211, 54.2946458 ], [ 50.4645998, 54.2945947 ], [ 50.4646816, 54.2946376 ], [ 50.4648079, 54.2945555 ], [ 50.4648791, 54.2945928 ], [ 50.4647748, 54.2946606 ], [ 50.4647988, 54.2946732 ], [ 50.4646981, 54.2947386 ] ] ] } },
{ "type": "Feature", "properties": { "id": "9e165543-02a0-4368-a8ed-66a46b16e771", "source_type": "ml", "subtype": null, "class": null }, "geometry": { "type": "Polygon", "coordinates": [ [ [ 50.464322, 54.2951411 ], [ 50.4642051, 54.295075 ], [ 50.464301, 54.2950172 ], [ 50.4644179, 54.2950832 ], [ 50.464322, 54.2951411 ] ] ] } },
{ "type": "Feature", "properties": { "id": "88cbffec-a1e5-4fa7-a42c-9bcf793011f0", "source_type": "ml", "subtype": null, "class": null }, "geometry": { "type": "Polygon", "coordinates": [ [ [ 50.4644114, 54.2961003 ], [ 50.4643294, 54.2960323 ], [ 50.4645482, 54.2959424 ], [ 50.464606, 54.2959903 ], [ 50.4645003, 54.2960337 ], [ 50.4645245, 54.2960539 ], [ 50.4644114, 54.2961003 ] ] ] } },
{ "type": "Feature", "properties": { "id": "1b7a2c68-decf-447c-a00d-3235a6ac0905", "source_type": "ml", "subtype": null, "class": null }, "geometry": { "type": "Polygon", "coordinates": [ [ [ 50.4672543, 54.2939091 ], [ 50.4671668, 54.2938511 ], [ 50.4672449, 54.2938109 ], [ 50.4673324, 54.2938689 ], [ 50.4672543, 54.2939091 ] ] ] } },
{ "type": "Feature", "properties": { "id": "5fbd4532-d77c-484f-afd2-b3f5140eb40f", "source_type": "ml", "subtype": null, "class": null }, "geometry": { "type": "Polygon", "coordinates": [ [ [ 50.4673852, 54.2937877 ], [ 50.4672365, 54.2936919 ], [ 50.4673432, 54.2936355 ], [ 50.4674918, 54.2937314 ], [ 50.4673852, 54.2937877 ] ] ] } },
{ "type": "Feature", "properties": { "id": "3419159b-8a37-42d8-93bd-80952711d96b", "source_type": "ml", "subtype": null, "class": null }, "geometry": { "type": "Polygon", "coordinates": [ [ [ 50.4710358, 54.2918499 ], [ 50.470978, 54.2918125 ], [ 50.4710075, 54.291797 ], [ 50.4710654, 54.2918344 ], [ 50.4710358, 54.2918499 ] ] ] } },
{ "type": "Feature", "properties": { "id": "15cc2e81-8bfa-4aa2-9a42-1548eb6491c7", "source_type": "ml", "subtype": null, "class": null }, "geometry": { "type": "Polygon", "coordinates": [ [ [ 50.4712372, 54.291848 ], [ 50.4710563, 54.2917087 ], [ 50.4711729, 54.2916571 ], [ 50.4713539, 54.2917964 ], [ 50.4712372, 54.291848 ] ] ] } },
{ "type": "Feature", "properties": { "id": "9dae245c-f0a7-4771-b763-7aaa8b362221", "source_type": "ml", "subtype": null, "class": null }, "geometry": { "type": "Polygon", "coordinates": [ [ [ 50.4710927, 54.2918837 ], [ 50.4710404, 54.2918548 ], [ 50.4711145, 54.2918091 ], [ 50.4711669, 54.291838 ], [ 50.4710927, 54.2918837 ] ] ] } },
{ "type": "Feature", "properties": { "id": "866a993f-1992-4157-89c4-630ce9d3f839", "source_type": "ml", "subtype": null, "class": null }, "geometry": { "type": "Polygon", "coordinates": [ [ [ 50.4715344, 54.29154 ], [ 50.4715924, 54.2915266 ], [ 50.4716199, 54.2915672 ], [ 50.4715618, 54.2915806 ], [ 50.4715344, 54.29154 ] ] ] } },
{ "type": "Feature", "properties": { "id": "dda2beb2-8c0a-41c0-b4b1-8c7c3dbe65bc", "source_type": "ml", "subtype": null, "class": null }, "geometry": { "type": "Polygon", "coordinates": [ [ [ 50.4718249, 54.2911466 ], [ 50.4718717, 54.2911264 ], [ 50.4719204, 54.2911648 ], [ 50.4718736, 54.291185 ], [ 50.4718249, 54.2911466 ] ] ] } },
{ "type": "Feature", "properties": { "id": "c48e619c-2ff7-4586-9ec7-f50ce1600c2f", "source_type": "ml", "subtype": null, "class": null }, "geometry": { "type": "Polygon", "coordinates": [ [ [ 50.4717564, 54.2915829 ], [ 50.4716444, 54.2915087 ], [ 50.4717135, 54.2914732 ], [ 50.4717671, 54.2915087 ], [ 50.4718187, 54.2914822 ], [ 50.471877, 54.2915209 ], [ 50.4717564, 54.2915829 ] ] ] } },
{ "type": "Feature", "properties": { "id": "cc898d94-48bd-44a8-b551-c1f42a2f9271", "source_type": "ml", "subtype": null, "class": null }, "geometry": { "type": "Polygon", "coordinates": [ [ [ 50.4717074, 54.2915953 ], [ 50.471737, 54.2915826 ], [ 50.4717818, 54.2916181 ], [ 50.4717523, 54.2916308 ], [ 50.4717074, 54.2915953 ] ] ] } },
{ "type": "Feature", "properties": { "id": "e6d2ce69-42e5-4244-a4a4-333da2e4651e", "source_type": "ml", "subtype": null, "class": null }, "geometry": { "type": "Polygon", "coordinates": [ [ [ 50.4721341, 54.2913424 ], [ 50.4720737, 54.2913049 ], [ 50.4721478, 54.2912642 ], [ 50.4721224, 54.2912484 ], [ 50.4722122, 54.291199 ], [ 50.4723041, 54.291256 ], [ 50.4722104, 54.2913075 ], [ 50.4722949, 54.2913598 ], [ 50.4721851, 54.2914202 ], [ 50.4720946, 54.2913641 ], [ 50.4721341, 54.2913424 ] ] ] } },
{ "type": "Feature", "properties": { "id": "160a8990-4d00-4b76-b994-d6a638b0cf1c", "source_type": "ml", "subtype": null, "class": null }, "geometry": { "type": "Polygon", "coordinates": [ [ [ 50.4725209, 54.2911458 ], [ 50.4724216, 54.2910872 ], [ 50.4725584, 54.2910082 ], [ 50.4726577, 54.2910668 ], [ 50.4725209, 54.2911458 ] ] ] } },
{ "type": "Feature", "properties": { "id": "fa057872-e23b-4a76-bd0f-ca6cfaeb7746", "source_type": "ml", "subtype": null, "class": null }, "geometry": { "type": "Polygon", "coordinates": [ [ [ 50.4724454, 54.2912394 ], [ 50.4724738, 54.2912162 ], [ 50.4725247, 54.2912374 ], [ 50.4724963, 54.2912606 ], [ 50.4724454, 54.2912394 ] ] ] } },
{ "type": "Feature", "properties": { "id": "ea517a7a-6d0a-4508-b8cb-04f623404939", "source_type": "ml", "subtype": null, "class": null }, "geometry": { "type": "Polygon", "coordinates": [ [ [ 50.472955, 54.2910311 ], [ 50.472927, 54.2910085 ], [ 50.4730079, 54.2909743 ], [ 50.4730359, 54.2909969 ], [ 50.472955, 54.2910311 ] ] ] } },
{ "type": "Feature", "properties": { "id": "c5ed81e7-12fd-4057-9295-a6cc40095095", "source_type": "ml", "subtype": null, "class": null }, "geometry": { "type": "Polygon", "coordinates": [ [ [ 50.4729925, 54.2909166 ], [ 50.4728873, 54.290825 ], [ 50.4729663, 54.2907941 ], [ 50.4730715, 54.2908857 ], [ 50.4729925, 54.2909166 ] ] ] } },
{ "type": "Feature", "properties": { "id": "ec71d004-2612-45bf-afa7-b2669895952f", "source_type": "ml", "subtype": null, "class": null }, "geometry": { "type": "Polygon", "coordinates": [ [ [ 50.4727837, 54.2909361 ], [ 50.4728245, 54.290918 ], [ 50.4728543, 54.2909409 ], [ 50.4728134, 54.290959 ], [ 50.4727837, 54.2909361 ] ] ] } },
{ "type": "Feature", "properties": { "id": "c8e7a029-6ba0-4e6a-b44a-e0043ad68946", "source_type": "ml", "subtype": null, "class": null }, "geometry": { "type": "Polygon", "coordinates": [ [ [ 50.4724026, 54.2909114 ], [ 50.4724288, 54.2908946 ], [ 50.4724935, 54.2909292 ], [ 50.4723658, 54.2910107 ], [ 50.4722651, 54.2909569 ], [ 50.4723666, 54.2908921 ], [ 50.4724026, 54.2909114 ] ] ] } },
{ "type": "Feature", "properties": { "id": "34af999f-cb21-465b-8a10-12f213312ea2", "source_type": "ml", "subtype": null, "class": null }, "geometry": { "type": "Polygon", "coordinates": [ [ [ 50.4732907, 54.2907554 ], [ 50.4731097, 54.2906333 ], [ 50.4731995, 54.2905879 ], [ 50.4733084, 54.2906615 ], [ 50.4732838, 54.2906739 ], [ 50.4733559, 54.2907225 ], [ 50.4732907, 54.2907554 ] ] ] } },
{ "type": "Feature", "properties": { "id": "f8ed73b0-397c-4f28-be37-d1386d66930d", "source_type": "ml", "subtype": null, "class": null }, "geometry": { "type": "Polygon", "coordinates": [ [ [ 50.4732328, 54.2908515 ], [ 50.4731457, 54.290791 ], [ 50.4731991, 54.2907648 ], [ 50.4732863, 54.2908253 ], [ 50.4732328, 54.2908515 ] ] ] } },
{ "type": "Feature", "properties": { "id": "b647896e-7964-432f-bb69-05eeee07999b", "source_type": "ml", "subtype": null, "class": null }, "geometry": { "type": "Polygon", "coordinates": [ [ [ 50.4737785, 54.2905581 ], [ 50.4736798, 54.2904858 ], [ 50.4737543, 54.2904511 ], [ 50.4738531, 54.2905234 ], [ 50.4737785, 54.2905581 ] ] ] } },
{ "type": "Feature", "properties": { "id": "04f5574f-a7c6-4087-9652-d52cc2ff03a7", "source_type": "ml", "subtype": null, "class": null }, "geometry": { "type": "Polygon", "coordinates": [ [ [ 50.4742459, 54.2903323 ], [ 50.4741329, 54.2902557 ], [ 50.4742134, 54.2902152 ], [ 50.4743264, 54.2902918 ], [ 50.4742459, 54.2903323 ] ] ] } },
{ "type": "Feature", "properties": { "id": "771a7808-2a73-4e86-bdb3-49a53e91a668", "source_type": "ml", "subtype": null, "class": null }, "geometry": { "type": "Polygon", "coordinates": [ [ [ 50.4731832, 54.2932834 ], [ 50.473124, 54.2932655 ], [ 50.4731525, 54.2932335 ], [ 50.4732117, 54.2932514 ], [ 50.4731832, 54.2932834 ] ] ] } },
{ "type": "Feature", "properties": { "id": "cc27c702-e92e-4592-812b-3528407ba4b0", "source_type": "ml", "subtype": null, "class": null }, "geometry": { "type": "Polygon", "coordinates": [ [ [ 50.4744538, 54.292214 ], [ 50.4743408, 54.2921418 ], [ 50.474422, 54.2920985 ], [ 50.474535, 54.2921707 ], [ 50.4744538, 54.292214 ] ] ] } },
{ "type": "Feature", "properties": { "id": "7056dcd3-17d2-4875-a501-b9a371f075fd", "source_type": "ml", "subtype": null, "class": null }, "geometry": { "type": "Polygon", "coordinates": [ [ [ 50.475229, 54.2921163 ], [ 50.475202, 54.2920736 ], [ 50.4752483, 54.2920637 ], [ 50.4752753, 54.2921064 ], [ 50.475229, 54.2921163 ] ] ] } },
{ "type": "Feature", "properties": { "id": "099bc49b-b18b-4e17-bd11-173aae2fa118", "source_type": "ml", "subtype": null, "class": null }, "geometry": { "type": "Polygon", "coordinates": [ [ [ 50.4752401, 54.2919745 ], [ 50.4753021, 54.2920255 ], [ 50.4751899, 54.2920721 ], [ 50.4751278, 54.2920211 ], [ 50.4752401, 54.2919745 ] ] ] } },
{ "type": "Feature", "properties": { "id": "eb93d592-8fc3-49b6-b3aa-56a24eadad6e", "source_type": "ml", "subtype": null, "class": null }, "geometry": { "type": "Polygon", "coordinates": [ [ [ 50.4755442, 54.2920087 ], [ 50.4754518, 54.2919416 ], [ 50.4756075, 54.2918685 ], [ 50.4756999, 54.2919356 ], [ 50.4755442, 54.2920087 ] ] ] } },
{ "type": "Feature", "properties": { "id": "a730bc72-9f0a-4052-a181-e0bc3f5a47b2", "source_type": "ml", "subtype": null, "class": null }, "geometry": { "type": "Polygon", "coordinates": [ [ [ 50.4753702, 54.2920091 ], [ 50.4754457, 54.2919694 ], [ 50.4755705, 54.2920503 ], [ 50.4754949, 54.29209 ], [ 50.4753702, 54.2920091 ] ] ] } },
{ "type": "Feature", "properties": { "id": "e7ca9ebd-dad6-444f-8b93-ac928e727257", "source_type": "ml", "subtype": null, "class": null }, "geometry": { "type": "Polygon", "coordinates": [ [ [ 50.4759417, 54.2918254 ], [ 50.4761006, 54.291795 ], [ 50.4761284, 54.2918445 ], [ 50.4759695, 54.2918749 ], [ 50.4759417, 54.2918254 ] ] ] } },
{ "type": "Feature", "properties": { "id": "ffdeef2a-8698-438f-8e4c-cdb95294426d", "source_type": "ml", "subtype": null, "class": null }, "geometry": { "type": "Polygon", "coordinates": [ [ [ 50.4759437, 54.291821 ], [ 50.4758596, 54.2917657 ], [ 50.4760179, 54.2916837 ], [ 50.476102, 54.291739 ], [ 50.4759437, 54.291821 ] ] ] } },
{ "type": "Feature", "properties": { "id": "6f2c9fe6-b36c-4af9-a4a8-8c0cc87cb9b7", "source_type": "ml", "subtype": null, "class": null }, "geometry": { "type": "Polygon", "coordinates": [ [ [ 50.4757715, 54.2916469 ], [ 50.4758241, 54.2916189 ], [ 50.4758781, 54.2916534 ], [ 50.4758255, 54.2916814 ], [ 50.4757715, 54.2916469 ] ] ] } },
{ "type": "Feature", "properties": { "id": "93acc2d0-8fbf-4ee5-b269-a2ab63b7be06", "source_type": "ml", "subtype": null, "class": null }, "geometry": { "type": "Polygon", "coordinates": [ [ [ 50.4763864, 54.2917298 ], [ 50.4762712, 54.2916484 ], [ 50.4763759, 54.2915979 ], [ 50.4764911, 54.2916793 ], [ 50.4763864, 54.2917298 ] ] ] } },
{ "type": "Feature", "properties": { "id": "255218c3-fce6-45f9-bc46-9fe9bdc005ef", "source_type": "ml", "subtype": null, "class": null }, "geometry": { "type": "Polygon", "coordinates": [ [ [ 50.476482, 54.2915886 ], [ 50.4763511, 54.2914973 ], [ 50.4765672, 54.2913918 ], [ 50.4766774, 54.2914687 ], [ 50.4765001, 54.2915553 ], [ 50.4765208, 54.2915697 ], [ 50.476482, 54.2915886 ] ] ] } },
{ "type": "Feature", "properties": { "id": "0e8ad44c-1145-4c3a-8453-1e7edf7c112c", "source_type": "ml", "subtype": null, "class": null }, "geometry": { "type": "Polygon", "coordinates": [ [ [ 50.4769082, 54.2914573 ], [ 50.4768448, 54.2914163 ], [ 50.476892, 54.2913914 ], [ 50.4769554, 54.2914323 ], [ 50.4769082, 54.2914573 ] ] ] } },
{ "type": "Feature", "properties": { "id": "c8ccc496-048c-4321-aab2-923e68ad96f6", "source_type": "ml", "subtype": null, "class": null }, "geometry": { "type": "Polygon", "coordinates": [ [ [ 50.4786828, 54.2923846 ], [ 50.478784, 54.2924105 ], [ 50.4787386, 54.2924709 ], [ 50.4786374, 54.292445 ], [ 50.4786828, 54.2923846 ] ] ] } },
{ "type": "Feature", "properties": { "id": "6085941c-9c05-4fe3-866b-3220ff2d891e", "source_type": "ml", "subtype": null, "class": null }, "geometry": { "type": "Polygon", "coordinates": [ [ [ 50.4789505, 54.292631 ], [ 50.4790176, 54.2925605 ], [ 50.4791589, 54.2926063 ], [ 50.4790919, 54.2926768 ], [ 50.4789505, 54.292631 ] ] ] } },
{ "type": "Feature", "properties": { "id": "b24f1c84-3969-4716-9a43-9ed8b4adf8f1", "source_type": "ml", "subtype": null, "class": null }, "geometry": { "type": "Polygon", "coordinates": [ [ [ 50.4789697, 54.2929567 ], [ 50.4790072, 54.2929206 ], [ 50.4790924, 54.2929508 ], [ 50.4790549, 54.2929869 ], [ 50.4789697, 54.2929567 ] ] ] } },
{ "type": "Feature", "properties": { "id": "d65d78f1-cce9-4de9-84cd-f5ae759bbf66", "source_type": "ml", "subtype": null, "class": null }, "geometry": { "type": "Polygon", "coordinates": [ [ [ 50.479125, 54.2930556 ], [ 50.479136, 54.2930348 ], [ 50.4791482, 54.293037 ], [ 50.4791221, 54.2930864 ], [ 50.479034, 54.2930706 ], [ 50.4790551, 54.2930305 ], [ 50.4790809, 54.2930352 ], [ 50.4790749, 54.2930466 ], [ 50.479125, 54.2930556 ] ] ] } },
{ "type": "Feature", "properties": { "id": "043d992d-7f10-4e0a-bee2-659565dab1da", "source_type": "ml", "subtype": null, "class": null }, "geometry": { "type": "Polygon", "coordinates": [ [ [ 50.4787292, 54.29317 ], [ 50.4787869, 54.2931788 ], [ 50.478762, 54.2932345 ], [ 50.4787042, 54.2932257 ], [ 50.4787292, 54.29317 ] ] ] } },
{ "type": "Feature", "properties": { "id": "fa495306-6ad6-46d3-8c05-d4a07ed139e1", "source_type": "ml", "subtype": null, "class": null }, "geometry": { "type": "Polygon", "coordinates": [ [ [ 50.4761736, 54.2918053 ], [ 50.4761354, 54.2917761 ], [ 50.4761768, 54.2917577 ], [ 50.4762149, 54.2917869 ], [ 50.4761736, 54.2918053 ] ] ] } },
{ "type": "Feature", "properties": { "id": "ad45db0b-29ac-41f3-aadc-c6f4e906c749", "source_type": "ml", "subtype": null, "class": null }, "geometry": { "type": "Polygon", "coordinates": [ [ [ 50.4762451, 54.2921041 ], [ 50.4762228, 54.2920727 ], [ 50.4763007, 54.2920539 ], [ 50.476323, 54.2920853 ], [ 50.4762451, 54.2921041 ] ] ] } },
{ "type": "Feature", "properties": { "id": "bbad6c98-2954-4675-8faa-5dea2a348203", "source_type": "ml", "subtype": null, "class": null }, "geometry": { "type": "Polygon", "coordinates": [ [ [ 50.4764851, 54.2947944 ], [ 50.4757772, 54.2945392 ], [ 50.4758787, 54.2944433 ], [ 50.4761538, 54.2945425 ], [ 50.4761779, 54.2945197 ], [ 50.476273, 54.2945539 ], [ 50.4762476, 54.2945779 ], [ 50.4765854, 54.2946997 ], [ 50.4764851, 54.2947944 ] ] ] } },
{ "type": "Feature", "properties": { "id": "07b495e0-3d9a-41df-8522-9d6e60c659b1", "source_type": "ml", "subtype": null, "class": null }, "geometry": { "type": "Polygon", "coordinates": [ [ [ 50.4767232, 54.294428 ], [ 50.4766739, 54.2944172 ], [ 50.4766963, 54.2943822 ], [ 50.4767457, 54.2943931 ], [ 50.4767232, 54.294428 ] ] ] } },
{ "type": "Feature", "properties": { "id": "3c4ccbb2-875f-4f0f-8340-3494799270d3", "source_type": "ml", "subtype": null, "class": null }, "geometry": { "type": "Polygon", "coordinates": [ [ [ 50.4775259, 54.294291 ], [ 50.4775901, 54.2942374 ], [ 50.4776721, 54.2942709 ], [ 50.4776079, 54.2943245 ], [ 50.4775259, 54.294291 ] ] ] } },
{ "type": "Feature", "properties": { "id": "1a7618b3-d4bb-43bc-9b30-2e8fa34a2e6b", "source_type": "ml", "subtype": null, "class": null }, "geometry": { "type": "Polygon", "coordinates": [ [ [ 50.4779861, 54.2935028 ], [ 50.4780491, 54.2935236 ], [ 50.4780135, 54.2935604 ], [ 50.4779505, 54.2935396 ], [ 50.4779861, 54.2935028 ] ] ] } },
{ "type": "Feature", "properties": { "id": "f524a787-7bed-4043-b936-609a69d5675d", "source_type": "ml", "subtype": null, "class": null }, "geometry": { "type": "Polygon", "coordinates": [ [ [ 50.4781457, 54.2937501 ], [ 50.4782614, 54.2936416 ], [ 50.4784222, 54.2937 ], [ 50.4783066, 54.2938085 ], [ 50.4781457, 54.2937501 ] ] ] } },
{ "type": "Feature", "properties": { "id": "38072801-e245-4b7e-a3e4-663a79d209b7", "source_type": "ml", "subtype": null, "class": null }, "geometry": { "type": "Polygon", "coordinates": [ [ [ 50.4783241, 54.2935904 ], [ 50.4783581, 54.2935385 ], [ 50.4784166, 54.2935516 ], [ 50.4783826, 54.2936035 ], [ 50.4783241, 54.2935904 ] ] ] } },
{ "type": "Feature", "properties": { "id": "0e4bab11-4c61-4720-b0df-37b5a7b37adb", "source_type": "ml", "subtype": null, "class": null }, "geometry": { "type": "Polygon", "coordinates": [ [ [ 50.4782427, 54.2935058 ], [ 50.4780383, 54.2934218 ], [ 50.4780939, 54.2933757 ], [ 50.4780509, 54.293358 ], [ 50.478239, 54.2932022 ], [ 50.4783376, 54.2932427 ], [ 50.4782858, 54.2932856 ], [ 50.4785314, 54.2933866 ], [ 50.478407, 54.2934897 ], [ 50.4783102, 54.2934498 ], [ 50.4782427, 54.2935058 ] ] ] } },
{ "type": "Feature", "properties": { "id": "df8e0abb-5480-4f70-80c8-27d2eb6f8bbb", "source_type": "ml", "subtype": null, "class": null }, "geometry": { "type": "Polygon", "coordinates": [ [ [ 50.4784559, 54.2935482 ], [ 50.4784639, 54.2935208 ], [ 50.4785447, 54.2935288 ], [ 50.4785367, 54.2935562 ], [ 50.4784559, 54.2935482 ] ] ] } },
{ "type": "Feature", "properties": { "id": "6a6f05dc-e344-4c7e-9bf2-95165083b738", "source_type": "ml", "subtype": null, "class": null }, "geometry": { "type": "Polygon", "coordinates": [ [ [ 50.4786518, 54.2933349 ], [ 50.4786819, 54.2932958 ], [ 50.4788102, 54.2933295 ], [ 50.4787233, 54.2934422 ], [ 50.4785437, 54.293395 ], [ 50.4786005, 54.2933214 ], [ 50.4786518, 54.2933349 ] ] ] } },
{ "type": "Feature", "properties": { "id": "2fdc007a-ef59-4b16-bd40-e81f9471b2f7", "source_type": "ml", "subtype": null, "class": null }, "geometry": { "type": "Polygon", "coordinates": [ [ [ 50.4789738, 54.2936292 ], [ 50.4787897, 54.2935633 ], [ 50.4789487, 54.2934119 ], [ 50.4790482, 54.2934474 ], [ 50.4790304, 54.2934643 ], [ 50.4791151, 54.2934946 ], [ 50.4789738, 54.2936292 ] ] ] } },
{ "type": "Feature", "properties": { "id": "e7c49398-ba62-4fca-849d-518eb7e729fe", "source_type": "ml", "subtype": null, "class": null }, "geometry": { "type": "Polygon", "coordinates": [ [ [ 50.4784344, 54.2938759 ], [ 50.4786036, 54.293728 ], [ 50.4787747, 54.2937947 ], [ 50.4786322, 54.2939192 ], [ 50.4785592, 54.2938908 ], [ 50.4785324, 54.2939141 ], [ 50.4784344, 54.2938759 ] ] ] } },
{ "type": "Feature", "properties": { "id": "c96bc43d-463c-423b-8a13-8db2c8b6f8f0", "source_type": "ml", "subtype": null, "class": null }, "geometry": { "type": "Polygon", "coordinates": [ [ [ 50.4789822, 54.2941876 ], [ 50.4790267, 54.2941485 ], [ 50.4791477, 54.2941954 ], [ 50.4791032, 54.2942345 ], [ 50.4789822, 54.2941876 ] ] ] } },
{ "type": "Feature", "properties": { "id": "fa670748-de67-40ed-a8de-9af6717deb69", "source_type": "ml", "subtype": null, "class": null }, "geometry": { "type": "Polygon", "coordinates": [ [ [ 50.479059, 54.2944255 ], [ 50.4790225, 54.2944141 ], [ 50.4790903, 54.2943397 ], [ 50.4791269, 54.294351 ], [ 50.479059, 54.2944255 ] ] ] } },
{ "type": "Feature", "properties": { "id": "dc73c383-cbed-4669-90f1-e54f9939b06b", "source_type": "ml", "subtype": null, "class": null }, "geometry": { "type": "Polygon", "coordinates": [ [ [ 50.4789723, 54.2943904 ], [ 50.4788976, 54.2943635 ], [ 50.478942, 54.2943215 ], [ 50.4790167, 54.2943485 ], [ 50.4789723, 54.2943904 ] ] ] } },
{ "type": "Feature", "properties": { "id": "9df425b9-8df6-4db1-ab06-5d263f8744d1", "source_type": "ml", "subtype": null, "class": null }, "geometry": { "type": "Polygon", "coordinates": [ [ [ 50.4787165, 54.2945001 ], [ 50.4788172, 54.2944078 ], [ 50.4789462, 54.2944558 ], [ 50.478913, 54.2944863 ], [ 50.4790017, 54.2945192 ], [ 50.4789325, 54.2945826 ], [ 50.4788743, 54.2945609 ], [ 50.4788612, 54.2945729 ], [ 50.4787648, 54.2945371 ], [ 50.4787796, 54.2945235 ], [ 50.4787165, 54.2945001 ] ] ] } },
{ "type": "Feature", "properties": { "id": "e57b0b54-b670-4be6-8f9c-f3e20ebacdc0", "source_type": "ml", "subtype": null, "class": null }, "geometry": { "type": "Polygon", "coordinates": [ [ [ 50.478924, 54.2946198 ], [ 50.4788505, 54.2945965 ], [ 50.4788753, 54.2945699 ], [ 50.4789487, 54.2945932 ], [ 50.478924, 54.2946198 ] ] ] } },
{ "type": "Feature", "properties": { "id": "0aa72942-dfbe-43c4-a34a-4e42708dec13", "source_type": "ml", "subtype": null, "class": null }, "geometry": { "type": "Polygon", "coordinates": [ [ [ 50.479191, 54.2946745 ], [ 50.4789379, 54.2946183 ], [ 50.4789584, 54.2945868 ], [ 50.4792115, 54.294643 ], [ 50.479191, 54.2946745 ] ] ] } },
{ "type": "Feature", "properties": { "id": "6f7a6a68-21b7-4467-bb53-d065d0e2a9ab", "source_type": "ml", "subtype": null, "class": null }, "geometry": { "type": "Polygon", "coordinates": [ [ [ 50.4786832, 54.2945562 ], [ 50.4785962, 54.2945211 ], [ 50.4786427, 54.2944819 ], [ 50.4787296, 54.2945171 ], [ 50.4786832, 54.2945562 ] ] ] } },
{ "type": "Feature", "properties": { "id": "2ad50327-3466-45a2-adba-ad37532384b7", "source_type": "ml", "subtype": null, "class": null }, "geometry": { "type": "Polygon", "coordinates": [ [ [ 50.4777796, 54.2954528 ], [ 50.4777034, 54.2954238 ], [ 50.4777368, 54.295394 ], [ 50.477813, 54.295423 ], [ 50.4777796, 54.2954528 ] ] ] } },
{ "type": "Feature", "properties": { "id": "ab0ccf0b-f2fc-4221-a97a-b0a92c6f285d", "source_type": "ml", "subtype": null, "class": null }, "geometry": { "type": "Polygon", "coordinates": [ [ [ 50.4778045, 54.2953565 ], [ 50.4779028, 54.295387 ], [ 50.4778628, 54.2954309 ], [ 50.4777645, 54.2954004 ], [ 50.4778045, 54.2953565 ] ] ] } },
{ "type": "Feature", "properties": { "id": "9dcd0380-80b1-4ba5-994c-276cc7852ed6", "source_type": "ml", "subtype": null, "class": null }, "geometry": { "type": "Polygon", "coordinates": [ [ [ 50.4778026, 54.295329 ], [ 50.4778703, 54.2952702 ], [ 50.4780032, 54.2953223 ], [ 50.4779217, 54.2953931 ], [ 50.4777888, 54.295341 ], [ 50.4778026, 54.295329 ] ] ] } },
{ "type": "Feature", "properties": { "id": "6e981670-e4e9-4026-a6b0-5b280a289dc4", "source_type": "ml", "subtype": null, "class": null }, "geometry": { "type": "Polygon", "coordinates": [ [ [ 50.4774877, 54.2961175 ], [ 50.4774372, 54.2961075 ], [ 50.477473, 54.2960457 ], [ 50.4773694, 54.2960253 ], [ 50.4773926, 54.2959852 ], [ 50.4775058, 54.2960075 ], [ 50.4774899, 54.2960349 ], [ 50.4775308, 54.296043 ], [ 50.4774877, 54.2961175 ] ] ] } },
{ "type": "Feature", "properties": { "id": "a1807b5f-eee5-41c7-8931-1feb3603af34", "source_type": "ml", "subtype": null, "class": null }, "geometry": { "type": "Polygon", "coordinates": [ [ [ 50.4770947, 54.2961448 ], [ 50.4768552, 54.2960601 ], [ 50.4769277, 54.2959902 ], [ 50.4771673, 54.296075 ], [ 50.4770947, 54.2961448 ] ] ] } },
{ "type": "Feature", "properties": { "id": "2a287314-f88f-42df-9f08-e5a23a07e0db", "source_type": "ml", "subtype": null, "class": null }, "geometry": { "type": "Polygon", "coordinates": [ [ [ 50.4773721, 54.2959662 ], [ 50.4772548, 54.2959411 ], [ 50.4772709, 54.2959156 ], [ 50.4773881, 54.2959407 ], [ 50.4773721, 54.2959662 ] ] ] } },
{ "type": "Feature", "properties": { "id": "5488d434-ecbc-4ca9-b03d-e069a30a42a5", "source_type": "ml", "subtype": null, "class": null }, "geometry": { "type": "Polygon", "coordinates": [ [ [ 50.4770385, 54.2953621 ], [ 50.4769441, 54.2953278 ], [ 50.4769817, 54.2952926 ], [ 50.4770143, 54.2953045 ], [ 50.477382, 54.2949602 ], [ 50.4774437, 54.2949826 ], [ 50.4770385, 54.2953621 ] ] ] } },
{ "type": "Feature", "properties": { "id": "56cc8595-dea3-4a46-99b4-bea3b14b3919", "source_type": "ml", "subtype": null, "class": null }, "geometry": { "type": "Polygon", "coordinates": [ [ [ 50.4771389, 54.2950522 ], [ 50.4771591, 54.2950252 ], [ 50.4772031, 54.2950365 ], [ 50.4771829, 54.2950634 ], [ 50.4771389, 54.2950522 ] ] ] } },
{ "type": "Feature", "properties": { "id": "429fae29-24ff-4ab0-aa0d-ed4dd64128be", "source_type": "ml", "subtype": null, "class": null }, "geometry": { "type": "Polygon", "coordinates": [ [ [ 50.4762438, 54.2950537 ], [ 50.4760608, 54.29499 ], [ 50.4761127, 54.2949392 ], [ 50.4762957, 54.2950028 ], [ 50.4762438, 54.2950537 ] ] ] } },
{ "type": "Feature", "properties": { "id": "96160e35-54e6-4887-8ed3-f437725b7e43", "source_type": "ml", "subtype": null, "class": null }, "geometry": { "type": "Polygon", "coordinates": [ [ [ 50.4762656, 54.2950491 ], [ 50.4762887, 54.2950047 ], [ 50.4763563, 54.2950166 ], [ 50.4763333, 54.2950611 ], [ 50.4762656, 54.2950491 ] ] ] } },
{ "type": "Feature", "properties": { "id": "68dfac38-e49a-491e-b08f-087a349d70da", "source_type": "ml", "subtype": null, "class": null }, "geometry": { "type": "Polygon", "coordinates": [ [ [ 50.4766336, 54.2956858 ], [ 50.4765652, 54.2956602 ], [ 50.4766632, 54.295571 ], [ 50.4767316, 54.2955965 ], [ 50.4766336, 54.2956858 ] ] ] } },
{ "type": "Feature", "properties": { "id": "fc5219ba-e353-422a-813a-4559fc5cbedf", "source_type": "ml", "subtype": null, "class": null }, "geometry": { "type": "Polygon", "coordinates": [ [ [ 50.4760072, 54.2953314 ], [ 50.4760506, 54.2952909 ], [ 50.4760872, 54.2953043 ], [ 50.4760438, 54.2953448 ], [ 50.4760072, 54.2953314 ] ] ] } },
{ "type": "Feature", "properties": { "id": "00855e78-f59d-43f0-a990-3202e75e567f", "source_type": "ml", "subtype": null, "class": null }, "geometry": { "type": "Polygon", "coordinates": [ [ [ 50.4755229, 54.2951802 ], [ 50.4756484, 54.2950699 ], [ 50.4760547, 54.2952273 ], [ 50.4759292, 54.2953376 ], [ 50.4755229, 54.2951802 ] ] ] } },
{ "type": "Feature", "properties": { "id": "9cded815-b526-4379-80d8-1f00fdebf08a", "source_type": "ml", "subtype": null, "class": null }, "geometry": { "type": "Polygon", "coordinates": [ [ [ 50.4754497, 54.2946328 ], [ 50.4754768, 54.2946555 ], [ 50.475409, 54.2946831 ], [ 50.4753819, 54.2946604 ], [ 50.4754497, 54.2946328 ] ] ] } },
{ "type": "Feature", "properties": { "id": "4e4a80dc-3a1f-47d1-957f-ff67e94c1135", "source_type": "ml", "subtype": null, "class": null }, "geometry": { "type": "Polygon", "coordinates": [ [ [ 50.4759084, 54.2940373 ], [ 50.4758415, 54.294011 ], [ 50.475923, 54.2939406 ], [ 50.4759898, 54.2939669 ], [ 50.4759084, 54.2940373 ] ] ] } },
{ "type": "Feature", "properties": { "id": "2a9af637-dee0-4549-8073-a91e1d105976", "source_type": "ml", "subtype": null, "class": null }, "geometry": { "type": "Polygon", "coordinates": [ [ [ 50.4752102, 54.2942312 ], [ 50.4752442, 54.2942031 ], [ 50.4753557, 54.2942491 ], [ 50.4753217, 54.2942772 ], [ 50.4752102, 54.2942312 ] ] ] } },
{ "type": "Feature", "properties": { "id": "60de5a01-1d4a-4054-8be2-d1f9f006d16d", "source_type": "ml", "subtype": null, "class": null }, "geometry": { "type": "Polygon", "coordinates": [ [ [ 50.47459, 54.2972285 ], [ 50.4744904, 54.2972089 ], [ 50.4745225, 54.2971535 ], [ 50.4746221, 54.2971731 ], [ 50.47459, 54.2972285 ] ] ] } },
{ "type": "Feature", "properties": { "id": "d656c614-304a-4535-bf3a-12413d11bd6f", "source_type": "ml", "subtype": null, "class": null }, "geometry": { "type": "Polygon", "coordinates": [ [ [ 50.4733038, 54.2995549 ], [ 50.4732011, 54.2995157 ], [ 50.4733649, 54.2993698 ], [ 50.4734676, 54.2994091 ], [ 50.4733038, 54.2995549 ] ] ] } },
{ "type": "Feature", "properties": { "id": "7094668f-549a-408a-a351-ac373d4ccd9c", "source_type": "ml", "subtype": null, "class": null }, "geometry": { "type": "Polygon", "coordinates": [ [ [ 50.4737744, 54.299214 ], [ 50.4735658, 54.2991295 ], [ 50.4737479, 54.2989764 ], [ 50.4739565, 54.2990609 ], [ 50.4737744, 54.299214 ] ] ] } },
{ "type": "Feature", "properties": { "id": "5ab2aa04-238b-4233-ac87-870d04a5c554", "source_type": "ml", "subtype": null, "class": null }, "geometry": { "type": "Polygon", "coordinates": [ [ [ 50.4737492, 54.2988598 ], [ 50.4737867, 54.298831 ], [ 50.4738564, 54.2988619 ], [ 50.473819, 54.2988907 ], [ 50.4737492, 54.2988598 ] ] ] } },
{ "type": "Feature", "properties": { "id": "b7b8fc12-2e03-47c6-be01-f967da453cd4", "source_type": "ml", "subtype": null, "class": null }, "geometry": { "type": "Polygon", "coordinates": [ [ [ 50.4739231, 54.298822 ], [ 50.4740325, 54.2987348 ], [ 50.4742195, 54.2988147 ], [ 50.4741464, 54.298873 ], [ 50.4740761, 54.2988429 ], [ 50.4740398, 54.2988718 ], [ 50.4739231, 54.298822 ] ] ] } },
{ "type": "Feature", "properties": { "id": "bf17bc75-5ff5-46fe-8a8c-81dad4167aeb", "source_type": "ml", "subtype": null, "class": null }, "geometry": { "type": "Polygon", "coordinates": [ [ [ 50.4742, 54.2990054 ], [ 50.4741757, 54.2990637 ], [ 50.4741023, 54.2990533 ], [ 50.4741266, 54.298995 ], [ 50.4742, 54.2990054 ] ] ] } },
{ "type": "Feature", "properties": { "id": "b8b94d31-6675-47a0-bd7f-a3133d1c084a", "source_type": "ml", "subtype": null, "class": null }, "geometry": { "type": "Polygon", "coordinates": [ [ [ 50.474216, 54.299115 ], [ 50.4741644, 54.2990985 ], [ 50.4742242, 54.2990346 ], [ 50.4742758, 54.2990511 ], [ 50.474216, 54.299115 ] ] ] } },
{ "type": "Feature", "properties": { "id": "e4c35d1d-a959-4bc0-aed0-a7bcdb6d0242", "source_type": "ml", "subtype": null, "class": null }, "geometry": { "type": "Polygon", "coordinates": [ [ [ 50.474284, 54.298926 ], [ 50.4743059, 54.2988727 ], [ 50.474378, 54.2988828 ], [ 50.4743561, 54.2989361 ], [ 50.474284, 54.298926 ] ] ] } },
{ "type": "Feature", "properties": { "id": "3387ee0e-ff97-4a9d-8fae-9c7657602fc3", "source_type": "ml", "subtype": null, "class": null }, "geometry": { "type": "Polygon", "coordinates": [ [ [ 50.4744772, 54.2986085 ], [ 50.4743652, 54.2985673 ], [ 50.4744204, 54.2985163 ], [ 50.4745324, 54.2985576 ], [ 50.4744772, 54.2986085 ] ] ] } },
{ "type": "Feature", "properties": { "id": "ed5097c0-d258-477e-89d3-ae57a5fe24a2", "source_type": "ml", "subtype": null, "class": null }, "geometry": { "type": "Polygon", "coordinates": [ [ [ 50.4743355, 54.298361 ], [ 50.4744152, 54.2982996 ], [ 50.4746031, 54.2983826 ], [ 50.4745234, 54.298444 ], [ 50.4743355, 54.298361 ] ] ] } },
{ "type": "Feature", "properties": { "id": "a224b74d-1d36-4bc3-b9ff-84b162abe1b9", "source_type": "ml", "subtype": null, "class": null }, "geometry": { "type": "Polygon", "coordinates": [ [ [ 50.4742584, 54.2986036 ], [ 50.4741043, 54.2985364 ], [ 50.4741669, 54.298486 ], [ 50.4743313, 54.2985532 ], [ 50.4742584, 54.2986036 ] ] ] } },
{ "type": "Feature", "properties": { "id": "c3ec8035-0dba-402e-8748-f334e050c30e", "source_type": "ml", "subtype": null, "class": null }, "geometry": { "type": "Polygon", "coordinates": [ [ [ 50.4739792, 54.2986343 ], [ 50.474063, 54.298657 ], [ 50.4740364, 54.2986905 ], [ 50.4739526, 54.2986677 ], [ 50.4739792, 54.2986343 ] ] ] } },
{ "type": "Feature", "properties": { "id": "02aa6ff5-564d-4855-b122-b148f8f35b94", "source_type": "ml", "subtype": null, "class": null }, "geometry": { "type": "Polygon", "coordinates": [ [ [ 50.4741722, 54.2983241 ], [ 50.4742213, 54.2983386 ], [ 50.4741931, 54.298371 ], [ 50.4741441, 54.2983565 ], [ 50.4741722, 54.2983241 ] ] ] } },
{ "type": "Feature", "properties": { "id": "d0a9fa36-fc4a-45f7-a202-27f516191e71", "source_type": "ml", "subtype": null, "class": null }, "geometry": { "type": "Polygon", "coordinates": [ [ [ 50.4750612, 54.2980647 ], [ 50.4747977, 54.2979511 ], [ 50.4749764, 54.2978099 ], [ 50.4751889, 54.2979015 ], [ 50.4751103, 54.2979636 ], [ 50.4751613, 54.2979856 ], [ 50.4750612, 54.2980647 ] ] ] } },
{ "type": "Feature", "properties": { "id": "d6d558f6-6812-4aad-9f7e-69e41461a335", "source_type": "ml", "subtype": null, "class": null }, "geometry": { "type": "Polygon", "coordinates": [ [ [ 50.4752199, 54.298051 ], [ 50.4752803, 54.2980726 ], [ 50.4752218, 54.2981283 ], [ 50.4751613, 54.2981067 ], [ 50.4752199, 54.298051 ] ] ] } },
{ "type": "Feature", "properties": { "id": "a73eb7ac-d471-4b44-b995-03e3b4155319", "source_type": "ml", "subtype": null, "class": null }, "geometry": { "type": "Polygon", "coordinates": [ [ [ 50.4757403, 54.2976369 ], [ 50.4757738, 54.2976109 ], [ 50.4758165, 54.2976297 ], [ 50.475783, 54.2976557 ], [ 50.4757403, 54.2976369 ] ] ] } },
{ "type": "Feature", "properties": { "id": "ddcb3be4-25aa-409a-bce8-af4ef9d6e6df", "source_type": "ml", "subtype": null, "class": null }, "geometry": { "type": "Polygon", "coordinates": [ [ [ 50.4759927, 54.2971409 ], [ 50.4760385, 54.2971575 ], [ 50.4760073, 54.2971869 ], [ 50.4759615, 54.2971704 ], [ 50.4759927, 54.2971409 ] ] ] } },
{ "type": "Feature", "properties": { "id": "a9d944df-7375-4f55-9079-6c2cd644c9e7", "source_type": "ml", "subtype": null, "class": null }, "geometry": { "type": "Polygon", "coordinates": [ [ [ 50.4759288, 54.2972289 ], [ 50.4760497, 54.297262 ], [ 50.4760146, 54.2973056 ], [ 50.4758937, 54.2972725 ], [ 50.4759288, 54.2972289 ] ] ] } },
{ "type": "Feature", "properties": { "id": "72dd3747-aa9c-4dfb-83fb-8b9035c48bd7", "source_type": "ml", "subtype": null, "class": null }, "geometry": { "type": "Polygon", "coordinates": [ [ [ 50.4756168, 54.2972342 ], [ 50.4756852, 54.2971721 ], [ 50.47588, 54.2972453 ], [ 50.4758115, 54.2973073 ], [ 50.4756168, 54.2972342 ] ] ] } },
{ "type": "Feature", "properties": { "id": "44c07fce-ce66-41c9-a0f2-26342fe325c0", "source_type": "ml", "subtype": null, "class": null }, "geometry": { "type": "Polygon", "coordinates": [ [ [ 50.47553, 54.2974588 ], [ 50.4754863, 54.2974457 ], [ 50.4755115, 54.2974173 ], [ 50.4755552, 54.2974304 ], [ 50.47553, 54.2974588 ] ] ] } },
{ "type": "Feature", "properties": { "id": "c36f1430-bd56-4cbd-8b29-fec710703ee0", "source_type": "ml", "subtype": null, "class": null }, "geometry": { "type": "Polygon", "coordinates": [ [ [ 50.475226, 54.2975955 ], [ 50.4752903, 54.2975426 ], [ 50.4755604, 54.2976543 ], [ 50.4754961, 54.2977073 ], [ 50.475226, 54.2975955 ] ] ] } },
{ "type": "Feature", "properties": { "id": "65ea492c-103c-4c28-9004-ac4c381ca743", "source_type": "ml", "subtype": null, "class": null }, "geometry": { "type": "Polygon", "coordinates": [ [ [ 50.4756741, 54.2975974 ], [ 50.4756387, 54.2975822 ], [ 50.4756862, 54.2975447 ], [ 50.4757215, 54.29756 ], [ 50.4756741, 54.2975974 ] ] ] } },
{ "type": "Feature", "properties": { "id": "93b0903d-054c-4180-8be4-a0e34628b323", "source_type": "ml", "subtype": null, "class": null }, "geometry": { "type": "Polygon", "coordinates": [ [ [ 50.4754484, 54.297785 ], [ 50.4755237, 54.2978191 ], [ 50.4754542, 54.2978713 ], [ 50.4753789, 54.2978372 ], [ 50.4754484, 54.297785 ] ] ] } },
{ "type": "Feature", "properties": { "id": "18c19b67-bd45-40c9-a607-44256cc7c440", "source_type": "ml", "subtype": null, "class": null }, "geometry": { "type": "Polygon", "coordinates": [ [ [ 50.4746493, 54.2972827 ], [ 50.4747571, 54.2971897 ], [ 50.4749375, 54.2972609 ], [ 50.4748297, 54.2973539 ], [ 50.4746493, 54.2972827 ] ] ] } },
{ "type": "Feature", "properties": { "id": "84f36f05-0d08-4a22-a13d-94eea9a3a0cf", "source_type": "ml", "subtype": null, "class": null }, "geometry": { "type": "Polygon", "coordinates": [ [ [ 50.4750151, 54.2971167 ], [ 50.4751527, 54.2971465 ], [ 50.4751308, 54.2971809 ], [ 50.4749932, 54.2971511 ], [ 50.4750151, 54.2971167 ] ] ] } },
{ "type": "Feature", "properties": { "id": "e572de87-a7b4-4f53-bbfa-9d1ccfe41a0f", "source_type": "ml", "subtype": null, "class": null }, "geometry": { "type": "Polygon", "coordinates": [ [ [ 50.4753015, 54.2968873 ], [ 50.4752214, 54.2968563 ], [ 50.4752485, 54.2968324 ], [ 50.4753287, 54.2968634 ], [ 50.4753015, 54.2968873 ] ] ] } },
{ "type": "Feature", "properties": { "id": "f3a758ae-964f-49e8-9eed-4583c8721525", "source_type": "ml", "subtype": null, "class": null }, "geometry": { "type": "Polygon", "coordinates": [ [ [ 50.4751204, 54.2970945 ], [ 50.474987, 54.2970445 ], [ 50.4750991, 54.2969427 ], [ 50.4752325, 54.2969928 ], [ 50.4751204, 54.2970945 ] ] ] } },
{ "type": "Feature", "properties": { "id": "a7a87693-9c93-4f53-82cc-31f70c8ba79a", "source_type": "ml", "subtype": null, "class": null }, "geometry": { "type": "Polygon", "coordinates": [ [ [ 50.4749091, 54.2970636 ], [ 50.4749736, 54.2970817 ], [ 50.4749432, 54.2971185 ], [ 50.4748787, 54.2971004 ], [ 50.4749091, 54.2970636 ] ] ] } },
{ "type": "Feature", "properties": { "id": "c75cd966-3e39-413f-b4b8-0bc43dd5fb07", "source_type": "ml", "subtype": null, "class": null }, "geometry": { "type": "Polygon", "coordinates": [ [ [ 50.4745767, 54.297013 ], [ 50.4746319, 54.2969585 ], [ 50.474802, 54.2970173 ], [ 50.4747467, 54.2970718 ], [ 50.4745767, 54.297013 ] ] ] } },
{ "type": "Feature", "properties": { "id": "e453c8ed-1c07-4094-9629-074e867a9e89", "source_type": "ml", "subtype": null, "class": null }, "geometry": { "type": "Polygon", "coordinates": [ [ [ 50.4748429, 54.2969281 ], [ 50.4747229, 54.2968846 ], [ 50.4747915, 54.2968203 ], [ 50.4749115, 54.2968638 ], [ 50.4748429, 54.2969281 ] ] ] } },
{ "type": "Feature", "properties": { "id": "ba351b94-4d35-492b-a5f6-e09655a53b88", "source_type": "ml", "subtype": null, "class": null }, "geometry": { "type": "Polygon", "coordinates": [ [ [ 50.4749432, 54.296755 ], [ 50.47497, 54.2967281 ], [ 50.4750221, 54.2967458 ], [ 50.4749953, 54.2967727 ], [ 50.4749432, 54.296755 ] ] ] } },
{ "type": "Feature", "properties": { "id": "47d79346-2ffa-4446-8c15-a2666d83e952", "source_type": "ml", "subtype": null, "class": null }, "geometry": { "type": "Polygon", "coordinates": [ [ [ 50.4754009, 54.2968513 ], [ 50.475482, 54.2968768 ], [ 50.4754586, 54.2969023 ], [ 50.4753774, 54.2968768 ], [ 50.4754009, 54.2968513 ] ] ] } },
{ "type": "Feature", "properties": { "id": "af5d54f2-aff3-41fd-ae6a-5b48bdef2276", "source_type": "ml", "subtype": null, "class": null }, "geometry": { "type": "Polygon", "coordinates": [ [ [ 50.4758378, 54.2970452 ], [ 50.475894, 54.2969938 ], [ 50.4760586, 54.2970551 ], [ 50.4760024, 54.2971065 ], [ 50.4758378, 54.2970452 ] ] ] } },
{ "type": "Feature", "properties": { "id": "be4581a9-8e62-4717-935c-b3c596d391b9", "source_type": "ml", "subtype": null, "class": null }, "geometry": { "type": "Polygon", "coordinates": [ [ [ 50.4760462, 54.297155 ], [ 50.4760056, 54.2971431 ], [ 50.4760482, 54.2970938 ], [ 50.4760888, 54.2971057 ], [ 50.4760462, 54.297155 ] ] ] } },
{ "type": "Feature", "properties": { "id": "f3a991f5-5893-4dc7-b74e-baf96983d5fc", "source_type": "ml", "subtype": null, "class": null }, "geometry": { "type": "Polygon", "coordinates": [ [ [ 50.4758842, 54.2969206 ], [ 50.475942, 54.2968727 ], [ 50.4761069, 54.2969407 ], [ 50.4760491, 54.2969885 ], [ 50.4758842, 54.2969206 ] ] ] } },
{ "type": "Feature", "properties": { "id": "a234110e-66ea-42ea-817e-837314bf9237", "source_type": "ml", "subtype": null, "class": null }, "geometry": { "type": "Polygon", "coordinates": [ [ [ 50.4766784, 54.2964646 ], [ 50.4765277, 54.2964123 ], [ 50.4765823, 54.2963587 ], [ 50.4766426, 54.2963797 ], [ 50.4766644, 54.2963582 ], [ 50.4767548, 54.2963896 ], [ 50.4766784, 54.2964646 ] ] ] } },
{ "type": "Feature", "properties": { "id": "e358145f-cdcf-4ff0-a35a-78473c8f1827", "source_type": "ml", "subtype": null, "class": null }, "geometry": { "type": "Polygon", "coordinates": [ [ [ 50.4763105, 54.297091 ], [ 50.4764061, 54.2969905 ], [ 50.4765222, 54.2970281 ], [ 50.4764266, 54.2971286 ], [ 50.4763105, 54.297091 ] ] ] } },
{ "type": "Feature", "properties": { "id": "55741d81-58f2-4055-a126-53e3782d7269", "source_type": "ml", "subtype": null, "class": null }, "geometry": { "type": "Polygon", "coordinates": [ [ [ 50.4761748, 54.2969839 ], [ 50.476205, 54.2969533 ], [ 50.4762929, 54.2969828 ], [ 50.4762628, 54.2970134 ], [ 50.4761748, 54.2969839 ] ] ] } },
{ "type": "Feature", "properties": { "id": "78447227-7dbd-4f59-b029-4a7ed3a3d5d2", "source_type": "ml", "subtype": null, "class": null }, "geometry": { "type": "Polygon", "coordinates": [ [ [ 50.4761547, 54.2971109 ], [ 50.4762291, 54.2971332 ], [ 50.476179, 54.2971902 ], [ 50.4761046, 54.297168 ], [ 50.4761547, 54.2971109 ] ] ] } },
{ "type": "Feature", "properties": { "id": "62a77b2e-0dea-403c-a1f5-862fe7a251d4", "source_type": "ml", "subtype": null, "class": null }, "geometry": { "type": "Polygon", "coordinates": [ [ [ 50.4720961, 54.3010539 ], [ 50.4721176, 54.3010281 ], [ 50.4721892, 54.3010484 ], [ 50.4721677, 54.3010742 ], [ 50.4720961, 54.3010539 ] ] ] } },
{ "type": "Feature", "properties": { "id": "595b19cc-e0d0-4116-a27b-d9d52ebfbdd1", "source_type": "ml", "subtype": null, "class": null }, "geometry": { "type": "Polygon", "coordinates": [ [ [ 50.4710087, 54.3014485 ], [ 50.4709169, 54.301413 ], [ 50.4710325, 54.3013113 ], [ 50.4711243, 54.3013469 ], [ 50.4710087, 54.3014485 ] ] ] } },
{ "type": "Feature", "properties": { "id": "c151d392-9edf-4504-b7eb-27724cb7e80b", "source_type": "ml", "subtype": null, "class": null }, "geometry": { "type": "Polygon", "coordinates": [ [ [ 50.4716601, 54.3011496 ], [ 50.4714951, 54.3010952 ], [ 50.4715562, 54.301032 ], [ 50.4717213, 54.3010863 ], [ 50.4716601, 54.3011496 ] ] ] } },
{ "type": "Feature", "properties": { "id": "19af2d50-de43-46f6-8bab-af8982ac7e61", "source_type": "ml", "subtype": null, "class": null }, "geometry": { "type": "Polygon", "coordinates": [ [ [ 50.471602, 54.3007961 ], [ 50.47167, 54.3007363 ], [ 50.4718531, 54.3008072 ], [ 50.4717851, 54.300867 ], [ 50.471602, 54.3007961 ] ] ] } },
{ "type": "Feature", "properties": { "id": "3cfa40e1-b9df-42e2-ad1b-d85a1fc08b40", "source_type": "ml", "subtype": null, "class": null }, "geometry": { "type": "Polygon", "coordinates": [ [ [ 50.4721425, 54.3007236 ], [ 50.4721786, 54.3007009 ], [ 50.4722147, 54.3007204 ], [ 50.4721786, 54.3007431 ], [ 50.4721425, 54.3007236 ] ] ] } },
{ "type": "Feature", "properties": { "id": "4b685de5-a43d-449c-99dc-e9eedffa1af7", "source_type": "ml", "subtype": null, "class": null }, "geometry": { "type": "Polygon", "coordinates": [ [ [ 50.4728811, 54.3001408 ], [ 50.4729421, 54.3000555 ], [ 50.4730552, 54.300083 ], [ 50.4729942, 54.3001684 ], [ 50.4728811, 54.3001408 ] ] ] } },
{ "type": "Feature", "properties": { "id": "84fda389-470a-4a3a-845a-8720834bf651", "source_type": "ml", "subtype": null, "class": null }, "geometry": { "type": "Polygon", "coordinates": [ [ [ 50.4726332, 54.3000937 ], [ 50.4725059, 54.3000497 ], [ 50.4725798, 54.2999769 ], [ 50.4727071, 54.3000208 ], [ 50.4726332, 54.3000937 ] ] ] } },
{ "type": "Feature", "properties": { "id": "86d89fc2-3e9c-4ece-aec8-712f9c3b18d9", "source_type": "ml", "subtype": null, "class": null }, "geometry": { "type": "Polygon", "coordinates": [ [ [ 50.4729421, 54.2998481 ], [ 50.472805, 54.2997971 ], [ 50.4728779, 54.2997304 ], [ 50.4729358, 54.299752 ], [ 50.4729601, 54.2997297 ], [ 50.4730393, 54.2997592 ], [ 50.4729421, 54.2998481 ] ] ] } },
{ "type": "Feature", "properties": { "id": "88fc88b1-a7ab-4fc1-b97d-7d0262c05a32", "source_type": "ml", "subtype": null, "class": null }, "geometry": { "type": "Polygon", "coordinates": [ [ [ 50.4678429, 54.3016354 ], [ 50.467887, 54.3016433 ], [ 50.4678644, 54.3016862 ], [ 50.4678203, 54.3016783 ], [ 50.4678429, 54.3016354 ] ] ] } },
{ "type": "Feature", "properties": { "id": "68f023b7-87a1-4f16-922a-985575bc6359", "source_type": "ml", "subtype": null, "class": null }, "geometry": { "type": "Polygon", "coordinates": [ [ [ 50.4672954, 54.3015421 ], [ 50.4673827, 54.301553 ], [ 50.4673269, 54.3017057 ], [ 50.4671484, 54.3016835 ], [ 50.467158, 54.3016574 ], [ 50.4672492, 54.3016687 ], [ 50.4672954, 54.3015421 ] ] ] } },
{ "type": "Feature", "properties": { "id": "b47c5b3f-5a2f-4eed-9868-8d7904f14336", "source_type": "ml", "subtype": null, "class": null }, "geometry": { "type": "Polygon", "coordinates": [ [ [ 50.4688846, 54.3039753 ], [ 50.4689005, 54.3039543 ], [ 50.4689566, 54.3039688 ], [ 50.4689407, 54.3039898 ], [ 50.4688846, 54.3039753 ] ] ] } },
{ "type": "Feature", "properties": { "id": "e9914152-315c-4ce9-b4d4-2ecb5b0903d5", "source_type": "ml", "subtype": null, "class": null }, "geometry": { "type": "Polygon", "coordinates": [ [ [ 50.4774917, 54.3067036 ], [ 50.4775061, 54.3066826 ], [ 50.4775639, 54.3066961 ], [ 50.4775496, 54.306717 ], [ 50.4774917, 54.3067036 ] ] ] } },
{ "type": "Feature", "properties": { "id": "f3820156-1039-44fa-992e-3c488fe9ec50", "source_type": "ml", "subtype": null, "class": null }, "geometry": { "type": "Polygon", "coordinates": [ [ [ 50.4790089, 54.3073489 ], [ 50.4789065, 54.3073119 ], [ 50.4790139, 54.3072107 ], [ 50.4791164, 54.3072477 ], [ 50.4790089, 54.3073489 ] ] ] } },
{ "type": "Feature", "properties": { "id": "9f6a9b74-0ae6-4b6f-ac6e-d1f5ed5deccc", "source_type": "ml", "subtype": null, "class": null }, "geometry": { "type": "Polygon", "coordinates": [ [ [ 50.4620898, 54.3463806 ], [ 50.4621567, 54.3463886 ], [ 50.4621461, 54.3464186 ], [ 50.4620792, 54.3464106 ], [ 50.4620898, 54.3463806 ] ] ] } },
{ "type": "Feature", "properties": { "id": "c7cb6604-35f6-45ba-8798-e1070c57d077", "source_type": "ml", "subtype": null, "class": null }, "geometry": { "type": "Polygon", "coordinates": [ [ [ 50.4583434, 54.3463314 ], [ 50.4583595, 54.3462438 ], [ 50.4584081, 54.3462469 ], [ 50.458392, 54.3463345 ], [ 50.4583434, 54.3463314 ] ] ] } },
{ "type": "Feature", "properties": { "id": "2257be77-8035-47fe-8fe7-50f5183e6b1d", "source_type": "ml", "subtype": null, "class": null }, "geometry": { "type": "Polygon", "coordinates": [ [ [ 50.4582552, 54.34627 ], [ 50.4581845, 54.3462636 ], [ 50.458201, 54.346201 ], [ 50.4582717, 54.3462073 ], [ 50.4582552, 54.34627 ] ] ] } },
{ "type": "Feature", "properties": { "id": "dbac3229-fa78-44fc-bc66-c49a5cd1fac9", "source_type": "ml", "subtype": null, "class": null }, "geometry": { "type": "Polygon", "coordinates": [ [ [ 50.4579946, 54.3461006 ], [ 50.4581099, 54.3461131 ], [ 50.4580949, 54.34616 ], [ 50.4579796, 54.3461475 ], [ 50.4579946, 54.3461006 ] ] ] } }
]
}
